Cell_Type,TF_motif,Mean_in_class,Mean_other,Cohens_d,RankBiserial_AUC,p_value,n_in_class,FDR,Significant,Assoc_Strength
B cells,POU2F3,3.391728835335276,-0.3793167496948611,3.209730036358032,0.9704908924665309,0.0,818,0.0,True,3.209730036358032
B cells,POU5F1,3.2395269817559855,-0.3740795159065952,3.1112505589536092,0.9696164122640636,0.0,818,0.0,True,3.1112505589536092
B cells,POU5F1B,3.181683176137318,-0.3608925630954113,3.0266296703145654,0.9638821585801778,0.0,818,0.0,True,3.0266296703145654
B cells,POU2F2,3.009986605771225,-0.3463318831767484,2.9382461860189166,0.9583600859271851,0.0,818,0.0,True,2.9382461860189166
B cells,POU2F1,2.713399913352297,-0.30188199485055406,2.7633844393012086,0.954355475589063,0.0,818,0.0,True,2.7633844393012086
B cells,POU3F4,2.4414743960018646,-0.27153553909301786,2.429590653259225,0.9384491038417645,0.0,818,0.0,True,2.429590653259225
B cells,POU1F1,2.3505243255026333,-0.26155221294682385,2.4091410838792204,0.9320172896878179,0.0,818,0.0,True,2.4091410838792204
B cells,POU3F2,2.2759254043764825,-0.25494471086285575,2.341386754098635,0.9309068654054773,0.0,818,0.0,True,2.341386754098635
B cells,POU3F1,2.1957776713341928,-0.24218019182962489,2.300686583627142,0.928326351596233,0.0,818,0.0,True,2.300686583627142
B cells,POU3F3,1.794889082130982,-0.19703952376907197,1.97910409667672,0.9007484900498748,0.0,818,0.0,True,1.97910409667672
B cells,PAX9,1.7697583028026422,-0.20613186621696197,1.8840445896750457,0.8901501702047547,1.2664881694661054e-296,818,2.7549522223977754e-295,True,1.8840445896750457
B cells,SNAI1,2.5516519935951876,-0.3687300943388201,1.833219710600224,0.9199703437148729,0.0,818,0.0,True,1.833219710600224
B cells,NFKB2,2.0401498580705155,-0.200397068757841,1.7885234521409636,0.8847058257184259,1.8329153868198993e-288,818,3.822667863439852e-287,True,1.7885234521409636
B cells,SNAI3,2.37666621927098,-0.343646490056152,1.730525185710402,0.9072814887994785,0.0,818,0.0,True,1.730525185710402
B cells,SNAI2,2.3953113372302024,-0.33072668071822986,1.7049194341159086,0.9053339919530651,0.0,818,0.0,True,1.7049194341159086
B cells,FIGLA,1.9869500226135,-0.25790047861712523,1.6765522263735984,0.8962373434934933,6.965259698539121e-306,818,1.5921717932366826e-304,True,1.6765522263735984
B cells,PAX1,1.5526261843458742,-0.17017204273300413,1.6534361059159235,0.8643074711639234,6.608571142672699e-259,818,1.2321787485370388e-257,True,1.6534361059159235
B cells,EBF3,1.6825091146023736,-0.1603938796975545,1.6286154436948526,0.8679610016171138,4.4090692340785515e-264,818,8.414667038246142e-263,True,1.6286154436948526
B cells,NFKB1,1.7276138872502536,-0.1661172837673893,1.5747059059458497,0.8579800611154957,4.5902751057715215e-250,818,8.254334701311811e-249,True,1.5747059059458497
B cells,ASCL1(var.2),2.188675277293918,-0.370408140891687,1.5211421340309703,0.8868124583380093,1.315488132569261e-291,818,2.801297360197489e-290,True,1.5211421340309703
B cells,PAX6,1.378441756393928,-0.1571095876507133,1.4888049648065065,0.8434413678194965,2.465396352376487e-230,818,4.0060215428575365e-229,True,1.4888049648065065
B cells,MYOD1,1.8054638717993334,-0.2613935905913443,1.475482519891748,0.8691473143461973,8.967515784424434e-266,818,1.7195530267194911e-264,True,1.475482519891748
B cells,TCF4,2.2178747790991196,-0.3835031649016872,1.4379577863120696,0.8741211504627202,6.321708309788293e-273,818,1.2662193970991797e-271,True,1.4379577863120696
B cells,TCF12(var.2),2.24700058630667,-0.395245689752642,1.417610801615465,0.8712173058773532,9.724294810881196e-269,818,1.9007003287355227e-267,True,1.417610801615465
B cells,RELA,1.6926149198953293,-0.1504499406101391,1.3096760969610595,0.8101056428502658,3.5398830904095794e-188,818,4.475739682436612e-187,True,1.3096760969610595
B cells,STAT1::STAT2,2.056066699645308,-0.21512908394649097,1.2929037183823153,0.8393792662338418,5.734983722712095e-225,818,8.993699279881062e-224,True,1.2929037183823153
B cells,IRF9,1.6688497647373186,-0.19179560214881175,1.2717413694863122,0.8107555239123729,5.8634150444136095e-189,818,7.436795382350303e-188,True,1.2717413694863122
B cells,IRF1,1.8492475155265145,-0.19351008426675068,1.2496087509780798,0.8318673831762519,3.273122346799403e-215,818,4.941437692220293e-214,True,1.2496087509780798
B cells,IRF4,1.654906125854637,-0.18998739426890926,1.2460410095885568,0.8012588896799685,1.038103035356859e-177,818,1.2389866905763571e-176,True,1.2460410095885568
B cells,EBF1,1.2094257984847099,-0.11576715413043132,1.2207187930363725,0.79696574993423,9.702055516986442e-173,818,1.1345236017840217e-171,True,1.2207187930363725
B cells,NHLH2,1.1946748356861634,-0.1946269728317896,1.1744494441812354,0.813392915729176,3.824370124012998e-192,818,4.9753702642304146e-191,True,1.1744494441812354
B cells,ZEB1,1.7992876285102417,-0.34459537747584945,1.1732559522307542,0.8230180237360665,5.356987999161777e-204,818,7.525824112711302e-203,True,1.1732559522307542
B cells,IRF3,1.4354807671564407,-0.1622452915833559,1.1696222696135155,0.8032499265645131,4.862394441526823e-180,818,5.925677081451062e-179,True,1.1696222696135155
B cells,IRF8,1.581705334151139,-0.17791458144977595,1.1694684291527777,0.7889297000091373,1.2582859727816903e-163,818,1.3722439476751264e-162,True,1.1694684291527777
B cells,ASCL1,1.1866218898572989,-0.18301237982385943,1.16817159271269,0.8177987383200781,1.5887072579851796e-197,818,2.1426365219360123e-196,True,1.16817159271269
B cells,IRF2,1.335324266124214,-0.16557673584175672,1.1628703741785331,0.7904187999752251,2.6912476517747104e-165,818,2.9750786882733548e-164,True,1.1628703741785331
B cells,NHLH1,1.1768934759821652,-0.18313534545997462,1.1374096952468247,0.8136552291279175,1.837614363693013e-192,818,2.3983831340328812e-191,True,1.1374096952468247
B cells,MEF2D,1.3076023946714053,-0.13624744793282728,1.1302573034445955,0.8017177464902743,3.0252664927865134e-178,818,3.6321152017252917e-177,True,1.1302573034445955
B cells,MSC,1.0804468285622946,-0.14082140521878211,1.0905929546648128,0.7924700876871839,1.3052401156225912e-167,818,1.4792721310389365e-166,True,1.0905929546648128
B cells,REL,1.450312890247655,-0.11094101861289675,1.0824149654676642,0.777370433125261,5.899195098054375e-151,818,5.937349096200995e-150,True,1.0824149654676642
B cells,MEF2A,1.069781523566961,-0.10726405859630585,1.0722482573780558,0.7894287240377191,3.476519479282862e-164,818,3.822282014450668e-163,True,1.0722482573780558
B cells,MEF2B,1.3088648938213034,-0.13020606583925515,1.0401002035926352,0.7864713742646486,6.8822263175474845e-161,818,7.366531132486011e-160,True,1.0401002035926352
B cells,SCRT1,1.0657858571681078,-0.15120432165789358,0.9759652507512718,0.7668780504855941,6.694448134291144e-140,818,6.269846562810641e-139,True,0.9759652507512718
B cells,MEF2C,0.9892918666199696,-0.10267706972498064,0.9709579052325025,0.7691968641360706,2.6251879047508397e-142,818,2.5109953339531673e-141,True,0.9709579052325025
B cells,MYOG,0.9956184595578974,-0.14496262761203088,0.958782714103603,0.7796104454391197,2.2679611495322888e-153,818,2.317214851264556e-152,True,0.958782714103603
B cells,MYF6,0.8479267831044286,-0.11491030964919721,0.9078658835953005,0.7413733999802536,8.43342238834705e-115,818,6.549256618666443e-114,True,0.9078658835953005
B cells,BHLHE22(var.2),0.8541833871565323,-0.11606815239491479,0.9000386430250522,0.7545188120560525,2.00682896397264e-127,818,1.727580848560277e-126,True,0.9000386430250522
B cells,IRF5,0.8746505923339953,-0.11902793046409683,0.8776340607613428,0.726839305984057,1.2790920046600116e-101,818,9.000358697138099e-101,True,0.8776340607613428
B cells,IRF7,0.93944820067593,-0.12440469740204885,0.8590136363471715,0.7146188130985606,3.6221341872155096e-91,818,2.356134231748224e-90,True,0.8590136363471715
B cells,MYF5,0.8363458193576376,-0.09927762530462428,0.8224722645157992,0.7322804309605239,1.8527377110601307e-106,818,1.3580030396647262e-105,True,0.8224722645157992
B cells,BHLHA15(var.2),0.769895307323324,-0.10440707035704361,0.7714475426180185,0.7232529253079845,1.7140228408992514e-98,818,1.1774085593002328e-97,True,0.7714475426180185
B cells,PKNOX2,0.72841507829128,-0.10186019332129102,0.7577297460399705,0.707931431185583,1.08337249140867e-85,818,6.785332972506934e-85,True,0.7577297460399705
B cells,ZBTB18,0.6993077003763656,-0.08040811015070629,0.7462854387872526,0.7115662578195762,1.2019198795841012e-88,818,7.743579351588015e-88,True,0.7462854387872526
B cells,RELB,0.770409210185773,-0.052531470089927125,0.7433939816327634,0.7020303762288562,5.290536462805877e-81,818,3.1853438286477052e-80,True,0.7433939816327634
B cells,SCRT2,0.7163087000932709,-0.10937762536725051,0.7096471835169128,0.7019610801118304,5.99462200530987e-81,818,3.60389905400947e-80,True,0.7096471835169128
B cells,PHOX2B,0.5608468789003822,-0.06529999194056861,0.6850566950119403,0.6851009668954665,2.6906920711491213e-68,818,1.423077139852202e-67,True,0.6850566950119403
B cells,BARX2,0.5778440872566555,-0.06835459454466865,0.6521002068002879,0.6810857781677984,1.9116411649404845e-65,818,9.827827386720712e-65,True,0.6521002068002879
B cells,ZBTB7B,0.5574842531955717,-0.11869065743623737,0.6452071673756986,0.6824667945885252,2.0306383767176938e-66,818,1.0519798812035581e-65,True,0.6452071673756986
B cells,ATOH1(var.2),0.6170770359803002,-0.07983947959164259,0.6336546044980653,0.6829138465293377,9.791192972699551e-67,818,5.098477061459766e-66,True,0.6336546044980653
B cells,MEIS1(var.2),0.5586471055130006,-0.06124032947098264,0.6219515301694797,0.6699484203858138,7.344293115631552e-58,818,3.443610171089886e-57,True,0.6219515301694797
B cells,NRF1,0.466251582871411,-0.17165606609210374,0.6083075927146151,0.6809853601221083,2.248671068919772e-65,818,1.1516611575758733e-64,True,0.6083075927146151
B cells,VSX1,0.5491087569996316,-0.06758223519449587,0.6036261584555401,0.6639883410816204,5.35211777543808e-54,818,2.384875387601594e-53,True,0.6036261584555401
B cells,TWIST1,0.5733590884964098,-0.055116970146288455,0.6031825022355743,0.6720372690461605,3.0188850411383296e-59,818,1.4403784052412359e-58,True,0.6031825022355743
B cells,ZBTB7C,0.5014853697519757,-0.10334035456579958,0.6029116243557687,0.6669748197534408,6.4589711338767515e-56,818,2.956221403582052e-55,True,0.6029116243557687
B cells,HAND2,0.5432159203521201,-0.05911961508363757,0.5834112686696741,0.6675029726807724,2.933126823997504e-56,818,1.3439899354353228e-55,True,0.5834112686696741
B cells,VAX1,0.5201372397204256,-0.06750940131831824,0.5728548979380833,0.6588253204332173,9.204290627524312e-51,818,3.915936895790049e-50,True,0.5728548979380833
B cells,HOXB13,0.46088471676527304,-0.044616954366294294,0.554896996431648,0.6522355969860482,8.79961398602367e-47,818,3.5567670516934834e-46,True,0.554896996431648
B cells,MEIS2(var.2),0.5147154134656459,-0.057603895706936775,0.5544950732357946,0.6528888508680105,3.6085470544436887e-47,818,1.4703103104007215e-46,True,0.5544950732357946
B cells,IRF6,0.5077787949277238,-0.06644991201353823,0.5512519613077471,0.6479065827018494,2.9405733947917614e-44,818,1.1266628745575252e-43,True,0.5512519613077471
B cells,EGR2,0.44560337243427783,-0.10961195293644482,0.5484356903717347,0.6577516905492975,4.2063438230857223e-50,818,1.7783560196661267e-49,True,0.5484356903717347
B cells,CTCFL,0.4232055051293841,-0.11872133722359791,0.5452276366277536,0.6621587396201469,7.70558119448154e-53,818,3.370462866256466e-52,True,0.5452276366277536
B cells,TAL1::TCF3,0.51580832116735,-0.06173491264655241,0.5445593135974482,0.6625835616119136,4.1591914361944516e-53,818,1.8311304190253267e-52,True,0.5445593135974482
B cells,LBX1,0.48912482124937573,-0.05085106889292684,0.5430860686883789,0.6447324525980831,1.876094024575762e-42,818,6.9960151368051e-42,True,0.5430860686883789
B cells,POU4F2,0.4628099529898614,-0.06442426648430578,0.5388207690335485,0.6501369364861227,1.5033527500888178e-45,818,5.940005104354841e-45,True,0.5388207690335485
B cells,HINFP,0.4095346345435088,-0.09901119261811056,0.5307192969877492,0.6498474872185458,2.216828841336926e-45,818,8.733485386610714e-45,True,0.5307192969877492
B cells,MNX1,0.4637444148577114,-0.04874543260296856,0.5292073276975123,0.6469917819711127,9.830285307826322e-44,818,3.727585225441921e-43,True,0.5292073276975123
B cells,TBX4,0.68708032689121,-0.09477379938110708,0.5226305504900131,0.6703278626195281,4.124881327397684e-58,818,1.9496810573190455e-57,True,0.5226305504900131
B cells,ZNF384,0.37471640437582576,-0.04654307933834751,0.5058252427683622,0.640984483188946,2.2619179547414143e-40,818,8.163889424517183e-40,True,0.5058252427683622
B cells,KLF15,0.2247396697797105,-0.05917009028342857,0.5019977806276351,0.6443629755139411,3.0256790850146876e-42,818,1.1262095287920356e-41,True,0.5019977806276351
B cells,DLX6,0.45647603872914705,-0.039878798645769896,0.491319778980491,0.6336116522953879,1.954130565230143e-36,818,6.58319089668706e-36,False,0.0
B cells,EGR3,0.38009653709596763,-0.1079514448952621,0.4884686984424424,0.6431157987174699,1.5052078196711604e-41,818,5.531399489908733e-41,False,0.0
B cells,EGR1,0.3300491368897055,-0.10922909023352971,0.48727337480203253,0.6433109623390935,1.172079561481872e-41,818,4.3229114911172785e-41,False,0.0
B cells,ONECUT1,0.42457697716561044,-0.05220914283492562,0.47735136458084254,0.6356450027381165,1.6833666455821091e-37,818,5.791582863967019e-37,False,0.0
B cells,ZIC5,0.3521758857627016,-0.11525404698764923,0.47561885660877673,0.6373686669941369,2.0470520835264e-38,818,7.158489827094049e-38,False,0.0
B cells,PBX2,0.4316374610484433,-0.04850166535376392,0.4696866391208372,0.6290998924990326,3.952122829580721e-34,818,1.279223117478688e-33,False,0.0
B cells,HES1,0.3642511714218029,-0.06401474543324466,0.46076602228518365,0.6290620249306579,4.1290765795183345e-34,818,1.3354311623286315e-33,False,0.0
B cells,NEUROD1,0.40938720293941694,-0.054887178311985856,0.4587145619028094,0.6350831216122325,3.326591086801817e-37,818,1.13677259604731e-36,False,0.0
B cells,GLIS2,0.3687810836407126,-0.10700120759531918,0.4569314159160922,0.6312246156978395,3.3163926397946385e-35,818,1.0935716887211986e-34,False,0.0
B cells,PRRX2,0.3983187255509592,-0.04802498397953748,0.44997652525994486,0.6179824650161926,8.813088053522283e-29,818,2.5989616810897344e-28,False,0.0
B cells,PLAG1,0.3523468363426872,-0.022013610879337175,0.44760213114898734,0.6257232398939585,1.868182409893367e-32,818,5.85036070466607e-32,False,0.0
B cells,HES6,0.40096551596288477,-0.05908075252100505,0.44692530186285545,0.6258805359472074,1.5645284987433284e-32,818,4.907040547221323e-32,False,0.0
B cells,GLI3,0.37297402988591927,-0.05462593064255026,0.445684041512473,0.627758736676595,1.8500944264380262e-33,818,5.908036345199885e-33,False,0.0
B cells,NEUROG2(var.2),0.3903190492273577,-0.05282991083408462,0.44176816691807125,0.629962721142,1.4517842630613718e-34,818,4.733214446693239e-34,False,0.0
B cells,ZKSCAN5,0.5959886858957616,-0.009135573131280626,0.43894675362415914,0.6447349055579779,1.870142928062194e-42,818,6.980256722269038e-42,False,0.0
B cells,ZBTB14,0.2834090826789245,-0.11828331719645974,0.4232801861309162,0.6268785840043711,5.050975648969414e-33,818,1.6015867927688283e-32,False,0.0
B cells,TGIF1,0.37780481290615314,-0.06595422338632075,0.4115001640442005,0.6161681945540611,5.927987784068464e-28,818,1.7058775657426035e-27,False,0.0
B cells,ZNF136,0.37367074810653067,-0.029161317225923154,0.41135709185984837,0.6117284904546132,5.563248699026951e-26,818,1.5438205923362858e-25,False,0.0
B cells,HNF1A,0.35160390877932324,-0.046805260939422465,0.4072885679325978,0.6178909389501209,9.709351244176273e-29,818,2.8570207370136147e-28,False,0.0
B cells,TFAP2A(var.2),0.3025187598586558,-0.03841150585498223,0.4070375817166937,0.6173149533048422,1.7830156460625702e-28,818,5.193723041014514e-28,False,0.0
B cells,TGIF2,0.37710739634485907,-0.05652141469873798,0.404310577872982,0.6150272615830299,1.9364379475492457e-27,818,5.521372752490661e-27,False,0.0
B cells,CTCF,0.6022608610747054,-0.19737961915130353,0.4022297683251096,0.6046958544364539,5.1892866203939994e-23,818,1.3493479219867688e-22,False,0.0
B cells,FOXA1,0.39818485325349984,-0.05801861848240416,0.39963732781881955,0.6171368070924882,2.1504979023896794e-28,818,6.250656977779198e-28,False,0.0
B cells,NEUROG2,0.3715167269243583,-0.05025500397951907,0.3963926044577042,0.6179262002486074,9.353823857719035e-29,818,2.754408393619448e-28,False,0.0
B cells,HESX1,0.3560746037385988,-0.0386890022393143,0.3940410438675361,0.608571224450123,1.2648306546588324e-24,818,3.38907604552956e-24,False,0.0
B cells,DRGX,0.3529456199465567,-0.043907841816524025,0.38978425583500576,0.6076432390599522,3.115536229458131e-24,818,8.282167926667278e-24,False,0.0
B cells,TFAP2A(var.3),0.2905507781998294,-0.05308084972081457,0.3891612414220237,0.60930941206844,6.141129457876543e-25,818,1.659786892890347e-24,False,0.0
B cells,EMX2,0.35787156136101017,-0.03280322522675993,0.3853609378848163,0.6037168168184742,1.2987351301631737e-22,818,3.3341892998986044e-22,False,0.0
B cells,HNF1B,0.3452340065513401,-0.049096926413560386,0.3828856930531038,0.6092099138827105,6.771175202975097e-25,818,1.8264116580824828e-24,False,0.0
B cells,SP9,0.22308892853463827,-0.03129602067841103,0.3814903309397402,0.6078468347312138,2.5581259345504505e-24,818,6.818298768900607e-24,False,0.0
B cells,PRDM4,0.368412750078273,-0.036058343333941985,0.38088967895008125,0.6107491462166467,1.4799526592264435e-25,818,4.0540883271700677e-25,False,0.0
B cells,OSR1,0.32644589936595403,-0.056687881459179065,0.3800877395941476,0.6083782071684074,1.526632991178895e-24,818,4.08515680046945e-24,False,0.0
B cells,TFAP4(var.2),0.3759722883769566,-0.04747334398964445,0.379933126699164,0.6096161853652733,4.541851004025661e-25,818,1.2300086454007917e-24,False,0.0
B cells,PLAGL2,0.27739499148361757,-0.08066302140826177,0.3768088139963241,0.611382316489471,7.869497308501015e-26,818,2.179328275851821e-25,False,0.0
B cells,FERD3L,0.3261756673746582,-0.05263187968630557,0.3752311077190535,0.6110461076739011,1.1010069572586448e-25,818,3.032453471115369e-25,False,0.0
B cells,POU4F1,0.3196246962106958,-0.04111385113664748,0.37220705600438697,0.6039104473401636,1.0839643830198157e-22,818,2.7916740252693666e-22,False,0.0
B cells,SREBF2,0.35573710976472206,-0.025317213895707725,0.36622548159102064,0.5993537677157363,6.989304163407988e-21,818,1.7274724890133607e-20,False,0.0
B cells,GSX1,0.3409372306471819,-0.026735733294009606,0.36437820349614825,0.6015497800614834,9.601391506217592e-22,818,2.4128714306929425e-21,False,0.0
B cells,VEZF1,0.3153013969120394,-0.07529679122629775,0.36366873085890206,0.6081580540178563,1.8912502977809023e-24,818,5.057500796312975e-24,False,0.0
B cells,SPIC,1.3924270996273422,-0.0751433090007246,0.3572322233329941,0.6037234091481912,1.290773835159834e-22,818,3.317961205245672e-22,False,0.0
B cells,TBX18,0.38783324906632716,-0.06827722905070338,0.355427981035036,0.6261178598170215,1.1966695156179987e-32,818,3.7708137540423856e-32,False,0.0
B cells,POU4F3,0.3054236708403634,-0.034585757798755105,0.35398389415716675,0.598796945819635,1.1484092777128686e-20,818,2.819456272831472e-20,False,0.0
B cells,RREB1,0.3031113182235476,-0.08638091322092178,0.3511208377883049,0.6032145732800305,2.0724370071091475e-22,818,5.29695523105724e-22,False,0.0
B cells,ATOH7,0.34351260712969073,-0.038547734364534327,0.3509487519316184,0.6031199810140904,2.262553227944721e-22,818,5.77557751436236e-22,False,0.0
B cells,GBX2,0.3236165661504336,-0.03143761531866054,0.3496715569750756,0.5970466056247596,5.374028490263197e-20,818,1.3012159947100476e-19,False,0.0
B cells,TFAP2C(var.3),0.24626742433144172,-0.06761892460129187,0.34717591590088187,0.5993425760862167,7.059602518064003e-21,818,1.743782160444869e-20,False,0.0
B cells,PRDM1,0.3162249218471384,-0.03276857191934193,0.3470541992588325,0.5994874540299985,6.201251591646284e-21,818,1.53645217022663e-20,False,0.0
B cells,ESX1,0.31411379104513854,-0.03245759334131062,0.3456161656619438,0.5942948445528653,5.757948756679312e-19,818,1.3591984054565052e-18,False,0.0
B cells,NKX6-2,0.3132522395707459,-0.0311499789690764,0.3434819742689024,0.5954842234818172,2.0827691143233646e-19,818,4.983373055323674e-19,False,0.0
B cells,TCFL5,0.24309408312113176,-0.1406944128133175,0.34157891833285087,0.6004683313678992,2.5656036491783375e-21,818,6.39583016917779e-21,False,0.0
B cells,BARHL2,0.3094977984211955,-0.057879649029895265,0.3397677315548302,0.5992763461690592,7.490159477181072e-21,818,1.8490045908892385e-20,False,0.0
B cells,KLF16,0.20684165237413005,-0.028595830062576218,0.3383308612390202,0.5968727520922215,6.255021196148953e-20,818,1.5127206072694958e-19,False,0.0
B cells,TFAP2B(var.3),0.24091398190823812,-0.05849749860994835,0.33818262282665923,0.5947857431517959,3.79007654482388e-19,818,9.00449189686284e-19,False,0.0
B cells,OVOL1,0.27621279741080845,-0.06692153574672888,0.3328840970647455,0.5963493517746858,9.863144373907129e-20,818,2.3697317183389694e-19,False,0.0
B cells,MGA,0.3789743191846357,-0.04512468579973001,0.3302006478586299,0.6221977232852737,9.399808875305839e-31,818,2.865985434023167e-30,False,0.0
B cells,TGIF2LX,0.29286308953005685,-0.051658620397155394,0.3279336443355974,0.5922742188395905,3.1488659415880962e-18,818,7.292679793740949e-18,False,0.0
B cells,EMX1,0.29229645681554767,-0.032415905518867125,0.3180043604228438,0.5901260392117904,1.8429862332930552e-17,818,4.172760100673588e-17,False,0.0
B cells,HOXA2,0.2859562213236741,-0.0354961946316151,0.31577325175587495,0.5889113641339242,4.916207757091868e-17,818,1.0982389974809338e-16,False,0.0
B cells,SHOX,0.29525483695903404,-0.022140449251479732,0.314565259188302,0.5880608002904304,9.697438854203007e-17,818,2.1522675591939314e-16,False,0.0
B cells,FOXA2,0.3293705104815216,-0.05871912058488741,0.314030109612857,0.5912025819855852,7.64124245648198e-18,818,1.7486689467718378e-17,False,0.0
B cells,TFAP2C,0.25843200565539015,-0.028518470906658808,0.3139615141850922,0.5865749198342044,3.1291713518934815e-16,818,6.850988793160728e-16,False,0.0
B cells,TFAP2E,0.23191309570585963,-0.035959044612273935,0.3082794298730768,0.5842887612123264,1.82718569136266e-15,818,3.897097157223681e-15,False,0.0
B cells,ZNF148,0.13589253865739773,-0.029110925263414432,0.30765649186131694,0.5928371731354285,1.9685353889779888e-18,818,4.5826778963204506e-18,False,0.0
B cells,EGR4,0.24238121602385082,-0.07514001917588525,0.3064244681731972,0.5870701111129508,2.1223107244475297e-16,818,4.674398035446219e-16,False,0.0
B cells,GLI2,0.2468412455513905,-0.05272432803334559,0.3039524283396162,0.5878982916974054,1.1033437169211719e-16,818,2.446097906116746e-16,False,0.0
B cells,PROP1,0.26859044577926283,-0.019489117585331003,0.3021476551583632,0.5811462129672046,1.917407016405581e-14,818,3.9927065303021e-14,False,0.0
B cells,ZIC3,0.20118821732437392,-0.08551829397712525,0.3011333656570187,0.5867748360656241,2.6758839862747804e-16,818,5.87127256424499e-16,False,0.0
B cells,HOXA1,0.2725258262540523,-0.034826697059513134,0.300514213641148,0.5850803007083535,9.97014913131111e-16,818,2.1457033715576993e-15,False,0.0
B cells,MYBL1,0.27217950702751353,-0.03567907630319156,0.29987796680106105,0.5847580431021848,1.2767249420056882e-15,818,2.7374823080842687e-15,False,0.0
B cells,ONECUT3,0.2760532041175575,-0.02049396995164125,0.29950064740793536,0.583874977540086,2.5024204714228704e-15,818,5.32603536421722e-15,False,0.0
B cells,NOTO,0.2779575699430336,-0.023854130686829813,0.2976823215828038,0.5798114961644906,5.0693767036318525e-14,818,1.0427401191100395e-13,False,0.0
B cells,GRHL2,0.26824904852777576,-0.04265197997481239,0.2968441431880981,0.5852901820893454,8.482887291472206e-16,818,1.8304939723358155e-15,False,0.0
B cells,TFAP2B,0.23972659738314797,-0.02958189134874947,0.2948077435552753,0.5846606912563631,1.3755076908353538e-15,818,2.946164169994622e-15,False,0.0
B cells,RAX,0.2757557160986818,-0.020592448997518574,0.2942886768095751,0.5833911312008526,3.607748232087155e-15,818,7.654404481921673e-15,False,0.0
B cells,TBX1,0.37164751303682964,-0.038508774236678575,0.29030950668519967,0.6203043448665375,7.367598947812801e-30,818,2.2146586435995984e-29,False,0.0
B cells,ZNF740,0.2013585148128051,-0.062169506583057255,0.2893795809205456,0.5832963856249191,3.874739467895755e-15,818,8.216559689259027e-15,False,0.0
B cells,SREBF1,0.271176628148538,-0.025825983017504023,0.2890910588963174,0.5784211278341652,1.372757181242141e-13,818,2.7770877776528517e-13,False,0.0
B cells,BARHL1,0.24904815695315305,-0.05412659984604228,0.28747745665385643,0.584785485591007,1.250164792441398e-15,818,2.6819547986309103e-15,False,0.0
B cells,KLF5,0.1511317331581055,-0.014219398144744688,0.28661929300734257,0.5822468254099663,8.500274303891982e-15,818,1.7875316961302996e-14,False,0.0
B cells,PDX1,0.25495883761978255,-0.029288778167286887,0.2834884579102736,0.5765738957234484,5.023725757020103e-13,818,1.003257374773116e-12,False,0.0
B cells,SIX1,0.2412027192505762,-0.04107257659391136,0.28341742851745355,0.5852785305298455,8.559391974352988e-16,818,1.8460181198418014e-15,False,0.0
B cells,HOXB2,0.25754003689442745,-0.03003133466746693,0.28170388732943913,0.5798515100727731,4.924868530936831e-14,818,1.0135309296119236e-13,False,0.0
B cells,HMBOX1,0.2407214909536998,-0.03908951452296023,0.28128144531040467,0.58137418492742,1.62150053970092e-14,818,3.3800057617876984e-14,False,0.0
B cells,GLIS1,0.2309437565739238,-0.047577861594642064,0.27925808766035953,0.5780484312401614,1.7877876612446668e-13,818,3.605970082781743e-13,False,0.0
B cells,KLF4,0.1463519166592245,-0.020012564662557783,0.2780767817330507,0.5796540468012483,5.6795907515474065e-14,818,1.165886564219219e-13,False,0.0
B cells,PAX5,0.28926435364172837,-0.0008410144357113132,0.2777001938714116,0.5814217110253802,1.5657264719010295e-14,818,3.2654839374710197e-14,False,0.0
B cells,HOXB4,0.2703343875307164,-0.03308836794229628,0.2776729693617226,0.5822659891591437,8.379937808479753e-15,818,1.7640597488610345e-14,False,0.0
B cells,SP3,0.1775101782873632,-0.016129477393969752,0.27669934497669496,0.578525838559671,1.27428623496517e-13,818,2.5830471476297987e-13,False,0.0
B cells,OVOL2,0.22654944187947773,-0.0552367981303364,0.2752529877644015,0.5803560532611182,3.415871188487397e-14,818,7.069368198782613e-14,False,0.0
B cells,NKX6-1,0.23240453497658387,-0.032423459508946234,0.2697424295176416,0.5773254213111929,2.9741624548545947e-13,818,5.960109604924067e-13,False,0.0
B cells,ELF5,0.49587147131527626,0.00815921121758899,0.26909428629909266,0.6020934172981506,5.835345639792459e-22,818,1.4746913465709112e-21,False,0.0
B cells,EVX1,0.24931195408429047,-0.025431771769302364,0.2677528985630014,0.5782247377325943,1.5780170197182207e-13,818,3.189139291598362e-13,False,0.0
B cells,FOXK1,0.2779380972817136,-0.06071304626218653,0.2662972970302114,0.5776970447352429,2.2908408950714513e-13,818,4.604442256065122e-13,False,0.0
B cells,FOXO3,0.2735092143365201,-0.06657776065467555,0.26601439042186653,0.577906312876261,1.976620334160059e-13,818,3.976830368976429e-13,False,0.0
B cells,E2F1,0.23092142416737801,-0.0569007823189014,0.26549001735414024,0.5788157477572281,1.0364479870912391e-13,818,2.1072706310407805e-13,False,0.0
B cells,ONECUT2,0.23629002628161078,-0.03187227207785851,0.2641273639024195,0.5736010616410424,3.806859818220044e-12,818,7.419342401020374e-12,False,0.0
B cells,GLIS3,0.20951454758505283,-0.06099859157710918,0.2620204794221677,0.5754999592195418,1.0534934635022008e-12,818,2.081266871743117e-12,False,0.0
B cells,ZIC4,0.17181284532774987,-0.08675483795676271,0.26064199251131215,0.5762004325794774,6.506714417069575e-13,818,1.2955790615877707e-12,False,0.0
B cells,FOXN3,0.26312400591870155,-0.04494549105391692,0.25718325931916114,0.5786313158351439,1.1821197106586063e-13,818,2.3998275711614255e-13,False,0.0
B cells,FOXC1,0.21495120065900708,-0.03005924828696122,0.2526219175919274,0.5726226372630364,7.289643580251959e-12,818,1.4111912883109773e-11,False,0.0
B cells,PBX1,0.23205966083097976,-0.029738451870447637,0.2515248429144271,0.5733438074720838,4.519608867008227e-12,818,8.77463410552557e-12,False,0.0
B cells,HES2,0.2282635913502333,-0.020729753856694528,0.25144472186758793,0.5681820133036279,1.251995095566807e-10,818,2.3098824243790701e-10,False,0.0
B cells,FOXD1,0.26337803677121047,-0.06965949911687146,0.2513306394323119,0.5712242968130532,1.8181559687856557e-11,818,3.463398799296969e-11,False,0.0
B cells,MYBL2,0.20406143087938466,-0.05666219662768894,0.25091230381446955,0.5694960332572303,5.494988679731376e-11,818,1.0273902124858201e-10,False,0.0
B cells,TGIF2LY,0.2236103740099729,-0.034164544895221687,0.245209623138109,0.5690445353266086,7.304453455087177e-11,818,1.358171814305272e-10,False,0.0
B cells,E2F3,0.20766891681504857,-0.0461769347638234,0.24244949006076164,0.5654190606022139,6.734224640488011e-10,818,1.2196362083891894e-09,False,0.0
B cells,KLF9,0.17168082113303793,-0.02449817505435175,0.24222205367833316,0.5664808856166403,3.5554447977926866e-10,818,6.497438867149598e-10,False,0.0
B cells,E2F4,0.20252168471894882,-0.06412059948417831,0.24185142101928989,0.5735509292731941,3.936510180891574e-12,818,7.66095247325027e-12,False,0.0
B cells,ZNF274,0.21772332239368583,-0.024137157915666695,0.24183823970714502,0.5691495526721012,6.83758398870443e-11,818,1.273704641726433e-10,False,0.0
B cells,ARGFX,0.22314070767553548,-0.01447936588845238,0.24025372215167762,0.5680463339594514,1.361940569548812e-10,818,2.5081527284453773e-10,False,0.0
B cells,PHOX2A,0.21372622611062597,-0.015770284873431288,0.23407514530763768,0.5633200934823016,2.312587167108882e-09,818,4.112847331042873e-09,False,0.0
B cells,MIXL1,0.21528778341238286,-0.021383782454297128,0.23337348251980605,0.5661626140703006,4.310097671402765e-10,818,7.844649203101928e-10,False,0.0
B cells,NR4A2::RXRA,0.23081850754470543,-0.0091407364617883,0.23326902782440725,0.571364422147039,1.660313723025777e-11,818,3.168693077057686e-11,False,0.0
B cells,NR2F6(var.3),0.2169453417584286,-0.016432286697732446,0.2300568580943887,0.5652596182090572,7.405814607305277e-10,818,1.3388706836978173e-09,False,0.0
B cells,KLF11,0.16521577379954716,-0.010724578520598462,0.22966619262163696,0.5618749934843252,5.288491356021744e-09,818,9.270899491535519e-09,False,0.0
B cells,MLX,0.221405928023602,-0.01784720280224219,0.22833435511842254,0.5655087469483646,6.382964825770705e-10,818,1.1575739885732081e-09,False,0.0
B cells,SREBF2(var.2),0.2038414909826313,-0.031145017528081135,0.22825868041994873,0.5684230166132841,1.0777011262339736e-10,818,1.9937717223331765e-10,False,0.0
B cells,E2F2,0.19881728790325326,-0.04529504710430475,0.2279908149706943,0.5649215696735662,9.052902879536723e-10,818,1.6315387550381106e-09,False,0.0
B cells,ZFP57,0.1565774615797321,-0.09732021297789568,0.22474281288867043,0.570401328768375,3.088656197762288e-11,818,5.831405961804114e-11,False,0.0
B cells,KLF14,0.1794790377699157,-0.004392893453882941,0.22469534151536627,0.5612448894113693,7.542291206005785e-09,818,1.3164844788394913e-08,False,0.0
B cells,MZF1(var.2),0.2020322327206562,-0.010169908674748382,0.22324179957461052,0.5624264495306568,3.865234266583886e-09,818,6.813067622626231e-09,False,0.0
B cells,MSANTD3,0.18795733570599174,-0.019885758598210356,0.21616478151937737,0.5601936427864889,1.353286105890829e-08,818,2.3489470546693666e-08,False,0.0
B cells,CENPB,0.16111381646396766,-0.050454429078661024,0.21005201616461658,0.559544221654362,1.9326463320444286e-08,818,3.320376670680152e-08,False,0.0
B cells,ZSCAN4,0.18550941163708498,-0.06489968865930495,0.20515673273851764,0.5600904651609172,1.4324642989051095e-08,818,2.4832167029917082e-08,False,0.0
B cells,NR2F1(var.3),0.22303240958892626,0.0015358234227125023,0.20291040724232415,0.5572408923132209,6.641535605287559e-08,818,1.1238667109574848e-07,False,0.0
B cells,ZBTB33,0.1287887354176116,-0.06765603109070513,0.20263084570964898,0.5578087525288483,4.919792337737229e-08,818,8.356624600539391e-08,False,0.0
B cells,FOXA3,0.21472186876263966,-0.04797832815066745,0.20232814446133784,0.5547998905979887,2.337155889426992e-07,818,3.8455196131035415e-07,False,0.0
B cells,ZIC1,0.1218393974647419,-0.07870515115213911,0.20140172226079522,0.5604271339064674,1.1894842633599199e-08,818,2.0681793423095127e-08,False,0.0
B cells,OTX1,0.16453311833987042,-0.040726453157519174,0.20097678628968038,0.5562649208951096,1.1051512919410035e-07,818,1.8499967427361606e-07,False,0.0
B cells,MSX1,0.19416809883412312,-0.008766612920153906,0.20020781359285308,0.559650465479802,1.823652659770734e-08,818,3.1384511533102465e-08,False,0.0
B cells,NKX2-5,0.17131466625028033,-0.023958570597920146,0.1966633623741286,0.5569939099138214,7.56087648010257e-08,818,1.2762330512513556e-07,False,0.0
B cells,ETV6,0.2888639577227908,0.006637103350567875,0.19564451509444716,0.5716368540053463,1.390900133744628e-11,818,2.663313744027811e-11,False,0.0
B cells,MEIS2,0.16487720156209745,-0.04241986757604792,0.19550769851659652,0.5563952343895165,1.0329986012710312e-07,818,1.7306469319845102e-07,False,0.0
B cells,PRRX1,0.1886543043543123,-0.007229834871219262,0.19418776431519594,0.5556663986807981,1.504103827793969e-07,818,2.5033336434612913e-07,False,0.0
B cells,EVX2,0.17533625083818388,-0.021476346602144314,0.193557639479779,0.556585952021331,9.355591636346596e-08,818,1.5719569668047478e-07,False,0.0
B cells,PAX7,0.17839957125617611,-0.017163879548256416,0.19160961006890068,0.5544143159645376,2.8376306043421977e-07,818,4.640684488750417e-07,False,0.0
B cells,SP4,0.1411816739692707,-0.0032820983679785185,0.1910998707662105,0.5579251148138541,4.624795612124367e-08,818,7.858850502585128e-08,False,0.0
B cells,MAZ,0.11226057771632683,-0.028234701785108725,0.19095656948362205,0.5553856880828463,1.7361785514699284e-07,818,2.876567739249521e-07,False,0.0
B cells,HOXC4,0.1812427050623056,-0.02975889905502299,0.19005319264825032,0.5558062173947972,1.4000012520616693e-07,818,2.333912264458803e-07,False,0.0
B cells,LHX6,0.18682377963767444,-0.006600964836364784,0.1889047382872379,0.5521506939116922,8.63880342414332e-07,818,1.3826186176457228e-06,False,0.0
B cells,EN2,0.1761931990935852,-0.015097898336022562,0.18695639110944864,0.555504963257727,1.6336232068114602e-07,818,2.7110908510086824e-07,False,0.0
B cells,MLXIPL,0.17742480412335762,-0.016690144222829734,0.18411762715728233,0.5541940095039931,3.1685047606329185e-07,818,5.171347422961189e-07,False,0.0
B cells,BSX,0.18249019727779703,-0.0007470581751467051,0.18375303595055498,0.5508342209981952,1.6174761732754969e-06,818,2.559369807224349e-06,False,0.0
B cells,HOXC8,0.16240692358337633,-0.02545852763591244,0.18233347061598615,0.5516711402522747,1.0874885659710823e-06,818,1.7350073887693213e-06,False,0.0
B cells,FOXG1,0.1754124724556549,-0.02739267690632953,0.18050619006009155,0.5508877261858988,1.5772245814659268e-06,818,2.498610280583845e-06,False,0.0
B cells,TCF21(var.2),0.16516393415331793,-0.024886587836133896,0.17937642377379556,0.5551135628445258,1.993990465952586e-07,818,3.2900393417943654e-07,False,0.0
B cells,PAX3(var.2),0.15590500918083303,-0.024919987145983806,0.17883435750232032,0.5539484068945344,3.58128165914964e-07,818,5.833279224202674e-07,False,0.0
B cells,SP1,0.13944602007455217,0.007952926531806945,0.17214458875456748,0.5473884255860888,7.784060010797682e-06,818,1.1947764341307824e-05,False,0.0
B cells,TBX6,0.20948607250547058,-0.030859361959447912,0.17133928595668607,0.5794384929504999,6.633506146086829e-14,818,1.3589451071932815e-13,False,0.0
B cells,ALX3,0.15181991648315693,-0.015589613784464182,0.16768334257880133,0.5484904178187913,4.761961394679024e-06,818,7.376300077668963e-06,False,0.0
B cells,LBX2,0.15535181899057948,-0.009121915205763933,0.16277651604005444,0.5477454845607638,6.6458370883731585e-06,818,1.0243450232212494e-05,False,0.0
B cells,SREBF1(var.2),0.15774014064741781,-0.008234512685603124,0.15732751773215217,0.5480911985959258,5.696698241308638e-06,818,8.810719068935303e-06,False,0.0
B cells,MEOX1,0.13359656296091582,-0.02428215494765199,0.15640819466326475,0.5427337808758661,5.533288604914426e-05,818,8.13506020911474e-05,False,0.0
B cells,TFE3,0.1911765697111867,0.014460022854380016,0.15415250170368744,0.5547338139908247,2.416397668095247e-07,818,3.9710580686894274e-07,False,0.0
B cells,PAX3,0.14069023578659728,-0.013459603294144367,0.15312822556664712,0.5440100865710871,3.291559216890178e-05,818,4.903405225161141e-05,False,0.0
B cells,DUX4,0.141117890360586,-0.00647653963379139,0.14827143617860206,0.5411635799232591,0.00010286555448086428,818,0.00014933406294566806,False,0.0
B cells,NR3C2,0.11671348372181592,-0.030452229280627983,0.14170039233950418,0.5430077458341076,4.955277186226456e-05,818,7.306505647037989e-05,False,0.0
B cells,FOXP1,0.14523907061879054,-0.03624617465066312,0.1403474637276467,0.5394135463483706,0.00020031601427508144,818,0.0002850786471181778,False,0.0
B cells,GRHL1,0.11995308342166486,-0.028122498737648268,0.13847378878940414,0.5402832739410419,0.00014430219413663585,818,0.0002073319167176238,False,0.0
B cells,FOXF2,0.11704384697155462,-0.026650424931567114,0.13553602345718535,0.5380431083171898,0.00033154383055481124,818,0.00046561136356291783,False,0.0
B cells,NR1H4::RXRA,0.1493878796889858,0.00420557984116979,0.1352365456497941,0.5404519149338038,0.0001353106210737203,818,0.00019482803304778372,False,0.0
B cells,TFAP2B(var.2),0.1054992646861976,-0.01393794309382804,0.1318492269403341,0.5366666911962656,0.0005412700128893046,818,0.000752828625696159,False,0.0
B cells,GSX2,0.125899455901316,-0.011816777455248638,0.13150819710246497,0.5363018134119262,0.0006147337271646762,818,0.0008535390048415512,False,0.0
B cells,TBX3,0.14883318288168815,-0.02537226946540377,0.13078930235436673,0.5615538090481105,6.340228698622093e-09,818,1.1085810421186253e-08,False,0.0
B cells,LHX2,0.11999948131663966,-0.011515219516882003,0.1305290502667489,0.5381223695837879,0.0003221603114746919,818,0.0004529050105026419,False,0.0
B cells,FOXP2,0.11721645865719135,-0.034085188493494366,0.12983364401736866,0.5387408220972439,0.000257034831756641,818,0.00036336929744492296,False,0.0
B cells,FOXB1,0.11399375968368093,-0.01343610702043629,0.12836388063628082,0.5410026044301682,0.00010948740256524524,818,0.0001587194664202731,False,0.0
B cells,POU6F1,0.12624160783298827,-0.004989761199623669,0.1278016032656401,0.5324549590570331,0.002198028300373817,818,0.002948681201363549,False,0.0
B cells,RAX2,0.12090381436029041,-0.001709691982603201,0.12092097798054988,0.5355348035148463,0.0008003824398692605,818,0.0011044840899423697,False,0.0
B cells,TFEC,0.15444403215011263,0.020624372503558055,0.12029935143887242,0.5395006264246331,0.00019390043230865792,818,0.0002764345134322868,False,0.0
B cells,GBX1,0.11936419506797225,-0.0015915127027841408,0.11683937352499932,0.5330583871911341,0.0018145652204899156,818,0.0024505109753345123,False,0.0
B cells,SP2,0.087497883301712,0.0006444562251514979,0.11541430492789413,0.5313091201662126,0.0031371053381092436,818,0.004156099606414538,False,0.0
B cells,YY2,0.054301499318630715,-0.05852881671145875,0.11312994939608778,0.5360230958438887,0.0006769893543326989,818,0.0009383689371805755,False,0.0
B cells,ELF4,0.09347746663529882,-0.02214114072328895,0.1122439761114776,0.53328727901131,0.0016859579374967977,818,0.002282163203449998,False,0.0
B cells,NFATC3,0.09786706706982473,-0.023360965501918095,0.11084976129617267,0.5355495212742145,0.0007963765605544756,818,0.0010997063358373408,False,0.0
B cells,KLF2,0.08992608841714077,0.015801062224993626,0.10610798674638379,0.5310167580087607,0.0034292091300701833,818,0.004531214938035258,False,0.0
B cells,FOXC2,0.0884496572413843,-0.01602159740817433,0.1050796001234486,0.5324984990951644,0.0021680513487337193,818,0.002910108345980326,False,0.0
B cells,FOXE1,0.08658185055808021,-0.018925012337903075,0.10420713534755449,0.5308439776461765,0.0036132675461807845,818,0.004769748936981224,False,0.0
B cells,NR1I3,0.07409259050704342,-0.026982469646300588,0.10153289070917529,0.5321353077207526,0.00243000545255457,818,0.003244819162058017,False,0.0
B cells,HOXA6,0.08146347189828475,-0.020130029732331658,0.10070799958478227,0.5275146978290691,0.009432311508203015,818,0.012084589095056808,False,0.0
B cells,TFAP4,0.10631163973639798,-0.0026234681329527967,0.1001529898503355,0.5312787647875155,0.0031663422730195626,818,0.004192087970103779,False,0.0
B cells,HOXA4,0.09727246709017676,-0.015919113386024458,0.09644099425632863,0.526305848530953,0.013067634810080372,818,0.01659499386113785,False,0.0
B cells,VENTX,0.07237752233373423,-0.023389058103306003,0.09490252559810232,0.5286082580121335,0.006951672642714754,818,0.009012004970337679,False,0.0
B cells,TFDP1,0.049175522505558254,-0.030935414155491767,0.09261178513273895,0.5216320400715528,0.04125559707178295,818,0.05020154759471694,False,0.0
B cells,MEOX2,0.08323244819954315,-0.005422482973978474,0.08916149628075364,0.5230950773387593,0.02933256159659939,818,0.03619382257390703,False,0.0
B cells,EN1,0.08108433998457347,-0.008365370078558436,0.08797867385163687,0.5271651510440717,0.010377355416022095,818,0.01323251812581954,False,0.0
B cells,NFATC4,0.07430407877239603,-0.020433075212726706,0.08487006007787527,0.5236129584965318,0.0258905531499296,818,0.032077075055168755,False,0.0
B cells,MITF,0.10353296210645929,0.007662836693765948,0.08458407005685979,0.5313173989058573,0.003129174453493579,818,0.004146950487662961,False,0.0
B cells,CREB3L4,0.11534741638800566,0.028310177239437215,0.08251066501718654,0.5212590368575621,0.04488190620781283,818,0.054303885322012774,False,0.0
B cells,NKX2-2,0.07242525961671388,-0.008486174777686496,0.08238367678162493,0.5238312719271618,0.024547693051964695,818,0.030503675088528612,False,0.0
B cells,KLF17,0.03880501188130628,-0.031001530688320254,0.07659268069801474,0.5179231647107377,0.09083227770887627,818,0.1065238827855401,False,0.0
B cells,EHF,0.21261686099992694,0.04230477150403194,0.07408572029345488,0.5471308647971432,8.718400397949258e-06,818,1.3341394860099355e-05,False,0.0
B cells,HEY1,0.09207317841943492,0.018045179574172215,0.07290154249133203,0.5200057276613542,0.05909159842714765,818,0.0705472432092769,False,0.0
B cells,HOXA7,0.06467970406815228,-0.008467305123614053,0.07222554207306355,0.5201719156942214,0.05701564270231806,818,0.06829049448596178,False,0.0
B cells,TBXT,0.05708382691851379,-0.018665383943180198,0.06904010819695863,0.5215924860932505,0.04162798658605385,818,0.05063945692338361,False,0.0
B cells,TP53,0.07622358674665553,0.004141311457320671,0.06743008433819478,0.5204372952928313,0.05382662938680839,818,0.06462389985134326,False,0.0
B cells,ATF6,0.10595214917809495,0.034314427669316666,0.06654935311921384,0.5186897146778374,0.07784200969868643,818,0.09184857720644074,False,0.0
B cells,HOXB3,0.05435074909385249,-0.005996772067649097,0.059579014841136174,0.5164316117847553,0.12107017258352976,818,0.14003714072983459,False,0.0
B cells,LHX5,0.05211636763689116,-0.007011535494175105,0.057761239309493284,0.5159799605441401,0.13163529146360295,818,0.15169364547471875,False,0.0
B cells,MZF1,0.06662659095074892,0.005830548688135842,0.057160093895325836,0.5136645197135188,0.19731980324463616,818,0.22281772925699075,False,0.0
B cells,OLIG1,0.03509956788662623,-0.024447885919229664,0.056270284350683354,0.518231011177525,0.08541996011580273,818,0.10043858140904907,False,0.0
B cells,HOXD11,0.03940552118677828,-0.014426903607138481,0.052826604763403666,0.5144390418002763,0.17310306401214204,818,0.19673454971717044,False,0.0
B cells,SOX12,0.04134600932589915,-0.010484685985086922,0.05111041308446411,0.514364839763461,0.1753221103208562,818,0.19914465422745206,False,0.0
B cells,OLIG2,0.03686108147459629,-0.01652973507916828,0.05022315594902006,0.5178902030621525,0.09142777773868045,818,0.10719118769362536,False,0.0
B cells,GATA1,0.03200845063602065,-0.010804193782741923,0.043533169973296565,0.5160055633130413,0.13101788282279409,818,0.15106821142804927,False,0.0
B cells,ZNF652,0.037289040221374296,-0.004785166149040216,0.04280305212072091,0.5166585105750168,0.11601899080831225,818,0.1343867268280651,False,0.0
B cells,HOXB7,0.03480509648470274,-0.005345005178555595,0.039242945309890705,0.5109759223589134,0.3004079282885912,818,0.33193130148796596,False,0.0
B cells,HOXA13,0.040756068982684135,0.0034492682043221964,0.038205523288693234,0.5103453583559773,0.3290317700249987,818,0.36058032002197854,False,0.0
B cells,SIX2,0.02866405796982655,-0.007398773139770498,0.03717067417069048,0.5076446495118916,0.4707513701281826,818,0.5037450525095548,False,0.0
B cells,SOX15,0.020480907162792907,-0.01638060312390762,0.03693873552203493,0.5138477251556557,0.19137903034538362,818,0.21641127914405314,False,0.0
B cells,TFAP2A,0.06756047829639472,0.032082141402517986,0.033752354402748104,0.5137023872818935,0.196080941598188,818,0.2215424433695249,False,0.0
B cells,SP8,0.02968368004120414,0.003971100402791084,0.033459363576612146,0.5078295413639561,0.4600883326655888,818,0.4935093833417212,False,0.0
B cells,HOXA10,0.0258778186772521,-0.002473712501829219,0.0296161524876338,0.5110726609647613,0.2961680339451709,818,0.3276718253601754,False,0.0
B cells,LMX1B,0.02386286407042437,-0.00513047367671256,0.02940019052390724,0.5096983901837451,0.3601783797757868,818,0.39301017383301873,False,0.0
B cells,ZNF382,0.02403990210240595,-0.005623032817852506,0.028036193568061255,0.5082169557173283,0.438189866401846,818,0.4722738943691713,False,0.0
B cells,CDX2,0.023058052230468203,-0.003087873252250723,0.0272906257999083,0.5040470772062995,0.7025874192616235,818,0.7294505256177902,False,0.0
B cells,BHLHE22,0.005773751647147957,-0.01898025514786885,0.02324895342368856,0.5077651511667197,0.46378641010209565,818,0.49694910362104844,False,0.0
B cells,IKZF1,0.05971510761165936,0.020116114687377822,0.02292169378635003,0.5246450413722348,0.020059911914931405,818,0.02514324770997908,False,0.0
B cells,SRY,0.01672433067379705,-0.009915126985756589,0.022752892425683707,0.5058368180694838,0.5818460992349709,818,0.6132194106550384,False,0.0
B cells,OLIG3,0.008229807949048776,-0.01493122485161544,0.021952599751663564,0.5086854710572196,0.41252547915923743,818,0.4467553770552127,False,0.0
B cells,ZBTB32,0.01092866213293701,-0.006585717704827237,0.01807833342136459,0.5100332192093743,0.3438344922359925,818,0.37598766367211506,False,0.0
B cells,CUX1,0.02095283348304065,0.002648158524322719,0.017549853687073277,0.5017787025436581,0.8667316529574876,818,0.8811045899160791,False,0.0
B cells,GCM2,-0.004653331027895054,-0.022613264563351783,0.01742800529588359,0.5075882314343131,0.47403205523725356,818,0.5069874955035495,False,0.0
B cells,E2F7,-0.004296690855898566,-0.021648951920390833,0.01665031463300275,0.5077551860171474,0.4643602072396512,818,0.49743219446429143,False,0.0
B cells,ELK1,-0.046516104444937555,-0.06308567663228973,0.015763139147448302,0.5060666297496202,0.5670695555052497,818,0.5993634852597284,False,0.0
B cells,E2F8,-0.013358452216444208,-0.029014836440302436,0.015324339773609271,0.5020322772727747,0.8479490847061192,818,0.8643995960496242,False,0.0
B cells,OSR2,0.0176524132886071,0.0027292113632491435,0.01484177829828531,0.5041746311208248,0.6936809825998893,818,0.7214995515679055,False,0.0
B cells,TBR1,0.006656928050518918,-0.016199776792083894,0.013711817110034621,0.549930918516965,2.466008557871754e-06,818,3.859756528104107e-06,False,0.0
B cells,POU6F2,0.018669115311682298,0.006732338660212006,0.012011103196857774,0.5058817378975559,0.5789437143340104,818,0.6107969408592975,False,0.0
B cells,DMRTC2,0.00839010632465544,-0.0023565599569473137,0.00997458463499202,0.5054253340471446,0.6087440376359547,818,0.6390706736572582,False,0.0
B cells,ZFP42,-0.019292249992961998,-0.02877702996110628,0.009638574561418995,0.503760694138591,0.7227318363640303,818,0.7488279154747418,False,0.0
B cells,MEIS3,-0.0018905789122413764,-0.009954857332646436,0.007905554022351675,0.501724277495994,0.8707731842259624,818,0.88476853424868,False,0.0
B cells,LMX1A,0.008119476530775048,0.001663973771794175,0.006411529301301732,0.5004718881597465,0.9644939770282157,818,0.9673630716549729,False,0.0
B cells,ZNF460,0.024226462601178406,0.02069255467528998,0.004984294603281157,0.5106673093421591,0.31420314299427166,818,0.34564054283709167,False,0.0
B cells,NFIC,0.0015281699190244072,-0.0027621619132230744,0.004388909578267243,0.49892468370615256,0.9191950883893473,818,0.927678555156722,False,0.0
B cells,MYCN,0.049043634224931944,0.04456257160327151,0.0041283020978464145,0.5036403457937564,0.7312558887556475,818,0.7565308768438954,False,0.0
B cells,LHX1,0.01046669986910498,0.006927078692065152,0.0033714964527717163,0.5009141874907631,0.9312713774214135,818,0.9372945256335917,False,0.0
B cells,ARNT::HIF1A,-0.013423549050923043,-0.01627923108207088,0.002734946195865186,0.49647203043142046,0.7392453805775775,818,0.7643717888619674,False,0.0
B cells,ARNT2,0.01579988450005888,0.01576737435004827,3.0430502903742245e-05,0.5029682347826033,0.7794449272315719,818,0.8018393530584642,False,0.0
B cells,HOXC9,-0.021379982711064456,-0.007970413589623202,-0.012863859753921611,0.499969338001316,0.9976975528104969,818,0.9976975528104969,False,0.0
B cells,ETS2,-0.06216164523150863,-0.04827911258241577,-0.013098868752769591,0.49735402282356533,0.8028674551413013,818,0.8244674425131231,False,0.0
B cells,KLF13,0.032157112897811216,0.045211561504129485,-0.013537753371739679,0.49778773679495036,0.8346688765534299,818,0.8529082352009723,False,0.0
B cells,DUXA,-0.0006867476749165092,0.015064018980316955,-0.014168018138392895,0.4962532570708102,0.7237182370129005,818,0.749466083172305,False,0.0
B cells,MTF1,-0.05276577916784764,-0.03660885239040452,-0.01512165790991303,0.49466941152878885,0.6150149356729724,818,0.6449845592879332,False,0.0
B cells,NEUROD2,-0.022036450641174293,-0.0054487865108864665,-0.015706370007382377,0.4943437811027649,0.593583144616411,818,0.624288381366779,False,0.0
B cells,GMEB2,0.011533588625402208,0.03009359530286806,-0.01665252490195066,0.49600428164149624,0.706185190211793,818,0.7329977628519535,False,0.0
B cells,KLF10,0.019350673563876316,0.03336436612121601,-0.01745435676062846,0.49497342524574056,0.6353255062504729,818,0.6638757743516047,False,0.0
B cells,ZKSCAN1,-0.01778058649204394,0.0011276330034741477,-0.018742730268597695,0.4948352929416692,0.6260618945883518,818,0.6552111809375248,False,0.0
B cells,NR3C1,-0.0333012663398453,-0.01178556840695856,-0.021159508499167468,0.49205133677115664,0.4532905879589122,818,0.48712183768439804,False,0.0
B cells,POU6F1(var.2),-0.015709689320606988,0.006314925555391352,-0.021208190514857398,0.49415796939073997,0.5815089552018838,818,0.6130237709084998,False,0.0
B cells,THAP11,-0.026881684447592515,-0.00479361159767476,-0.022617243844272012,0.4947394741957818,0.6196703470091236,818,0.6495301098442783,False,0.0
B cells,TFEB,0.004012228700119459,0.03790826752796824,-0.028427728632516296,0.49778390404511486,0.834386576202669,818,0.8529082352009723,False,0.0
B cells,PAX4,-0.026691311360829927,0.005560947065666551,-0.03201486985077796,0.4892704468005124,0.31138778086009034,818,0.3428231187373947,False,0.0
B cells,HOXB9,-0.04000305777799288,-0.0057578352829789296,-0.03343521335267908,0.49136542786059584,0.41526971828822956,818,0.4496069789120088,False,0.0
B cells,DMRTA2,-0.03239736952855884,0.004466479529734615,-0.03348394500253052,0.48869200819533903,0.2860217878164183,818,0.3167928150849243,False,0.0
B cells,PPARG,-0.01658299685180521,0.0231515089022641,-0.03666230727757493,0.49141571353843755,0.4179914577318755,818,0.4521907588190289,False,0.0
B cells,GATA6,-0.044419043659517495,-0.00011646345703693908,-0.03681968292746849,0.49000372849903995,0.345614404524651,818,0.37783190508152875,False,0.0
B cells,SOX21,-0.04278103632273915,-0.0063329740376929025,-0.037203761872987635,0.4895663350878129,0.3249200556273041,818,0.3563639319783335,False,0.0
B cells,BHLHE40,-0.02762016918989415,0.012357724722158934,-0.03844172954813658,0.49196471662487434,0.4483833751831503,818,0.4824891319125069,False,0.0
B cells,HIC2,-0.010318073821714168,0.030757653236580938,-0.0399093579316784,0.4890020010020341,0.2994368005170903,818,0.33110721369011953,False,0.0
B cells,CREB3L1,-0.01229031161917708,0.029579098228254327,-0.0400737518425508,0.48896842611347513,0.2979638959405635,818,0.3295685956740076,False,0.0
B cells,HOXD13,-0.0340426980447247,0.006209750304457825,-0.04094556243665369,0.4893457220072816,0.31479467885647516,818,0.3461971379867623,False,0.0
B cells,MAX,-0.021494287099438233,0.02222037263963494,-0.04286182588382691,0.48470548843644046,0.14901676629220534,818,0.17065435505753265,False,0.0
B cells,GATA1::TAL1,-0.0673192358057469,-0.02064707405167093,-0.042890501918337064,0.4843170009131143,0.1389622636246189,818,0.1596369445273163,False,0.0
B cells,INSM1,-0.02397473667874048,0.015116611830629087,-0.043899253947945596,0.48902453757106684,0.30042818241446645,818,0.33193130148796596,False,0.0
B cells,TBX2,-0.09118172565675946,-0.013096867374536511,-0.04561466845775079,0.5214943676974617,0.042564047286174925,818,0.051715956552511634,False,0.0
B cells,DLX5,-0.04391777624018852,0.005219890485086305,-0.04658639151011742,0.49265614469519825,0.4883864573299619,818,0.5211532443592579,False,0.0
B cells,SOHLH2,-0.0394899657901191,0.011058033391566918,-0.050361306510306805,0.4818997622468622,0.08768638984244605,818,0.10301368562791426,False,0.0
B cells,HOXC12,-0.06137005524819239,-0.007481450545166545,-0.05303583684260057,0.49048742152827984,0.3694553154389302,818,0.4029154194786823,False,0.0
B cells,BCL6B,-0.04750379430997038,0.010023750587357987,-0.056349676206323716,0.48583921583778084,0.1815338410587326,818,0.20602690628993886,False,0.0
B cells,HOXA9,-0.06882420942567061,-0.009566848173167188,-0.058414340700166316,0.48598624012147057,0.18610967211324847,818,0.21092429506168162,False,0.0
B cells,RFX7,-0.07236324451054661,-0.011104103488970576,-0.059428350892732476,0.4847898089328214,0.1512706828498207,818,0.17313753403405222,False,0.0
B cells,TBX21,-0.09914205713379312,0.0010134878617816517,-0.059463251494628375,0.518745059585462,0.07696589936204111,818,0.09086782282428314,False,0.0
B cells,HOXD12,-0.06703416234524648,-0.006194773280660333,-0.0600155485334591,0.4827970856383491,0.10457468501549444,818,0.12175803613602604,False,0.0
B cells,ELF2,-0.08137253422053439,-0.01952842023529428,-0.06179423730848787,0.48105257122322365,0.07383057487582484,818,0.08726804146876638,False,0.0
B cells,TFCP2,-0.06340881495625947,0.0004842557892521369,-0.06211654827396711,0.48464631077898035,0.14745029940533652,818,0.16904563872311484,False,0.0
B cells,YY1,-0.06794573801844954,-0.005105884930764739,-0.06478900562271342,0.4834484998003904,0.11838021027673168,818,0.13700409919326553,False,0.0
B cells,RXRA::VDR,-0.04326956646317874,0.022602620437389295,-0.06533959508456356,0.48254105794933777,0.09951184939457049,818,0.11616414963947842,False,0.0
B cells,ZNF135,-0.024077912438334063,0.05597201846415545,-0.06653316651460908,0.4902634356278933,0.3582907395749002,818,0.3910559299487581,False,0.0
B cells,TP73,-0.05712536542457445,0.014399655436003383,-0.06910213173365348,0.4840851962030634,0.1332167128703992,818,0.15347232923508977,False,0.0
B cells,RARA,-0.06100594283979181,0.034184442361799836,-0.07309257091938876,0.4846476905689211,0.14748667936050305,818,0.16904563872311484,False,0.0
B cells,ESR1,-0.049027561655348904,0.03652860065139833,-0.07328227507112822,0.48095552599738883,0.07236451879815947,818,0.08563522756869062,False,0.0
B cells,RARG(var.3),-0.04075861970183264,0.04202207692034739,-0.07611200075715388,0.47804892183214026,0.03835385202594115,818,0.046769043187751026,False,0.0
B cells,HOXB6,-0.07627670077375033,0.006524139753768789,-0.07911759216479106,0.4803255752344263,0.06341748248268843,818,0.07542243801439077,False,0.0
B cells,BHLHE41,-0.05722931894452584,0.028472343105283238,-0.07981712170781911,0.47658849083482197,0.027185565095914733,818,0.033585586680327024,False,0.0
B cells,MEIS1,-0.09250842073695523,-0.008382693151820607,-0.08023869452038951,0.47620858867112736,0.024788276733368596,818,0.030793173983177567,False,0.0
B cells,ZNF682,-0.015107045944226547,0.06350774961600612,-0.08144658727221193,0.47151730287247734,0.00720313645922417,818,0.009323061456820535,False,0.0
B cells,VDR,-0.05704664248427181,0.030351793664264104,-0.08400741895456257,0.47813477542845545,0.03911712093259648,818,0.047685408645159785,False,0.0
B cells,GCM1,-0.10614836520880029,-0.015954966488520187,-0.08572211602818476,0.4750268752418465,0.018463983836603665,818,0.023185995841992064,False,0.0
B cells,THRB(var.3),-0.049340895977610835,0.062170733424463595,-0.08598169831718175,0.4789775204622848,0.047318230774842616,818,0.05714912290000395,False,0.0
B cells,TFAP2C(var.2),-0.056610009674876255,0.022310529186532854,-0.09177743979518362,0.472529915379016,0.009548494031494876,818,0.012225698370705149,False,0.0
B cells,CREB3,-0.05079473800373019,0.051293825860818855,-0.09180829229802319,0.4722071978428671,0.008736077285516359,818,0.01122100593561879,False,0.0
B cells,NEUROG1,-0.09407220725729769,0.0059810772189298825,-0.09511673832821661,0.47569178068330875,0.021822307029043368,818,0.027259356048011565,False,0.0
B cells,HOXA5,-0.08099537240777954,0.016030793072585953,-0.09517670635752824,0.4743947781389761,0.015699934369082274,818,0.019850604517908398,False,0.0
B cells,CREB3L4(var.2),-0.05274670896284802,0.0614275786157399,-0.09599023417988878,0.47276539952890906,0.01018314481112192,818,0.012997162115394098,False,0.0
B cells,CUX2,-0.08124649148386343,0.01814472176328836,-0.09655614087224508,0.4749212446563802,0.017974363427204782,818,0.022620303087549157,False,0.0
B cells,XBP1,-0.06468140445431733,0.04214577977537587,-0.09773620199903409,0.47190226426595483,0.008025780853585065,818,0.010341499787772348,False,0.0
B cells,NR1D1,-0.07164246692317869,0.053715291298249174,-0.09779701210346126,0.474255266044964,0.015141360516456311,818,0.01916232238022591,False,0.0
B cells,GFI1,-0.07323212111490644,0.0400837237791865,-0.09782249818305395,0.47309486270476847,0.011134059112963522,818,0.01418400603622494,False,0.0
B cells,THRB(var.2),-0.06973989297283037,0.03184703498610947,-0.09806824014549897,0.4726864448822978,0.009966289518136367,818,0.012736452113196382,False,0.0
B cells,HOXC13,-0.10110516944205299,0.006763786010307681,-0.10539261857740931,0.4700099590171726,0.004661785288555743,818,0.006100123957793188,False,0.0
B cells,ZBED1,-0.12062914003718855,-0.002188962766995302,-0.11457091875439504,0.47046299004772846,0.005323505815127839,818,0.006941316315825728,False,0.0
B cells,NKX6-3,-0.10420454662172393,0.011037704531051375,-0.11556540506869402,0.46697442114745785,0.0018337207673115555,818,0.002475553628475994,False,0.0
B cells,ETV3,-0.16805690652365277,-0.04391733770319272,-0.11640761978044072,0.46465637404694843,0.0008541447150271048,818,0.0011750661397482713,False,0.0
B cells,NR1D2,-0.10912960954085128,0.028169178465072057,-0.12321086858885551,0.4644316215965948,0.0007912712195616682,818,0.0010930294825355102,False,0.0
B cells,HES5,-0.08668415829754897,0.04113563156651883,-0.12343145617960442,0.4671177659913055,0.0019196132934487947,818,0.0025880557765057726,False,0.0
B cells,PKNOX1,-0.0844006736854446,0.0563348918095865,-0.12488760682317242,0.46216094728405216,0.00035689146828054853,818,0.000499648055592768,False,0.0
B cells,MNT,-0.10502045298332742,0.026681724684305887,-0.1313685964838472,0.46406383092238035,0.0006975739268324188,818,0.0009662389962218304,False,0.0
B cells,SMAD5,-0.1333422871516813,0.004187076240166628,-0.13473687486645203,0.4602425793363885,0.0001760872979072998,818,0.00025183782514419763,False,0.0
B cells,NFYA,-0.09348894874360919,0.03857287872683855,-0.13479796964001609,0.4594024405724472,0.00012797258369659116,818,0.00018459075708962845,False,0.0
B cells,SPDEF,-0.20669523588629823,-0.049515181266816956,-0.13617761485989885,0.45888869878449706,0.00010497347545394404,818,0.00015233955584169925,False,0.0
B cells,GSC,-0.13125138701513045,0.007929058530999513,-0.13720500644882397,0.4611389828679149,0.0002459053227799316,818,0.00034800032737586687,False,0.0
B cells,KLF6,-0.06445846881579065,0.05636606700201086,-0.14007610803048723,0.45975168073745787,0.0001462349860383654,818,0.0002098109055004349,False,0.0
B cells,JUNB(var.2),-0.10061382708803067,0.07227857656548453,-0.14136978764148417,0.45934924200473054,0.00012538704928751816,818,0.00018111960064880347,False,0.0
B cells,RFX5,-0.13945445728774325,0.01428799332805826,-0.1417311889419295,0.45996600810825894,0.0001586293953287417,818,0.0002274325065556658,False,0.0
B cells,MAX::MYC,-0.10346745031521608,0.043139360756017105,-0.1426690804301292,0.4575607276214936,6.225625321964151e-05,818,9.129713683460296e-05,False,0.0
B cells,MSGN1,-0.13127361978622615,0.01982887872668516,-0.1459779581028314,0.46036768029101915,0.00018456375383967742,818,0.0002634020980724285,False,0.0
B cells,HOXC11,-0.15313090446109423,-0.0033382244966074144,-0.14641878303896627,0.4614400836949916,0.00027467964551619026,818,0.0003872313051423365,False,0.0
B cells,ISL2,-0.12435666094665426,0.02364992186935831,-0.14700771283344927,0.4581491313762393,7.86173580037206e-05,818,0.00011483242977727566,False,0.0
B cells,ZNF24,-0.12792204535575183,0.024603154473451516,-0.14750460034189847,0.4565226656560472,4.095383973842792e-05,818,6.058472964595224e-05,False,0.0
B cells,PPARA::RXRA,-0.13476600851821055,0.024426259626795135,-0.14964164956622672,0.45829600234993556,8.329402459316357e-05,818,0.00012153177912150733,False,0.0
B cells,SMAD2::SMAD3::SMAD4,-0.1346432972642551,0.014542033477340316,-0.1496840314428741,0.4552317955114513,2.4019192613880163e-05,818,3.599320493176264e-05,False,0.0
B cells,BHLHE23,-0.15241649347797073,0.007306723365792508,-0.15437120744570274,0.4568509023519593,4.67991323041782e-05,818,6.910558003748358e-05,False,0.0
B cells,EOMES,-0.24267204503213488,0.02210764129849879,-0.15566752843521112,0.49056775596483193,0.3735117205908125,818,0.4070100785107534,False,0.0
B cells,ZBTB6,-0.11492117062849141,0.0389740863895174,-0.15651030541634167,0.4566506795005528,4.314595074988963e-05,818,6.378097067374989e-05,False,0.0
B cells,THAP1,-0.15442044083202905,-0.0001782823140204439,-0.15736648134392026,0.45326789449574195,1.0379359130134463e-05,818,1.5775690097867784e-05,False,0.0
B cells,NFIX,-0.1514420107550102,0.008692119898110166,-0.1586043289446734,0.456163000411484,3.534651744047838e-05,818,5.252001820204757e-05,False,0.0
B cells,HEY2,-0.11833626484070248,0.04706289996688754,-0.15869052474138837,0.4563204497747263,3.770506676851053e-05,818,5.5921810903736664e-05,False,0.0
B cells,HOXC10,-0.16111653685987926,0.003950776900351366,-0.1590316478666994,0.4560759203352215,3.410295852755982e-05,818,5.072815080974523e-05,False,0.0
B cells,GATA5,-0.200131084415423,0.002002333591509698,-0.1632453666464197,0.4524207034721034,7.154244902029374e-06,818,1.1006112119243668e-05,False,0.0
B cells,ELF3,-0.21751330326776455,0.06324620555124481,-0.16607453258797455,0.4644530849956736,0.0007970845765115664,818,0.0011003084942223806,False,0.0
B cells,NR2F1,-0.18195894570241303,0.09814327706826123,-0.16752718270188574,0.46768869240680133,0.002299645732125931,818,0.0030768408175203426,False,0.0
B cells,NFIA,-0.15415946824241578,0.015413950098377123,-0.17104149375372035,0.4528282014346136,8.563062632454296e-06,818,1.310864601245179e-05,False,0.0
B cells,TBX19,-0.17345252522736382,0.007221449603872836,-0.17182836245249755,0.44944342339988824,1.8427137979258876e-06,818,2.904409827194445e-06,False,0.0
B cells,CREM,-0.14542889259509464,0.0873701485352721,-0.1752273238986148,0.45228809032779516,6.745680366798474e-06,818,1.0389426252023839e-05,False,0.0
B cells,RXRB(var.2),-0.12744367744089466,0.057778317913017165,-0.175474167944495,0.45309143469331564,9.610135124626579e-06,818,1.4672681778958165e-05,False,0.0
B cells,HIF1A,-0.18293269701573245,-0.0009732202960644421,-0.1759912647401204,0.4473596339693245,6.815324194761892e-07,818,1.0959778096981962e-06,False,0.0
B cells,RARA::RXRA,-0.1397179546733785,0.056990894946780765,-0.17715512511018927,0.45363047263018014,1.2148437290572677e-05,818,1.838854368786272e-05,False,0.0
B cells,DPRX,-0.16838698367620222,0.010486310352752538,-0.17790393538908905,0.45129019558062483,4.312794881670716e-06,818,6.690785311058174e-06,False,0.0
B cells,FOSL1::JUND(var.2),-0.15613915718365598,0.07523548431661423,-0.17892093818212063,0.4510137776624887,3.8044468751772847e-06,818,5.915754057251074e-06,False,0.0
B cells,ELK3,-0.24036959041888573,-0.04424758273902289,-0.17937399366186543,0.4484498213325337,1.1521407959303702e-06,818,1.834538237046154e-06,False,0.0
B cells,KLF3,-0.10185713488216824,0.06296488586329285,-0.18312746618688763,0.4464868401767848,4.443596652842072e-07,818,7.205928680320249e-07,False,0.0
B cells,TLX2,-0.1638626701818282,0.020007543843339488,-0.18378959537280384,0.4480798843184114,9.652254328574439e-07,818,1.5411610502530457e-06,False,0.0
B cells,FEV,-0.24014083347678056,-0.038092064853053956,-0.1841347163788747,0.4446719564746796,1.7879471479663065e-07,818,2.958705178188825e-07,False,0.0
B cells,HOXD10,-0.18444508472772475,0.00749746642943836,-0.1865608119401209,0.45071988240510263,3.3271198346342206e-06,818,5.185488001128682e-06,False,0.0
B cells,ZNF341,-0.15500975209273016,0.028678739759147698,-0.18927317873722377,0.4483359120074227,1.0911600433643623e-06,818,1.7401787684084388e-06,False,0.0
B cells,MXI1,-0.18158159494239406,0.03797720305283843,-0.18959880942573523,0.44627465914589165,4.000799010769211e-07,818,6.498286952056294e-07,False,0.0
B cells,BACH2(var.2),-0.16056883880652467,0.04536672747467141,-0.1896805534174124,0.44563428330337657,2.907621158478668e-07,818,4.7513066264962394e-07,False,0.0
B cells,ZNF282,-0.17223055632452391,0.026595170577913434,-0.19089825148937503,0.44645479838816005,4.373822260711516e-07,818,7.095623442998714e-07,False,0.0
B cells,GATA2,-0.20547905674727043,0.01436538337440826,-0.19193278084864548,0.44554275723730485,2.77716485067973e-07,818,4.5436348507279374e-07,False,0.0
B cells,NFATC2,-0.18577543570440164,0.0082239822779054,-0.19575480161625813,0.44923952110863974,1.6745732752360166e-06,818,2.645577302461899e-06,False,0.0
B cells,SMAD3,-0.19170479840758906,0.00839177599254664,-0.1963425177194768,0.44303889842477046,7.691908406496088e-08,818,1.2972680872314787e-07,False,0.0
B cells,FOXD2,-0.17248645598717255,0.01961770926403092,-0.20103388682614984,0.44623019924779983,3.91356910882856e-07,818,6.359156873221026e-07,False,0.0
B cells,RXRG(var.2),-0.16047579102177914,0.07786265172019936,-0.20245805761035446,0.443792263732436,1.1383316405832641e-07,818,1.9039643727986302e-07,False,0.0
B cells,FOSL1::JUN(var.2),-0.17654858095307208,0.09711512859600538,-0.2029089226617012,0.44421034008449223,1.411955451106806e-07,818,2.3519027398839593e-07,False,0.0
B cells,MYC,-0.15240542593950288,0.05795240235393499,-0.20301280980108516,0.4428403619832917,6.931337043778878e-08,818,1.1724159564853403e-07,False,0.0
B cells,CLOCK,-0.18229495194837633,0.027192412237340886,-0.20474913226852798,0.44547116147037774,2.6790747888158393e-07,818,4.3920326562191594e-07,False,0.0
B cells,USF1,-0.2090762647812639,0.0779459351224081,-0.205893397880106,0.4461150634427415,3.696119211228596e-07,818,6.013067281315199e-07,False,0.0
B cells,HES7,-0.16911944404994642,0.03955322442312352,-0.20714578855247304,0.43877688060769626,7.634896774253837e-09,818,1.332073839958216e-08,False,0.0
B cells,SOX14,-0.1842466293604295,0.02697332647425627,-0.20872812980018582,0.43997561144624675,1.4855159264323683e-08,818,2.57294410888072e-08,False,0.0
B cells,RORA(var.2),-0.21305921103203126,0.026443515222737555,-0.20892787093159376,0.4471821009969442,6.250776133011006e-07,818,1.005992053864858e-06,False,0.0
B cells,BARX1,-0.191509411753689,0.027844591703405586,-0.20932771573452263,0.4389321836310307,8.328362634236129e-09,818,1.4511867019000592e-08,False,0.0
B cells,NR2C1,-0.1970385058637661,0.07842626881645877,-0.21164915323197725,0.43834301332631787,5.981941237213065e-09,818,1.0472926977829537e-08,False,0.0
B cells,FOSB::JUNB(var.2),-0.1928424285603244,0.09061746286746424,-0.21746875598999285,0.43860670651500017,6.939481377751072e-09,818,1.211788591039311e-08,False,0.0
B cells,NFYC,-0.1671394212459412,0.045408226024751204,-0.2192183752422939,0.4337697762226012,4.137725069417403e-10,818,7.541097131019285e-10,False,0.0
B cells,GATA3,-0.2560246576607362,0.014559846332146782,-0.22124842380168666,0.4329083273695746,2.451318607696911e-10,818,4.4898302791949765e-10,False,0.0
B cells,FLI1,-0.31015612477722126,-0.04584237516135219,-0.22470239998100958,0.4349038102439285,8.161886401096423e-10,818,1.4722689424358506e-09,False,0.0
B cells,RFX4,-0.22472107119376836,0.017518646412031512,-0.22558047836112113,0.4366595162885736,2.2854567675217044e-09,818,4.066384380559725e-09,False,0.0
B cells,RFX1,-0.21131774526987995,0.02592816778257266,-0.22641704084397127,0.43544990044049026,1.1275292870352996e-09,818,2.0266474879363937e-09,False,0.0
B cells,RFX3,-0.22268455592763997,0.01863775646124207,-0.22870593956980856,0.43421314872357164,5.403652207096642e-10,818,9.812915991881964e-10,False,0.0
B cells,BCL6,-0.21169827015382378,0.02157735538112244,-0.22915749612068936,0.43700247074385395,2.785904610422262e-09,818,4.930783050642377e-09,False,0.0
B cells,ERG,-0.32007579929919605,-0.03980414661487443,-0.23259127120601866,0.4308320501286884,6.758856992639873e-11,818,1.2596193179281866e-10,False,0.0
B cells,ETV2,-0.29708725931631663,-0.017549042762459457,-0.23709495311133552,0.429941472376912,3.8448106913126545e-11,818,7.238764102862262e-11,False,0.0
B cells,ZNF16,-0.1972280655345674,0.03297536218939983,-0.23736397447659063,0.43355560216179356,3.634936173944876e-10,818,6.63671108293365e-10,False,0.0
B cells,HOXD9,-0.20639132743342248,0.02516998690610974,-0.23873163520363944,0.43258269694355067,2.007823124202492e-10,818,3.6841960818699693e-10,False,0.0
B cells,PROX1,-0.2028332389165472,0.034814053929165485,-0.23992176467822526,0.4350988205555586,9.162935902118379e-10,818,1.6506339563655816e-09,False,0.0
B cells,GSC2,-0.2188016485268662,0.026020506652570555,-0.24073409178568428,0.43207815375520564,1.4710827406921953e-10,818,2.707916637325124e-10,False,0.0
B cells,ATF7,-0.2225412871902579,0.10687818438898378,-0.24380978948747153,0.4304096810968165,5.17670961873673e-11,818,9.687773874842188e-11,False,0.0
B cells,SOX10,-0.2867274229407099,-0.008450343041581954,-0.24474182605494024,0.4322003418199613,1.5865018164176026e-10,818,2.9190479077879125e-10,False,0.0
B cells,ZBTB12,-0.2190845784031884,0.02040253687526233,-0.24591001837969714,0.43173811218980024,1.191378595189331e-10,818,2.2010583544000152e-10,False,0.0
B cells,ETS1,-0.3521954081333282,-0.04951884199506454,-0.24614374173904632,0.4278282474276116,9.806220721519891e-12,818,1.8875342073867497e-11,False,0.0
B cells,JUN::JUNB(var.2),-0.2258027704156737,0.08701074299127691,-0.2485242948663014,0.4287038008000329,1.7354100899393285e-11,818,3.310452250775353e-11,False,0.0
B cells,DMRT3,-0.22700509398836197,0.020036661442592855,-0.2511160759502528,0.430210531415364,4.5625732427279506e-11,818,8.562231604859596e-11,False,0.0
B cells,GATA4,-0.2536252815309139,0.025427447566995113,-0.2521838540116543,0.42835517387499594,1.3836988246488992e-11,818,2.650779093053715e-11,False,0.0
B cells,ZSCAN29,-0.2288053147920517,0.02928547722539495,-0.25658880481338875,0.429173695929865,2.350975163782247e-11,818,4.457378403309733e-11,False,0.0
B cells,ZNF410,-0.24515291372649647,0.02183601232435838,-0.2662873689772514,0.4274061850157265,7.429549059927885e-12,818,1.4362138316516111e-11,False,0.0
B cells,RARB(var.3),-0.22107927738741462,0.07728369436857906,-0.2676354550151135,0.42233668346330955,2.345880688186501e-13,818,4.712727539425314e-13,False,0.0
B cells,E2F6,-0.17552969927993062,0.009541295406800888,-0.2684058069049485,0.42476312072916683,1.2610926944977904e-12,818,2.486540468780731e-12,False,0.0
B cells,PBX3,-0.229783699152461,0.07989668710974365,-0.2685796471248949,0.4200433192717407,4.5640846724604733e-14,818,9.402386244793826e-14,False,0.0
B cells,TCF7,-0.4834172790369903,0.012713900621749673,-0.26915474651923565,0.4293895564006002,2.701064565152487e-11,818,5.11394816593681e-11,False,0.0
B cells,NR1I2,-0.24043073870162268,0.03362476740605343,-0.27230496365158613,0.4206913606139268,7.282433728395549e-14,818,1.4903756633833278e-13,False,0.0
B cells,SOX8,-0.2500143118734005,0.03351775015568332,-0.27651593903899574,0.42242499001951944,2.496212154050726e-13,818,5.009759114726805e-13,False,0.0
B cells,SOX18,-0.2502511880426142,0.027664719275205273,-0.2779630491507016,0.42109502582660147,9.724558673275029e-14,818,1.982144301867545e-13,False,0.0
B cells,ZNF140,-0.26687692277050634,0.049379637190609144,-0.2794435431924878,0.4238963060263706,6.956228356962135e-13,818,1.3837217272501866e-12,False,0.0
B cells,RFX2,-0.27667827028433484,0.03616835175846676,-0.28440953015848297,0.4182012997008002,1.1853086083974093e-14,818,2.4848490308683513e-14,False,0.0
B cells,TEAD2,-0.2548103849773038,0.043980264464469815,-0.2855260003396108,0.42399871710197506,7.465318883718809e-13,818,1.483530461862785e-12,False,0.0
B cells,NR6A1,-0.2663215554990713,0.05051742200975719,-0.2872279948644948,0.4188925744611307,1.9727880527060123e-14,818,4.105915875127843e-14,False,0.0
B cells,FOSL2::JUNB(var.2),-0.28262877278454124,0.11482919924157699,-0.28874092104403065,0.41851972455713343,1.4995890633786083e-14,818,3.1323373001702884e-14,False,0.0
B cells,ZNF317,-0.264798223979603,0.02242099135906706,-0.2905657217356608,0.4214172834327702,1.2237421050159432e-13,818,2.4830795169982476e-13,False,0.0
B cells,FOSB::JUN,-0.2931687890700259,0.11110858630189956,-0.2944828911043046,0.41530159448525555,1.336376385348873e-15,818,2.8638659190262396e-15,False,0.0
B cells,RUNX3,-0.37943764879715836,0.019624339040624737,-0.29461170591154623,0.4104839812520275,3.021489387401854e-17,818,6.787865664313104e-17,False,0.0
B cells,NR2F2,-0.3384871738111591,0.08723830188391186,-0.29795822296839275,0.4136033796881429,3.5967826651600165e-16,818,7.866260899047259e-16,False,0.0
B cells,TCF7L2,-0.5566034726007533,0.015724553256375232,-0.3020793758831093,0.42109993174639093,9.758711535935948e-14,818,1.98810407222542e-13,False,0.0
B cells,NR4A1,-0.27379561793543883,0.03231939567219961,-0.30644465500051477,0.41795707688128225,9.890785394771327e-15,818,2.0756285117865555e-14,False,0.0
B cells,FOSL2::JUN(var.2),-0.334960501433064,0.1189831222098857,-0.3113859210599834,0.40995092240490644,1.9619471337749434e-17,818,4.4321820788684654e-17,False,0.0
B cells,ERF,-0.4165645439600788,-0.02874316860984325,-0.31646731815466156,0.4077072306512057,3.100636617545461e-18,818,7.185094933899733e-18,False,0.0
B cells,OTX2,-0.3027572271771856,0.03862789466440471,-0.31747291340607,0.4105169429006128,3.10299881896911e-17,818,6.963246379117591e-17,False,0.0
B cells,REST,-0.2722032008928865,0.023660518601001136,-0.32006100185488556,0.4094376405469365,1.2914761084216373e-17,818,2.937218850294516e-17,False,0.0
B cells,PITX3,-0.28757088933815034,0.03760687920134784,-0.32185022991780254,0.41134159735521864,6.020892435973022e-17,818,1.3429179049584812e-16,False,0.0
B cells,PITX2,-0.3033319111909305,0.052560841862059685,-0.3224678001389109,0.40896912520704515,8.799259749645214e-18,818,2.0102656661244797e-17,False,0.0
B cells,ZBTB7A,-0.3914783022745215,-0.039489533741630736,-0.32320096533884884,0.40712265964629546,1.903446310759203e-18,818,4.436257933946853e-18,False,0.0
B cells,TCF7L1,-0.41894762014627424,0.016255531622333848,-0.3256638128427348,0.40248763861523057,3.573603857162419e-20,818,8.689183417114872e-20,False,0.0
B cells,FOSL2::JUND(var.2),-0.36275935051312896,0.11740245943812885,-0.3285959226629702,0.40729406021893894,2.1968960923589533e-18,818,5.1084147067151296e-18,False,0.0
B cells,ELK4,-0.46922644352769083,-0.04645665615612207,-0.3394545172996012,0.39897208715611804,1.5448185519436424e-21,818,3.8582320130641835e-21,False,0.0
B cells,TP63,-0.3076661227050203,0.04173143019180554,-0.3416488956627067,0.40358181203826865,9.291008055685665e-20,818,2.236253336900904e-19,False,0.0
B cells,HNF4A(var.2),-0.32678509000849626,0.06706188469571073,-0.3423852664999366,0.40075186286973,7.681337950474731e-21,818,1.8938874678623257e-20,False,0.0
B cells,NR1H4,-0.4121719559819729,0.08502693130365122,-0.3483560055939346,0.39816874279059755,7.421629162097233e-22,818,1.8674074371794406e-21,False,0.0
B cells,PITX1,-0.3183020611658064,0.04546425067088903,-0.3550858048600353,0.40051423237992917,6.2106230053453895e-21,818,1.53783235493436e-20,False,0.0
B cells,JDP2(var.2),-0.3733211047891377,0.1230986146610421,-0.35667730686307003,0.3958672531693775,8.804585475251237e-23,818,2.2733473409614874e-22,False,0.0
B cells,ATF2,-0.4878447201595452,0.14240267451138874,-0.3569055881041103,0.40166543712051944,1.7309365748093863e-20,818,4.236763086315049e-20,False,0.0
B cells,ELF1,-0.38483473102932103,0.05770888993156184,-0.3626062553655477,0.3939375402822008,1.421805109563337e-23,818,3.7476374418848614e-23,False,0.0
B cells,RORA,-0.3675807049046315,0.03246390031301347,-0.3636003904284616,0.3952121595674941,4.758674251076334e-23,818,1.2389701428478024e-22,False,0.0
B cells,NFYB,-0.3270501105813372,0.10238067869706878,-0.369503507918057,0.3948383898035363,3.3441309870015426e-23,818,8.757510662400156e-23,False,0.0
B cells,SRF,-0.3593601805804267,0.03227393756857178,-0.37111336825505176,0.3923443428305808,3.078333046499988e-24,818,8.188649247954603e-24,False,0.0
B cells,TBX20,-0.5269067687199794,0.046773986531648694,-0.3777771801298845,0.40072472700089473,7.497345707573181e-21,818,1.8496500446854323e-20,False,0.0
B cells,ZNF143,-0.33131540257368947,0.045025028500705166,-0.37890714991268437,0.39314078824639737,6.633291694088743e-24,818,1.7552843815750852e-23,False,0.0
B cells,TEAD1,-0.34048096315331333,0.062153282265181554,-0.38196601848248884,0.39288614034732683,5.1926715590443446e-24,818,1.3758709317546444e-23,False,0.0
B cells,ZNF528,-0.3766049520002343,0.06748088701304121,-0.3827105925499392,0.3902916753286813,4.147744750115308e-25,818,1.124783864541993e-24,False,0.0
B cells,RBPJ,-0.32403520053294876,0.05056402844308119,-0.38413649098214053,0.38875857539448194,9.059762602416743e-26,818,2.5003955995483046e-25,False,0.0
B cells,SOX9,-0.34646554696030113,0.04894616433489803,-0.38918052272990594,0.38849702854570756,6.974334620406552e-26,818,1.9327505393263634e-25,False,0.0
B cells,MAFA,-0.3622929925749904,0.056841936875009,-0.3923567738783348,0.388113140322184,4.74536591767472e-26,818,1.318664182892302e-25,False,0.0
B cells,NR4A2,-0.4430386111354223,0.11746264493207537,-0.39466836473828365,0.3843470803338233,1.0132221543851471e-27,818,2.9053840089598197e-27,False,0.0
B cells,FOS::JUN(var.2),-0.4600738519791746,0.12460900167711628,-0.40555405023541835,0.3829541057336098,2.3660531568437127e-28,818,6.8673250162049225e-28,False,0.0
B cells,RORC,-0.4760307565742987,0.04127927831142325,-0.4129342468176181,0.38299319978193186,2.4652116043705905e-28,818,7.139761024540737e-28,False,0.0
B cells,TEAD4,-0.39385436941407964,0.0585249344300321,-0.4130480883071417,0.3809270410006114,2.76378096795872e-29,818,8.210174593510265e-29,False,0.0
B cells,LEF1,-0.6562333661018509,0.04722502389476794,-0.41316002612622643,0.38380773577697197,5.781065737715681e-28,818,1.6647823469606865e-27,False,0.0
B cells,NR2C2,-0.3427670239546223,0.06253809060723373,-0.4245503317148347,0.37699065360956113,3.851161361280209e-31,818,1.179545712925036e-30,False,0.0
B cells,ETV5,-0.44961097757895924,0.00010596645952902373,-0.4317633177532261,0.37549036201395364,7.287647609115505e-32,818,2.2508261241588805e-31,False,0.0
B cells,SOX4,-0.40830467405954685,0.0359925257582812,-0.43523554878780313,0.3793545403981031,5.096123234815455e-30,818,1.5375775248369377e-29,False,0.0
B cells,ZNF684,-0.3726359050140376,0.06588728409849576,-0.44275266584801204,0.37425958938677845,1.832375733406173e-32,818,5.742674064571167e-32,False,0.0
B cells,ZNF449,-0.36499244714797274,0.07413786961742695,-0.4440867010242126,0.3719363297464927,1.304315456137705e-33,818,4.175047733807875e-33,False,0.0
B cells,MAF,-0.4148491577343432,0.058502490767914514,-0.4448069345505662,0.37242952799532464,2.2947913914740137e-33,818,7.322339092984116e-33,False,0.0
B cells,NR2C2(var.2),-0.5737932809019092,0.09830627219623701,-0.4481270708157945,0.3702304494497091,1.8177013999335608e-34,818,5.916669239043593e-34,False,0.0
B cells,TEAD3,-0.4115413683554276,0.05720269872136236,-0.44897413219706034,0.37397151990914235,1.323857020556265e-32,818,4.158637814573485e-32,False,0.0
B cells,CDX1,-0.3967308887766049,0.05075728475538175,-0.45145057604662164,0.3731243288855038,5.067734922971787e-33,818,1.6056425605594245e-32,False,0.0
B cells,RXRG,-0.4281149565942797,0.07608409414621134,-0.452929880537145,0.368548485511899,2.539321427695829e-35,818,8.40760597091434e-35,False,0.0
B cells,CDX4,-0.3971501329086118,0.0491565377538115,-0.4540727983152871,0.37504285014316086,4.4182890718278365e-32,818,1.3687900141359438e-31,False,0.0
B cells,RUNX2,-0.6823565111401751,0.009906635153902964,-0.4584529655901228,0.3575254969850057,3.416232512213461e-41,818,1.2441113181292226e-40,False,0.0
B cells,MYB,-0.42984833835746444,0.055668163621637755,-0.46233484579810596,0.3681940328071121,1.6718290342836007e-35,818,5.548991199927358e-35,False,0.0
B cells,ESR2,-0.4490249439532154,0.08420442297967805,-0.4640876897752578,0.35880532881007526,1.7345647092900547e-40,818,6.2717147576296345e-40,False,0.0
B cells,GABPA,-0.49021134988357445,0.06046624614007287,-0.46546804772439726,0.3630852838963796,3.5746014802115637e-38,818,1.2435801882146162e-37,False,0.0
B cells,RHOXF1,-0.4530405457364766,0.06938776152170392,-0.46552414951697907,0.3650686552812533,3.996678346277435e-37,818,1.3623050201380372e-36,False,0.0
B cells,NKX2-3,-0.47503033672374995,0.03700734485846623,-0.46738970270591107,0.36586648048701065,1.0451788148379482e-36,818,3.532826637288503e-36,False,0.0
B cells,NR1H2::RXRA,-0.4609502198968864,0.06507175980574208,-0.46944823676697284,0.3662522084304552,1.660197592554981e-36,818,5.602301467454089e-36,False,0.0
B cells,RORB,-0.4982549560000581,0.06091366370178317,-0.47373077956206633,0.36309647552589924,3.623984139878055e-38,818,1.2596769613356195e-37,False,0.0
B cells,RARA::RXRG,-0.4514861020323511,0.11128567908666377,-0.47455909650461847,0.3618560443691386,7.86727600290183e-39,818,2.7679129311078957e-38,False,0.0
B cells,JUND(var.2),-0.6608724890873576,0.15028178357282665,-0.48900710949318504,0.3621293960874063,1.102849854547717e-38,818,3.8666642214038674e-38,False,0.0
B cells,CREB1,-0.6779520072549765,0.16901553607587522,-0.4966884071164779,0.3594734537613994,4.027756603895852e-40,818,1.4459896379203743e-39,False,0.0
B cells,ESRRA,-0.5184474962634786,0.09860308603472524,-0.5026381845549014,0.35201415603155245,2.6476942153855327e-44,818,1.0154095540710773e-43,False,0.0
B cells,ZNF75D,-0.4330625715538439,0.05527408209935537,-0.504275358492028,0.3609737453570068,2.632606579891149e-39,818,9.32708075502591e-39,False,0.0
B cells,ETV4,-0.49123283403026885,0.056791946340242455,-0.5097430051359964,0.35396763196770925,3.457825378980362e-43,818,1.302640734018114e-42,False,0.0
B cells,THRB,-0.4736198481451558,0.08728961201338992,-0.5134951981241069,0.3562622226392254,6.77417955395293e-42,818,2.5053318533175094e-41,False,0.0
B cells,NKX2-8,-0.47500730485262815,0.054691824877027576,-0.5166402428484079,0.3511855155171177,8.811865183622283e-45,818,3.421574523314372e-44,False,0.0
B cells,NR2F1(var.2),-0.5124992329685061,0.09080064916626399,-0.5193444821096669,0.3516592433967853,1.6540402646191403e-44,818,6.361451435978176e-44,False,0.0
B cells,SOX2,-0.48758646762578434,0.07260431456367801,-0.5239758366040732,0.35171612140434405,1.78370536183478e-44,818,6.853629528949211e-44,False,0.0
B cells,FOXH1,-0.5031054053548519,0.057631631711918006,-0.5538507825656255,0.34416253802854385,6.158749277566012e-49,818,2.5609763182972336e-48,False,0.0
B cells,HNF4A,-0.5429466578874192,0.08633665704613797,-0.5550387416531971,0.3390548622877653,4.446315903658144e-52,818,1.9323087160258702e-51,False,0.0
B cells,ESRRB,-0.58058112232685,0.10314926164282408,-0.5606540832561907,0.33925125238933623,5.8972159643927765e-52,818,2.5601004068597826e-51,False,0.0
B cells,RXRB,-0.5444483113937306,0.09516088969838586,-0.5719104566511907,0.3333160093040769,9.96521184377136e-56,818,4.5455746471137456e-55,False,0.0
B cells,SOX13,-0.5632709751010944,0.08578855119001946,-0.5980298503299765,0.3317464215914436,9.511577738689293e-57,818,4.393132823143479e-56,False,0.0
B cells,NR5A1,-0.6825823309808258,0.13807331828752062,-0.5984400039660528,0.32576579874813194,1.00899550333334e-60,818,4.9126303327156365e-60,False,0.0
B cells,RARA(var.2),-0.6322550552561836,0.10345185022563301,-0.6118175596639353,0.32213725782386887,3.352949456863079e-63,818,1.6789645423846555e-62,False,0.0
B cells,PPARD,-0.5997258441830033,0.10060308207772256,-0.6181467429156742,0.32579124820703964,1.0497678911065757e-60,818,5.105001066607218e-60,False,0.0
B cells,ZNF354C,-0.5083248111225241,0.06718951374339234,-0.633468488555859,0.32509368773697894,3.536986432905263e-61,818,1.730428912640229e-60,False,0.0
B cells,ZNF263,-0.46012266056209805,0.05858568676956881,-0.6397843514861081,0.3189741660396288,2.106238059229277e-65,818,1.080081012375368e-64,False,0.0
B cells,ZBTB26,-0.6613405929602464,0.08970415845029174,-0.6460080503600795,0.3144237721249317,1.2252568102412956e-68,818,6.488729128581521e-68,False,0.0
B cells,JUN,-1.1505368909196265,0.23245166818519103,-0.6585304479238685,0.3163907393405095,3.136964685086954e-67,818,1.6376979504337825e-66,False,0.0
B cells,NRL,-0.7066281573340933,0.08905961213427402,-0.6871994191588264,0.3051658415522821,1.8180765138717357e-75,818,1.0331372998771128e-74,False,0.0
B cells,HSF2,-0.6758696090151128,0.08856403729597939,-0.6965078100055285,0.3013202136773364,2.1182359763097713e-78,818,1.23849461851869e-77,False,0.0
B cells,MAFF,-0.6788542259716455,0.07928620315193977,-0.7022309283232013,0.3039832082630407,2.309459728096851e-76,818,1.3235232379433228e-75,False,0.0
B cells,HSF1,-0.669544656748445,0.06914351351034008,-0.7230343389760415,0.29666556896711377,4.999326347294043e-82,818,3.01449693012693e-81,False,0.0
B cells,ETV1,-0.7480026882203036,0.05777587223343928,-0.7340414187081771,0.30159647828547914,3.4563962383082086e-78,818,2.017976793678934e-77,False,0.0
B cells,MAFG,-0.795883757242414,0.10686232929070417,-0.7436291495274984,0.2890560274437153,3.8848279367540625e-88,818,2.4870275050802115e-87,False,0.0
B cells,HSF4,-0.6950507646610364,0.0765199268525541,-0.7577017450005898,0.290441029924271,5.223752020330901e-87,818,3.302390730352942e-86,False,0.0
B cells,EWSR1-FLI1,-0.7479251609448627,0.10715062202165652,-0.7861297902113061,0.2732322897828701,1.4784766895918247e-101,818,1.0367273286115291e-100,False,0.0
B cells,HLF,-2.1385570289761118,0.27169489118518675,-0.7906314543478041,0.2888139509641052,2.4623458862465705e-88,818,1.578867108677278e-87,False,0.0
B cells,MAFK,-1.7160792809310805,0.2849217185885775,-0.8003728891148171,0.272825558370327,6.488557646841149e-102,818,4.5816237764606086e-101,False,0.0
B cells,NFIX(var.2),-0.7389181008253461,0.1051196035499891,-0.8188701155970507,0.28001840333161016,1.1044767802398335e-95,818,7.460288902922147e-95,False,0.0
B cells,STAT3,-0.7637812687655648,0.09145182235449484,-0.8265166393461034,0.2771671440739862,3.954090400017793e-98,818,2.702407053795944e-97,False,0.0
B cells,DBP,-1.2307967076512187,0.18742848782435012,-0.8435811488718813,0.25195132959624894,3.97282463153154e-121,818,3.247282517005376e-120,False,0.0
B cells,NFIB,-0.8550816102465632,0.14855198522563456,-0.8494035377123461,0.25951564467158855,5.697397319154145e-114,818,4.3824466831364394e-113,False,0.0
B cells,TEF,-1.3870605868225288,0.19937362706297312,-0.885305839532465,0.24189511388786172,5.534016893959781e-131,818,4.878133410231215e-130,False,0.0
B cells,NFIC::TLX1,-0.9098463611112908,0.12496857493933862,-0.9026751882627978,0.24620404456292241,1.0327466845471386e-126,818,8.815386256704057e-126,False,0.0
B cells,CEBPG(var.2),-3.2579144936658153,0.3997761993875054,-0.9162771264585127,0.23505074254162214,6.481551337833222e-138,818,5.973657565574765e-137,False,0.0
B cells,STAT1,-0.8915392042157049,0.10603813318114252,-0.9390171455927206,0.24754627355531394,2.1367614150978574e-125,818,1.8011118094762357e-124,False,0.0
B cells,CEBPB,-3.2125000976571885,0.46239424609640717,-0.9455227631412013,0.22421218593681297,2.920642399950676e-149,818,2.8963037132844202e-148,False,0.0
B cells,MAF::NFE2,-2.6931649897679026,0.3779842681920048,-0.9531267329377328,0.21866328403497184,3.0281215619310065e-155,818,3.1175012314434735e-154,False,0.0
B cells,NFIC(var.2),-1.0556430528804355,0.16135195937332328,-1.0019384252735448,0.2227896225078694,8.76236911709167e-151,818,8.79715767934315e-150,False,0.0
B cells,FOS,-3.8673294746301705,0.5676381954452349,-1.1156754072678536,0.17759092355779757,3.086459761455436e-203,818,4.291345771425668e-202,False,0.0
CD4+ T cells,TCF7,1.7054596000933013,-0.48674795578778973,1.3517533192406281,0.8455780909321216,0.0,1818,0.0,True,1.3517533192406281
CD4+ T cells,TCF7L2,1.7270166985861783,-0.4975093792587825,1.3281250789094776,0.8454708246849921,0.0,1818,0.0,True,1.3281250789094776
CD4+ T cells,LEF1,1.5127955421309758,-0.417334219748859,1.264597881633556,0.8335537023733919,0.0,1818,0.0,True,1.264597881633556
CD4+ T cells,CTCF,1.5521202699313188,-0.5596516130611582,1.1669998441000116,0.8175412178441819,0.0,1818,0.0,True,1.1669998441000116
CD4+ T cells,TCF7L1,1.0273815851534345,-0.29837356838716683,1.0776423632518064,0.7953628170388016,0.0,1818,0.0,True,1.0776423632518064
CD4+ T cells,ZEB1,1.239170436372253,-0.5059934203033853,0.9714447794584221,0.768517940122088,2.793855796875494e-273,1818,5.6238510219692776e-272,True,0.9714447794584221
CD4+ T cells,CTCFL,0.6070404224602516,-0.24435063490936024,0.9005544544119576,0.750918782730008,6.6585777996604685e-239,1818,1.127221999055492e-237,True,0.9005544544119576
CD4+ T cells,TCF4,1.1325006929122257,-0.473575986139575,0.8683728838144982,0.7531084338717784,4.708794043366866e-243,1818,8.141786623701855e-242,True,0.8683728838144982
CD4+ T cells,EGR1,0.5228176910823018,-0.22246847346343687,0.8676289050351145,0.7443218296593066,1.2890826974144147e-226,1818,2.0615132781575975e-225,True,0.8676289050351145
CD4+ T cells,TCF12(var.2),1.1425316456513137,-0.4862009151538298,0.8550911847450771,0.7465916149974618,8.310907836876549e-231,1818,1.3558843995162307e-229,True,0.8550911847450771
CD4+ T cells,FOXP1,0.7976239956592963,-0.2323346517073146,0.8407090695078033,0.7358801337547004,2.2724907575812224e-211,1818,3.355656060282345e-210,True,0.8407090695078033
CD4+ T cells,RUNX2,0.9045218729753344,-0.30450141704396344,0.8381594213645363,0.7366535549453999,9.592178699992732e-213,1818,1.4321016612609075e-211,True,0.8381594213645363
CD4+ T cells,FOXO3,0.7577845676369321,-0.24158486809536145,0.8213787112050803,0.7302537036037988,1.663732825801704e-201,1818,2.2974276495541623e-200,True,0.8213787112050803
CD4+ T cells,FOXA3,0.7782141718005103,-0.2325394414050631,0.8187456059243534,0.7322388390258584,5.858149227308531e-205,1818,8.287437683108502e-204,True,0.8187456059243534
CD4+ T cells,ZBTB14,0.5038688826082169,-0.23335190282118531,0.811627490409263,0.7281179222023149,8.00636939087096e-198,1818,1.087039280384695e-196,True,0.811627490409263
CD4+ T cells,FOXD1,0.7663542241062407,-0.2485307701898804,0.803275161669787,0.7274339421323835,1.1897714111079883e-196,1818,1.583491818862803e-195,True,0.803275161669787
CD4+ T cells,FOXK1,0.7405519037775633,-0.22986748327872852,0.7997324511970362,0.7252961100526456,5.200986116407247e-193,1818,6.832204489280429e-192,True,0.7997324511970362
CD4+ T cells,TCFL5,0.5653652997631783,-0.2797362206409184,0.7854443658708118,0.7210222599547021,7.787510605205305e-186,1818,9.785176369149275e-185,True,0.7854443658708118
CD4+ T cells,EGR3,0.5292703330689469,-0.21681951817746908,0.7748854850422268,0.7202848833779277,1.304677685114209e-184,1818,1.624223358145258e-183,True,0.7748854850422268
CD4+ T cells,ASCL1(var.2),0.940087640716833,-0.4118694392697293,0.7699546636887447,0.7338998095393136,7.1716879610892275e-208,1818,1.0437643701642811e-206,True,0.7699546636887447
CD4+ T cells,NRF1,0.5082665358134785,-0.27407803819021026,0.7695165874215567,0.7173479966293159,8.922280340712101e-180,1818,1.0840704582138486e-178,True,0.7695165874215567
CD4+ T cells,SOX10,0.6210370943957834,-0.2051866224534862,0.7582385461916336,0.7103024971266843,1.9297267436130387e-168,1818,2.1931669676006614e-167,True,0.7582385461916336
CD4+ T cells,SNAI2,0.9407357412889658,-0.3424300911752515,0.7517336903785052,0.7324108593824682,2.93172123665589e-205,1818,4.176670466024553e-204,True,0.7517336903785052
CD4+ T cells,SRY,0.6588863604651846,-0.1811353776052431,0.7498087553968117,0.7071937477659438,1.473990353898e-163,1818,1.603162626847126e-162,True,0.7498087553968117
CD4+ T cells,FOXA2,0.678295512209193,-0.20532584329886971,0.7436406579574996,0.7090156965223336,2.0677904578924762e-166,1818,2.3175291392335066e-165,True,0.7436406579574996
CD4+ T cells,FOXN3,0.658962935847723,-0.19230778981841068,0.7398183697446444,0.7061027080626043,7.328707759936325e-162,1818,7.865239150318932e-161,True,0.7398183697446444
CD4+ T cells,GATA5,0.6786197147693496,-0.19808879558987616,0.7381817561870898,0.7066132480755962,1.1810427776964113e-162,1818,1.2776735504170268e-161,True,0.7381817561870898
CD4+ T cells,GATA6,0.6540168372402343,-0.17583396435655899,0.7182363493552459,0.6974307840878725,1.076300459545522e-148,1818,1.0621247949563858e-147,True,0.7182363493552459
CD4+ T cells,GATA3,0.655091254989869,-0.18415311971401258,0.7127790470590099,0.6999767011401455,1.6783763470520387e-152,1818,1.7019325063089095e-151,True,0.7127790470590099
CD4+ T cells,SNAI3,0.836799849938342,-0.33229513500602237,0.6899263799425267,0.7177672025877667,1.8378129094621419e-180,1818,2.2532700096011596e-179,True,0.6899263799425267
CD4+ T cells,EGR4,0.49624201849519345,-0.18684638196519354,0.681150946876653,0.6927831584420272,7.183606072618665e-142,1818,6.83879298113297e-141,True,0.681150946876653
CD4+ T cells,FOXA1,0.5803124194684655,-0.17091098830097487,0.6778781189845073,0.6887137451915538,4.996280052581139e-136,1818,4.502215833573115e-135,True,0.6778781189845073
CD4+ T cells,SNAI1,0.784755654262869,-0.32688388599753176,0.63601659962379,0.7091145234397257,1.4455770742788503e-166,1818,1.6246680118145078e-165,True,0.63601659962379
CD4+ T cells,ZFP57,0.4770750493346546,-0.2172746564961174,0.6331597184940132,0.6792203668316359,6.99764483945257e-123,1818,5.813649080169424e-122,True,0.6331597184940132
CD4+ T cells,GATA2,0.540940357774632,-0.14868968623831558,0.6197933084569406,0.6728992299860901,1.672786465149808e-114,1818,1.296569739079717e-113,True,0.6197933084569406
CD4+ T cells,EGR2,0.4269021062193379,-0.1843490368756421,0.6144554188218075,0.678001632970868,3.0455873166075366e-121,1818,2.4944223244927314e-120,True,0.6144554188218075
CD4+ T cells,FOXP2,0.5235058391403513,-0.16169283702648407,0.6049395990910301,0.6758561502837981,2.194994812780501e-118,1818,1.758603764853447e-117,True,0.6049395990910301
CD4+ T cells,ZSCAN4,0.5223610220713358,-0.18861711453625635,0.5982924985829263,0.6741952586425835,3.388563657212562e-116,1818,2.65700165834923e-115,True,0.5982924985829263
CD4+ T cells,FIGLA,0.6300396804768017,-0.2260661653429786,0.5910609927682119,0.6905037506905265,1.3935066513615384e-138,1818,1.290189453411621e-137,True,0.5910609927682119
CD4+ T cells,MYOD1,0.6201307790749484,-0.24876409529707294,0.5859499948967082,0.6900858066879243,5.529845263258212e-138,1818,5.108162998891033e-137,True,0.5859499948967082
CD4+ T cells,FOXG1,0.49759046018835607,-0.1404590277896155,0.5826961576860306,0.6632511042902397,2.7163308444416076e-102,1818,1.921376677729151e-101,True,0.5826961576860306
CD4+ T cells,SCRT1,0.5417830336820154,-0.18910983438061849,0.5792215713858643,0.6689699727070498,1.9077296482852768e-109,1818,1.4320360216998571e-108,True,0.5792215713858643
CD4+ T cells,SPDEF,0.43499398007611195,-0.19425434673859437,0.5585064685218525,0.6611750291748417,9.336256831356377e-100,1818,6.479330212636003e-99,True,0.5585064685218525
CD4+ T cells,SCRT2,0.47945500913269096,-0.1660289467458266,0.5569988089704819,0.6591861078852365,2.34197683055339e-97,1818,1.5925442447763052e-96,True,0.5569988089704819
CD4+ T cells,NKX2-3,0.45306143729777715,-0.13150902502810038,0.5413051670402824,0.6565692058164807,3.02967615972056e-94,1818,2.0227837858464334e-93,True,0.5413051670402824
CD4+ T cells,ZIC5,0.33943189517167227,-0.1789565646039184,0.534615521012691,0.6516345640873236,1.6203161222021058e-88,1818,1.0406030207031302e-87,True,0.534615521012691
CD4+ T cells,ZIC4,0.3453329111096251,-0.16906443974568822,0.528769340120316,0.6490447940693123,1.389330167776887e-85,1818,8.688145067736142e-85,True,0.528769340120316
CD4+ T cells,RREB1,0.40485359490100437,-0.168752535022483,0.5259713565725997,0.6540497898370279,2.683977141491866e-91,1818,1.7486910651330257e-90,True,0.5259713565725997
CD4+ T cells,ETV2,0.4383548874577584,-0.16918305570788683,0.5255954444245514,0.6496687523641954,2.7586686100502384e-86,1818,1.7331635397924326e-85,True,0.5255954444245514
CD4+ T cells,KLF15,0.19815558125943677,-0.09294982746915853,0.520530053901055,0.6487886170320503,2.692913468014085e-85,1818,1.6788178569468393e-84,True,0.520530053901055
CD4+ T cells,GATA4,0.44153882686505513,-0.11577639814077123,0.5130378343834329,0.6440979271428721,4.036168105699345e-80,1818,2.4193090600977115e-79,True,0.5130378343834329
CD4+ T cells,ZIC1,0.33513621714213504,-0.16306393618087198,0.5100215955079354,0.6462822149722859,1.6455952678224424e-82,1818,9.96718331378683e-82,True,0.5100215955079354
CD4+ T cells,ELK4,0.40769468708379275,-0.21443383253698037,0.5075083885859086,0.6550366393106187,1.9053068089773776e-92,1818,1.255516506371738e-91,True,0.5075083885859086
CD4+ T cells,RUNX3,0.518303482081963,-0.15717970284358224,0.5072443254660004,0.6517394641672369,1.2295018918393638e-88,1818,7.908687844804556e-88,True,0.5072443254660004
CD4+ T cells,GRHL1,0.39995574679198476,-0.12234682110165122,0.4978638658601256,0.6380401447084771,1.1122641120944463e-73,1818,6.198650960790812e-73,False,0.0
CD4+ T cells,E2F4,0.3856515895212407,-0.1500931333433256,0.4943614626979305,0.6394933657403595,3.3597548235340134e-75,1818,1.901198323918688e-74,False,0.0
CD4+ T cells,GATA1::TAL1,0.3914205434459888,-0.13354021384599013,0.49186799380140617,0.6366316442369789,3.193274360347382e-72,1818,1.7502618519045727e-71,False,0.0
CD4+ T cells,YY2,0.32483378085049147,-0.1452305666189743,0.47987393276570706,0.635113353606654,1.1462247081776351e-70,1818,6.167054746391904e-70,False,0.0
CD4+ T cells,NHLH2,0.38761340487344637,-0.18345176883127742,0.4649184850038261,0.6483679913732698,7.962968767690298e-85,1818,4.9490279007795615e-84,False,0.0
CD4+ T cells,FOXF2,0.3664195346248734,-0.11226259471316358,0.45888202013261925,0.6299496668909793,1.6545836245333522e-65,1818,8.51710603672003e-65,False,0.0
CD4+ T cells,ZNF740,0.28829927954554935,-0.12262065824350923,0.45729212529159097,0.6325280793063534,4.649135648858737e-68,1818,2.4492712025107358e-67,False,0.0
CD4+ T cells,FOXB1,0.3498234895153706,-0.09318493345263164,0.45340321058696575,0.6287142909874583,2.651178857869338e-64,1818,1.3441941928495417e-63,False,0.0
CD4+ T cells,GRHL2,0.3573395593235768,-0.1104563357432888,0.4524028021948164,0.6290308052887308,1.3057508410739068e-64,1818,6.653737913079378e-64,False,0.0
CD4+ T cells,SOX15,0.3382977438493737,-0.10451546394738115,0.4510598628945873,0.6275719054555298,3.367697780538034e-63,1818,1.684265169351902e-62,False,0.0
CD4+ T cells,KLF16,0.23762651261831685,-0.07038022328893646,0.4476753704367398,0.6235331735066251,2.247191877489973e-59,1818,1.0734519877596731e-58,False,0.0
CD4+ T cells,ETS1,0.34251252541890237,-0.1872163551954787,0.43635034027829495,0.6326854294262234,3.236409942157135e-68,1818,1.7072378912604653e-67,False,0.0
CD4+ T cells,FOXC2,0.33145431654186563,-0.09434877338434795,0.43466706175312964,0.626601698024692,2.865339404171446e-62,1818,1.4172571184936027e-61,False,0.0
CD4+ T cells,BARHL2,0.3403271830202307,-0.11859448537232915,0.4286996795800324,0.6206018866870914,1.124128303332726e-56,1818,5.180208559549214e-56,False,0.0
CD4+ T cells,E2F7,0.32558055246799544,-0.11013032407802364,0.42420680708663905,0.618009592757383,2.4224254593663483e-54,1818,1.0878061496777187e-53,False,0.0
CD4+ T cells,ERF,0.3426387607358241,-0.17104460717980555,0.4235086240184738,0.626696108096614,2.3281095382020818e-62,1818,1.1543543126918654e-61,False,0.0
CD4+ T cells,MTF1,0.31395797874565484,-0.12989059387438842,0.421412536400576,0.6220508486179849,5.3042991998987294e-58,1818,2.498392847821916e-57,False,0.0
CD4+ T cells,NFATC4,0.3558582017140423,-0.10741365300065796,0.42088046347310976,0.6170636779766304,1.6717993878226411e-53,1818,7.400547399486221e-53,False,0.0
CD4+ T cells,ERG,0.3290554140948948,-0.168833239426193,0.4181167651560202,0.6238359640380442,1.1726281154046938e-59,1818,5.614737698138925e-59,False,0.0
CD4+ T cells,E2F2,0.32758714312696313,-0.11386630202318397,0.41723111611737324,0.6168928407036287,2.365844502428806e-53,1818,1.0450007485618939e-52,False,0.0
CD4+ T cells,MAZ,0.22301032876896335,-0.07725080831151082,0.4131444139750376,0.6201803145614246,2.7146619271069203e-56,1818,1.2452972967204762e-55,False,0.0
CD4+ T cells,SP8,0.24955097666776951,-0.05703138381078939,0.4042439992305869,0.6143100903150251,4.238679872514828e-51,1818,1.809039954029008e-50,False,0.0
CD4+ T cells,NFATC3,0.33237330181571373,-0.10187550053773226,0.40209628808101433,0.6100486231588459,1.721521552145872e-47,1818,7.035632525234544e-47,False,0.0
CD4+ T cells,NKX2-8,0.32259667989828267,-0.07727618695943635,0.3904887557241593,0.6124756797446306,1.5750481610416804e-49,1818,6.6106274476915344e-49,False,0.0
CD4+ T cells,NFATC2,0.2936239683728278,-0.08892954491310395,0.39017533216905514,0.6066806996157029,9.813598377235864e-45,1818,3.803239371101179e-44,False,0.0
CD4+ T cells,ZIC3,0.22892677080400572,-0.13386002060853705,0.38415985719464296,0.6092221209502654,8.319171293229068e-47,1818,3.3693060112517327e-46,False,0.0
CD4+ T cells,SP9,0.194260705376503,-0.0602571964041865,0.3839264169106984,0.6091026295058528,1.0436882153154985e-46,1818,4.21433385146358e-46,False,0.0
CD4+ T cells,E2F1,0.2938313694226766,-0.11457105575744635,0.3800222702321491,0.608019634771048,8.060432692404835e-46,1818,3.20673654606391e-45,False,0.0
CD4+ T cells,E2F8,0.2746494159958261,-0.10633842242162769,0.37723189015100334,0.6079211233426182,9.697909208238259e-46,1818,3.846837319267842e-45,False,0.0
CD4+ T cells,PBX1,0.30104072424760975,-0.08525977191530851,0.3743863901273687,0.6022227617083475,3.2303858443356146e-41,1818,1.1796156251066693e-40,False,0.0
CD4+ T cells,VEZF1,0.2760599678058832,-0.1210750060274664,0.37185568174480127,0.608290797534012,4.840555403943844e-46,1818,1.935265530074782e-45,False,0.0
CD4+ T cells,GCM1,0.2789222991011986,-0.10340335607775165,0.3672565397723609,0.6060446738680177,3.1824062179316587e-44,1818,1.2181660887182112e-43,False,0.0
CD4+ T cells,ONECUT2,0.28445870330217377,-0.08288072535902469,0.36466566381632076,0.6053539896576409,1.1328306736255369e-43,1818,4.291603844090751e-43,False,0.0
CD4+ T cells,ONECUT1,0.2799193442937107,-0.08286565895758448,0.3636537929690002,0.6059404836382692,3.8562446444441965e-44,1818,1.4747037647846143e-43,False,0.0
CD4+ T cells,ZNF382,0.29809643909782263,-0.08131814597786462,0.36243871679555156,0.6021947620629571,3.395293759097097e-41,1818,1.238715829513693e-40,False,0.0
CD4+ T cells,FLI1,0.2644165013371521,-0.15772354588978044,0.36194165735847195,0.6080648285648754,7.404334250444592e-46,1818,2.9515208253496373e-45,False,0.0
CD4+ T cells,SP2,0.22146432953882902,-0.04673214634663495,0.35995584562015964,0.6002414121538336,1.0590222180971246e-39,1818,3.785162450901913e-39,False,0.0
CD4+ T cells,HIF1A,0.27377864030379134,-0.09393876869400378,0.3589263683561089,0.6002596316413976,1.0258918152662813e-39,1818,3.669989641527298e-39,False,0.0
CD4+ T cells,SOX4,0.28432013800550693,-0.08085500915947638,0.35862601494204405,0.6021051631977078,3.9813599129030375e-41,1818,1.4486135078782094e-40,False,0.0
CD4+ T cells,TFDP1,0.21900132367971353,-0.08669312037798423,0.3569414096827622,0.6003801484249371,8.312521460086827e-40,1818,2.976324055531973e-39,False,0.0
CD4+ T cells,SP3,0.19645020630696516,-0.048832750497062684,0.352918903345019,0.5993419531227571,5.049776316358429e-39,1818,1.7844013079463934e-38,False,0.0
CD4+ T cells,FOXD2,0.26431381337185256,-0.06670272727791123,0.349257204904646,0.5965332337650169,6.062952509442244e-37,1818,2.059673035533444e-36,False,0.0
CD4+ T cells,KLF9,0.21135358588090405,-0.06297022588587023,0.3410809251700651,0.5955262718700892,3.2645924224705694e-36,1818,1.0970548954581332e-35,False,0.0
CD4+ T cells,ZBTB7A,0.22038962769935203,-0.14852124124946078,0.34044699339786694,0.6070939112838729,4.552702689175659e-45,1818,1.7780149691510343e-44,False,0.0
CD4+ T cells,BARHL1,0.2555085334624423,-0.09928285469162351,0.33838872077492876,0.5927386902728128,3.150403436306981e-34,1818,1.0229961720142894e-33,False,0.0
CD4+ T cells,GLIS2,0.21502624582955673,-0.13514230253299472,0.3364514248663843,0.59983206522545,2.1596424788341767e-39,1818,7.66483637663428e-39,False,0.0
CD4+ T cells,KLF11,0.2082476665216183,-0.04717028160188199,0.3357355669140704,0.5951920901869366,5.685925503983294e-36,1818,1.9012607098443314e-35,False,0.0
CD4+ T cells,ARNT::HIF1A,0.2590227230854238,-0.08771069147424526,0.3351189059572545,0.5918251919829207,1.3679886918743727e-33,1818,4.371944903099299e-33,False,0.0
CD4+ T cells,ONECUT3,0.2674359627384918,-0.060769425822312,0.3332206597420313,0.5984857160794944,2.205083738867388e-38,1818,7.704463564298318e-38,False,0.0
CD4+ T cells,TBX4,0.3742896700127787,-0.12534459262276576,0.3331895403590301,0.6130446640878598,5.164119361153033e-50,1818,2.1810048992928153e-49,False,0.0
CD4+ T cells,HINFP,0.19919906840494642,-0.1171006345340436,0.32912190730218416,0.5922676652523297,6.729276088845582e-34,1818,2.1642806880341197e-33,False,0.0
CD4+ T cells,TFCP2,0.2594625926243474,-0.0745210708864047,0.327488130836366,0.5910592636550721,4.634239447031475e-33,1818,1.471752967244062e-32,False,0.0
CD4+ T cells,FOXC1,0.24021196653832425,-0.07177627170459353,0.323560958163712,0.5910262950585279,4.8830255162632716e-33,1818,1.549546763827545e-32,False,0.0
CD4+ T cells,KLF17,0.20367188357180016,-0.08398898628094201,0.3181565762712734,0.5894863934342961,5.500680469777909e-32,1818,1.7028120260689688e-31,False,0.0
CD4+ T cells,MYBL2,0.22730651040239316,-0.1001068742990262,0.31683581721392423,0.5875117480202279,1.1565709176921141e-30,1818,3.523709286884258e-30,False,0.0
CD4+ T cells,HOXC13,0.2494023131937279,-0.06914009239225731,0.31358313009065764,0.5909105106094206,5.866555799492876e-33,1818,1.8572836279145676e-32,False,0.0
CD4+ T cells,SOX8,0.2585666443641704,-0.0584048360804537,0.31056351983409075,0.5859274413245741,1.2688760345798633e-29,1818,3.7860416194027486e-29,False,0.0
CD4+ T cells,FOXE1,0.23496453244341736,-0.0727343869526904,0.30609500133148365,0.5874547233903201,1.2616507798165766e-30,1818,3.835190875385326e-30,False,0.0
CD4+ T cells,NFIX,0.2332504383723981,-0.0686288927001845,0.300888438646924,0.5844648344960679,1.1146531408206624e-28,1818,3.2775338719188954e-28,False,0.0
CD4+ T cells,GLIS3,0.20884170043960917,-0.09961199895476082,0.3001007839210319,0.587869827992263,6.690594440903662e-31,1818,2.0430298194638656e-30,False,0.0
CD4+ T cells,SP4,0.1833974641387066,-0.035001639358125294,0.29044822506697004,0.5813470148276657,1.0130223244195472e-26,1818,2.8502700449245394e-26,False,0.0
CD4+ T cells,CUX1,0.24133265289338146,-0.05742571395154739,0.2883823007630795,0.5803574836978966,4.0931106546139544e-26,1818,1.1381942067744372e-25,False,0.0
CD4+ T cells,ZBTB7B,0.1682887702881853,-0.11419073238693718,0.266466914507442,0.5812851789910852,1.1059331072134465e-26,1818,3.107364827628892e-26,False,0.0
CD4+ T cells,MEIS1,0.20320362963393274,-0.07340689446944906,0.2652762501746025,0.5829393664918542,1.0337756881086742e-27,1818,2.9601248648886737e-27,False,0.0
CD4+ T cells,E2F3,0.19416380677893377,-0.07905527739835369,0.2617670851937079,0.5759564915482085,1.6628210501870703e-23,1818,4.3800611777714105e-23,False,0.0
CD4+ T cells,E2F6,0.13218550376798588,-0.044137403253133214,0.25631490693863046,0.5761544608719547,1.2781809874411e-23,1818,3.3734639759861e-23,False,0.0
CD4+ T cells,LHX5,0.1956794510724876,-0.05291425829557751,0.24399652050812976,0.5715583387991796,4.829755699234632e-21,1818,1.1988461079204492e-20,False,0.0
CD4+ T cells,ZBED1,0.18514098719832517,-0.06491478927172314,0.24292036139080594,0.5692506159133264,8.294109042934898e-20,1818,2.0010712693926416e-19,False,0.0
CD4+ T cells,CUX2,0.20436299461381452,-0.04205700357058426,0.24042890891604818,0.5675886200607443,6.075458707361732e-19,1818,1.433312299124523e-18,False,0.0
CD4+ T cells,KLF14,0.16832848322543015,-0.027851485805750458,0.2403578757290978,0.5670416410726246,1.1580021985757626e-18,1818,2.720834434051995e-18,False,0.0
CD4+ T cells,MEIS2(var.2),0.19383126789415484,-0.05601971625807132,0.240116192638699,0.5711508848045688,8.032084037325309e-21,1818,1.9779556917235665e-20,False,0.0
CD4+ T cells,ELK3,0.14085947317333086,-0.11550545912714803,0.23521497416413412,0.569193354666697,8.890098735288114e-20,1818,2.142307294995575e-19,False,0.0
CD4+ T cells,SOX9,0.20134616355265814,-0.03716080131141095,0.23431030536678,0.5656702105541784,5.705699618208935e-18,1818,1.3116625372314404e-17,False,0.0
CD4+ T cells,FEV,0.14150119538292807,-0.10860775740298598,0.22858179513455376,0.5679830601356666,3.803570172009446e-19,1818,9.03124701640271e-19,False,0.0
CD4+ T cells,ZNF148,0.08303832732573894,-0.03899255814552756,0.22758958520757722,0.564800170868822,1.5433323536237074e-17,1818,3.5001808871981614e-17,False,0.0
CD4+ T cells,NHLH1,0.1691622339265284,-0.11545158053095139,0.22695981912132135,0.5850806689501757,4.48464558453538e-29,1818,1.3292949476212562e-28,False,0.0
CD4+ T cells,PBX2,0.17871842655317138,-0.05141711153813476,0.22397450501335123,0.565095626281871,1.102391726148456e-17,1818,2.5128320698572695e-17,False,0.0
CD4+ T cells,RFX7,0.15973649160284778,-0.06282451920915627,0.2167074043505471,0.560882586681381,1.1608755741713303e-15,1818,2.4930480748923577e-15,False,0.0
CD4+ T cells,GCM2,0.1520917450222682,-0.06604923843697551,0.2124598211087763,0.5599921979579662,2.987965906084397e-15,1818,6.349427550429344e-15,False,0.0
CD4+ T cells,CENPB,0.1370706099084591,-0.07452349934317386,0.2104480267965791,0.561578870820836,5.49051089501835e-16,1818,1.1943337140453897e-15,False,0.0
CD4+ T cells,HOXC10,0.15801852111731535,-0.05557320096634036,0.206278737931104,0.5600151497799623,2.916523303873521e-15,1818,6.2008687795440174e-15,False,0.0
CD4+ T cells,OVOL1,0.12978479490515688,-0.07795225335531218,0.20126098483081306,0.5547944384343797,5.690854810308379e-13,1818,1.1348052519717942e-12,False,0.0
CD4+ T cells,HES6,0.1466764960020842,-0.0587579578830862,0.19855295048216504,0.5566906059691142,8.843804197174747e-14,1818,1.806261069246291e-13,False,0.0
CD4+ T cells,NR3C2,0.14630274771036492,-0.05926768596741142,0.19840620112146362,0.5559548068371506,1.8346065598839523e-13,1818,3.69662258032394e-13,False,0.0
CD4+ T cells,NR3C1,0.1445164706035443,-0.05505441667627246,0.19688640060377285,0.5558833485872247,1.9683684152245483e-13,1818,3.962198312437076e-13,False,0.0
CD4+ T cells,HOXC8,0.15189175928199777,-0.04965538489421229,0.1959527141898964,0.5559720009855875,1.803778442096314e-13,1818,3.6363166799809105e-13,False,0.0
CD4+ T cells,GATA1,0.14402177368513858,-0.04614300446844007,0.19394540532234184,0.5540675518655966,1.1431031762309335e-12,1818,2.2549953442371318e-12,False,0.0
CD4+ T cells,SP1,0.13627252676571064,-0.010074558800465934,0.19192892265443365,0.5555160405630468,2.822360714908377e-13,1818,5.65870736001947e-13,False,0.0
CD4+ T cells,MSC,0.15003988051384112,-0.07339788962213546,0.1907779623554699,0.5660749040203705,3.575878104982805e-18,1818,8.262708630931142e-18,False,0.0
CD4+ T cells,TGIF1,0.1378900324030262,-0.0670431200507584,0.1892455410663615,0.5574335824749668,4.1935630305543783e-14,1818,8.66113120042012e-14,False,0.0
CD4+ T cells,HOXD10,0.14244191366780184,-0.05019367379509611,0.18749838961059914,0.5528110382016119,3.736825117317829e-12,1818,7.286358758876113e-12,False,0.0
CD4+ T cells,ETV3,0.10232463026793796,-0.09660074250196678,0.1869626512478641,0.5543754690926506,8.516212381534516e-13,1818,1.687394480689944e-12,False,0.0
CD4+ T cells,SIX1,0.1318035992720902,-0.05302951604381096,0.1854762718176597,0.554494645048101,7.5959125619258e-13,1818,1.5087413954615507e-12,False,0.0
CD4+ T cells,ZBTB33,0.09251841863483669,-0.08636915563863048,0.18471671242746376,0.5517254406828696,1.017584017679504e-11,1818,1.9568179351384378e-11,False,0.0
CD4+ T cells,ZNF652,0.14159997470364155,-0.03801021422176388,0.18320979892566305,0.5495965211663122,6.847787724267233e-11,1818,1.275018367804198e-10,False,0.0
CD4+ T cells,OVOL2,0.11756795424588691,-0.06723248145295554,0.1804212384451523,0.5491967177790334,9.712263164939748e-11,1818,1.8009081927289744e-10,False,0.0
CD4+ T cells,ZNF354C,0.1423381935650982,-0.01990412228416425,0.17607671508814768,0.5527056648882553,4.122050627031046e-12,1818,8.018181171619044e-12,False,0.0
CD4+ T cells,ZFP42,0.10797048976161006,-0.06331222365797388,0.17449355436686542,0.5484075221402266,1.920690149195104e-10,1818,3.5275135468195147e-10,False,0.0
CD4+ T cells,KLF4,0.0754275134532171,-0.02537877003870653,0.1683396093196191,0.546471050890578,9.788131305522338e-10,1818,1.7616894689565562e-09,False,0.0
CD4+ T cells,HOXA13,0.13694115148119748,-0.02697391515682767,0.16824273471649487,0.5476669118015902,3.607431446671094e-10,1818,6.5894662001044e-10,False,0.0
CD4+ T cells,ASCL1,0.1057769428773618,-0.09764647160356027,0.16466254428625013,0.5668676489100014,1.4202087298254995e-18,1818,3.3272521834823227e-18,False,0.0
CD4+ T cells,NKX6-1,0.1178463787256641,-0.040533764415937486,0.16116845517484207,0.5464451019234415,9.999768267984111e-10,1818,1.79898009836655e-09,False,0.0
CD4+ T cells,MEIS2,0.11071470877620238,-0.05802492310420804,0.1592170613311022,0.5488441588638359,1.318804206512589e-10,1818,2.43092565810931e-10,False,0.0
CD4+ T cells,GLIS1,0.10292668908789841,-0.0541431884485239,0.15728768078357674,0.5452504240960374,2.6445638341076823e-09,1818,4.6847220984236785e-09,False,0.0
CD4+ T cells,KLF5,0.07011828105291446,-0.016810260687849514,0.15044057779471484,0.5414373456273072,5.0174662407783885e-08,1818,8.518954431468469e-08,False,0.0
CD4+ T cells,OSR1,0.09802232504304936,-0.0520792956699752,0.14827532884872235,0.5408663894780645,7.633382833433245e-08,1818,1.2879344013374024e-07,False,0.0
CD4+ T cells,HOXC9,0.10617523492162953,-0.03929903655130905,0.13977662176891467,0.539471533904179,2.079283302565664e-07,1818,3.4253991214090705e-07,False,0.0
CD4+ T cells,HOXA9,0.09611447573329177,-0.04406658553572659,0.13838376265976082,0.5408398884052443,7.782473224669242e-08,1818,1.3119952777921564e-07,False,0.0
CD4+ T cells,HOXA1,0.10424482482442939,-0.03502997533804939,0.13586529147191967,0.5379713838891775,5.890425161241194e-07,1818,9.491302350610064e-07,False,0.0
CD4+ T cells,PDX1,0.10447574482599246,-0.030818653861000512,0.13467768169959154,0.5427326644336358,1.897701696287713e-08,1818,3.261725175522552e-08,False,0.0
CD4+ T cells,ZNF384,0.07856227746402347,-0.02974515576342876,0.128842834320171,0.5373264455783118,9.110431822222343e-07,1818,1.455798070802196e-06,False,0.0
CD4+ T cells,HES1,0.07117219701878014,-0.04902311098964737,0.1283464577968566,0.5349792865721903,4.20077857089867e-06,1818,6.522006944687651e-06,False,0.0
CD4+ T cells,YY1,0.08663923453941041,-0.03639289769567788,0.12699352020526955,0.5392529789256528,2.425594583583547e-07,1818,3.984553668363391e-07,False,0.0
CD4+ T cells,BARX2,0.08930185096976935,-0.03365842251022102,0.12206362821155568,0.5335546961636227,1.0157109728154156e-05,1818,1.5455308747691506e-05,False,0.0
CD4+ T cells,TLX2,0.09629835503111997,-0.02144679080133665,0.11765949297241196,0.532733320650677,1.664154900018986e-05,1818,2.511440031882439e-05,False,0.0
CD4+ T cells,MEIS3,0.08505262374023634,-0.03377576654437687,0.11661913761245774,0.5318818159418466,2.7438068670671675e-05,1818,4.102213280355363e-05,False,0.0
CD4+ T cells,RFX4,0.09348515057975865,-0.03069746967320973,0.11552108116903571,0.5320760782702876,2.45058601405939e-05,1818,3.6708889347961094e-05,False,0.0
CD4+ T cells,THAP11,0.08173644602563879,-0.029941258335618153,0.11447358711244952,0.5332027682263495,1.2567181155141867e-05,1818,1.9015263632649213e-05,False,0.0
CD4+ T cells,HOXC11,0.07330800829553684,-0.040888161896531314,0.11163714303082864,0.5324500115626705,1.9680015277141238e-05,1818,2.9600498814614665e-05,False,0.0
CD4+ T cells,CDX2,0.08333451559328091,-0.02254995181208898,0.11062763791333494,0.5308276884470782,5.011519237803905e-05,1818,7.384052016079607e-05,False,0.0
CD4+ T cells,TBX2,0.12514588040909205,-0.05829312913901802,0.1072508294894969,0.5862098828179347,8.305027015724573e-30,1818,2.492740304571337e-29,False,0.0
CD4+ T cells,DRGX,0.07982998787182669,-0.029616078502962558,0.10691392074068513,0.5338029859768311,8.729622178936083e-06,1818,1.3353516573147595e-05,False,0.0
CD4+ T cells,ZBTB7C,0.03878254301258311,-0.06944760797927318,0.1063683356520668,0.535054372945181,4.006016741925664e-06,1818,6.222012951182817e-06,False,0.0
CD4+ T cells,PLAGL2,0.032625311271630986,-0.06819768362026167,0.10556917747423683,0.5309073494100198,4.7915667042223185e-05,1818,7.070269469468818e-05,False,0.0
CD4+ T cells,SOX12,0.07711597060090083,-0.027241279748915253,0.10298515316910052,0.5314396581613997,3.5404688191687145e-05,1818,5.258713965622841e-05,False,0.0
CD4+ T cells,ELK1,0.023687884117546305,-0.08376253688378808,0.10230751621845983,0.5306347669467262,5.5845207911613766e-05,1818,8.204419433928441e-05,False,0.0
CD4+ T cells,HSF1,0.08484479177584624,-0.021592340685010664,0.1020435674467456,0.5301915049549119,7.144995513404354e-05,1818,0.00010451428722788871,False,0.0
CD4+ T cells,SMAD3,0.07165914772928055,-0.03157081071188306,0.10121379430959984,0.5291457379176403,0.00012615604025183617,1818,0.0001820354275531131,False,0.0
CD4+ T cells,MEIS1(var.2),0.07686813432701196,-0.024534459864996864,0.10020141632544051,0.5283003063713312,0.00019715394343854147,1818,0.0002807760841789295,False,0.0
CD4+ T cells,FOXH1,0.08638341206178889,-0.015633873449636772,0.09956568571545635,0.5304192879855809,6.29773630762983e-05,1818,9.23211634082257e-05,False,0.0
CD4+ T cells,LMX1B,0.0733079184230886,-0.02217728276192622,0.09689611753600127,0.5271992498934436,0.00034649584931819384,1818,0.0004861034002570778,False,0.0
CD4+ T cells,DPRX,0.0709191981181292,-0.02624803786536337,0.09658566816932657,0.5259752315925599,0.0006336325957728072,1818,0.0008794776955392035,False,0.0
CD4+ T cells,ZSCAN29,0.07961418622417424,-0.014106530349892153,0.09298336770847168,0.5241067482142536,0.0015190874057237759,1818,0.0020597277625865945,False,0.0
CD4+ T cells,HOXA2,0.06929900780720435,-0.0251104191487282,0.09241835120222888,0.5273040711011164,0.00032866639794483683,1818,0.00046173064100167,False,0.0
CD4+ T cells,OTX1,0.05190895892179721,-0.04079941697675265,0.09068076438981751,0.5268518965461215,0.00041225650294601665,1818,0.0005757645187848061,False,0.0
CD4+ T cells,MYOG,0.04858737527883942,-0.06163578160552083,0.08931502922540152,0.5424028995959533,2.4371954760204632e-08,1818,4.180115682907501e-08,False,0.0
CD4+ T cells,STAT1,0.08976989026575208,-0.006729660964317601,0.08768768253563984,0.5235066093360125,0.001987662514413201,1818,0.0026762337881250623,False,0.0
CD4+ T cells,EN1,0.06699959411487424,-0.01751989288785281,0.083149506771402,0.5266766424276497,0.0004496971493729733,1818,0.0006271887853716132,False,0.0
CD4+ T cells,PAX4,0.06729398801734189,-0.014314736307292986,0.08104818651165135,0.5247911226453875,0.001110062185562131,1818,0.001516822560886316,False,0.0
CD4+ T cells,HOXC12,0.05206761403844407,-0.02932559709808875,0.08013786890760441,0.5223358297974908,0.0033026833011546653,1818,0.0043697372911941715,False,0.0
CD4+ T cells,TBXT,0.055981147600438874,-0.02923959384588068,0.07769557118907604,0.5271796107055501,0.00034993540401860883,1818,0.0004905885809630253,False,0.0
CD4+ T cells,HOXD12,0.04944652912664208,-0.027835511455496537,0.07626031506327663,0.5209290645152843,0.005904871259027256,1818,0.0076820286540270994,False,0.0
CD4+ T cells,ETS2,0.01319156694397477,-0.06593176630853217,0.0746904654048193,0.5195526650456844,0.0101123066426149,1818,0.01291489667803658,False,0.0
CD4+ T cells,SOX18,0.06038207624486012,-0.013461659726344527,0.07364936587855693,0.5225842773551803,0.002970779234079271,1818,0.003942201633678167,False,0.0
CD4+ T cells,ALX3,0.05806004022256219,-0.015152859443463399,0.07327803937103369,0.523843867036546,0.0017101669309500024,1818,0.0023141589975330134,False,0.0
CD4+ T cells,POU4F1,0.046345208060371956,-0.021600865459855893,0.06972767769158913,0.5244081979175835,0.0013242815563759178,1818,0.0018034477203288332,False,0.0
CD4+ T cells,MYF6,0.033702999543856284,-0.040717343523660264,0.0678767201627431,0.5249848328681449,0.0010143498496360626,1818,0.0013869751576977049,False,0.0
CD4+ T cells,ZNF317,0.04889174291414916,-0.018168217771155345,0.06762622653425034,0.5199062493000088,0.008832353854143117,1818,0.011337469446022541,False,0.0
CD4+ T cells,PKNOX2,0.030802394573639973,-0.03905770014863563,0.062285028996819786,0.5232094976059121,0.002265755187486057,1818,0.0030335028089240853,False,0.0
CD4+ T cells,TFAP2C(var.3),0.004476639040567866,-0.04959636957891195,0.05952316072120334,0.5161764599172851,0.033348947298742625,1818,0.040909713739849835,False,0.0
CD4+ T cells,MEOX2,0.04940557146346791,-0.009316613927138364,0.05905480151056764,0.5158268192749874,0.03735480491506962,1818,0.045592018306597794,False,0.0
CD4+ T cells,LMX1A,0.04831372612698707,-0.009739617929509857,0.05767352721094543,0.5162700812668017,0.03234087345510301,1818,0.03977239331287136,False,0.0
CD4+ T cells,EN2,0.048657533331065976,-0.009280757107652554,0.05655688716577837,0.5175639803728007,0.02086755234120942,1818,0.02609895418007212,False,0.0
CD4+ T cells,NKX6-2,0.044962003926450514,-0.01059514245323092,0.05514862144681021,0.5168069646081327,0.027050110232360532,1818,0.033438663611405656,False,0.0
CD4+ T cells,GSC,0.03799787010289806,-0.016234219916727157,0.05343244108325905,0.516234667630801,0.03271907941137792,1818,0.04020084886074555,False,0.0
CD4+ T cells,PROX1,0.04915674003984597,0.0032008493267838374,0.04629156462611688,0.5122180987814869,0.1080167478828448,1818,0.12565720584646062,False,0.0
CD4+ T cells,EMX1,0.03345560780697633,-0.011501035836738172,0.04384812857679004,0.514231391593418,0.06120641358710199,1818,0.07300741431999253,False,0.0
CD4+ T cells,ZBTB12,0.029508955493510312,-0.01006146217058621,0.04053383916491055,0.512891746587908,0.08992687087058646,1818,0.10549264121263925,False,0.0
CD4+ T cells,ZKSCAN1,0.03053999086373813,-0.008757453050052339,0.038957775094142055,0.5111470137550033,0.1425719416843213,1818,0.16364427689496852,False,0.0
CD4+ T cells,HOXA10,0.02572853801377704,-0.006500116134304633,0.03366809875124959,0.5076003657148049,0.3174305930986282,1818,0.34871685573636974,False,0.0
CD4+ T cells,TBX6,0.02765658907889569,-0.017922659004960397,0.03245550508095362,0.5363974883292746,1.6866640846363075e-06,1818,2.6625996435577447e-06,False,0.0
CD4+ T cells,RFX5,0.025099020753702354,-0.006563135502390072,0.029165845530891833,0.5073185551993685,0.33570695621196533,1818,0.367298632999895,False,0.0
CD4+ T cells,HOXB7,0.021906259012522016,-0.007739615895337017,0.028976164860803753,0.506090751030939,0.4230296545661467,1818,0.4569081640081766,False,0.0
CD4+ T cells,KLF10,0.050107558948096695,0.027356002904816153,0.028339056873714866,0.5096781760194947,0.20299376484896559,1818,0.2288416752797199,False,0.0
CD4+ T cells,TBX21,0.027218390743202574,-0.017565197146076534,0.026585995273660706,0.5619360831982252,3.7273165147957883e-16,1818,8.147337989661674e-16,False,0.0
CD4+ T cells,STAT3,0.03134856598250508,0.006807006115331087,0.02306299362820986,0.505578554700896,0.4630696973704165,1818,0.4964440899736898,False,0.0
CD4+ T cells,TBX19,0.008171879430806215,-0.014218067579568018,0.021268065067332406,0.507075392081795,0.3520105725901871,1818,0.38440884661265773,False,0.0
CD4+ T cells,FERD3L,-0.00319143895037846,-0.021088740564144115,0.017624367539020688,0.5095722506004544,0.20798160381474295,1818,0.23400822275707733,False,0.0
CD4+ T cells,TBX18,-0.009635453481971677,-0.030065639845688094,0.015836520489900783,0.5235111839259635,0.0019836369533744185,1818,0.0026717027674277288,False,0.0
CD4+ T cells,THAP1,-0.0045550641918574285,-0.017128826652108107,0.012815242997298226,0.49991552783038556,0.9911386073583048,1818,0.9921194471478727,False,0.0
CD4+ T cells,TBX3,0.004239806720030302,-0.01265857495510823,0.01267792086034535,0.5256159685369168,0.0007529483537239028,1818,0.001041514201424585,False,0.0
CD4+ T cells,RFX2,0.016870644199026837,0.004504270243131152,0.011204231072484533,0.5009907930856177,0.8963097895789125,1818,0.9069017839078529,False,0.0
CD4+ T cells,RORA(var.2),0.014005627635791345,0.0015939094809348403,0.010807454975546811,0.4942610191618531,0.4503065217205331,1818,0.48430095345063184,False,0.0
CD4+ T cells,MIXL1,0.003603433324424112,-0.00013764213407506599,0.003680497079483028,0.5007503904964629,0.9213751433891897,1818,0.9294150661063729,False,0.0
CD4+ T cells,ZNF341,0.014422493213836844,0.01084975637580073,0.0036758099645106727,0.5001081338417753,0.9886554142237272,1818,0.9898786948649344,False,0.0
CD4+ T cells,REST,-0.0017308877534253871,-0.004423069840876248,0.0028998556380506624,0.5007366667266095,0.9228086393991978,1818,0.9303971480212195,False,0.0
CD4+ T cells,HOXD11,-0.007271452997607149,-0.009978048678360744,0.0026557136887524016,0.5018270754520247,0.810074817465065,1818,0.8312357878426714,False,0.0
CD4+ T cells,ELF2,-0.02452494683500936,-0.025479782420789597,0.0009539118848844977,0.4990218264728681,0.897623207302725,1818,0.9079458741867065,False,0.0
CD4+ T cells,TBR1,-0.016149674308252277,-0.013531910682871988,-0.001570393404529811,0.549329144270894,8.653265321503921e-11,1818,1.6060142885690304e-10,False,0.0
CD4+ T cells,RORC,-0.009606338930830613,-0.006132473393495349,-0.0027532168026845453,0.4862250420625659,0.06999210056050909,1818,0.08299766672562127,False,0.0
CD4+ T cells,GLI2,-0.029104834800806768,-0.023744631948522197,-0.005417629655724259,0.501412286339044,0.8526267929254481,1818,0.8680744851978769,False,0.0
CD4+ T cells,NKX2-5,-0.012589528505233625,-0.004018136239256014,-0.008618408129588185,0.4990419388942049,0.8997170452126894,1818,0.9098363321495978,False,0.0
CD4+ T cells,TBX20,-0.018515309578648026,-0.003494857383939537,-0.009832226486317281,0.5388680823918354,3.175397067590719e-07,1818,5.180506667529053e-07,False,0.0
CD4+ T cells,TFAP2E,-0.018407353335581772,-0.009114990118553571,-0.010651539306916643,0.49905952740384446,0.9015486997525903,1818,0.9114607794100401,False,0.0
CD4+ T cells,TGIF2,-0.026188932772463515,-0.013567024780226972,-0.011688300274422334,0.5007399793607121,0.9224625999856682,1818,0.9302800796465637,False,0.0
CD4+ T cells,HSF4,-0.005465295280285429,0.007392354179681256,-0.01233145756682836,0.4959002998091607,0.5896991463274874,1818,0.6205260717922014,False,0.0
CD4+ T cells,TBX1,-0.01462748925594966,0.0033741719770817523,-0.0126967050527533,0.5226872056290802,0.0028424217642870424,1818,0.0037743480335757705,False,0.0
CD4+ T cells,ZNF136,-0.002770167083105295,0.01120827246181769,-0.014173641130094434,0.4976549705443731,0.7577311752696356,1818,0.7826858144347576,False,0.0
CD4+ T cells,BCL6,-0.013823056578631848,0.0034440727965579943,-0.01692523612658356,0.4918382216770573,0.283001785745969,1818,0.3139635933995587,False,0.0
CD4+ T cells,SOX14,-0.006530228257209346,0.010932537634140309,-0.01722553072020158,0.4963659615172874,0.6326369581261562,1818,0.6615789952386735,False,0.0
CD4+ T cells,HOXB9,-0.025909206778354454,-0.004521442771124671,-0.02088163670331598,0.4936976347477019,0.4070975825649954,1818,0.4414679225564115,False,0.0
CD4+ T cells,PROP1,-0.010495955086538509,0.011956181154191897,-0.023459420155345002,0.49383794846361606,0.4176212089114042,1818,0.4519110487444614,False,0.0
CD4+ T cells,ZNF410,-0.022444551320411454,0.0020633027167575725,-0.024371824399403857,0.49030589178791695,0.20225114793018795,1818,0.22806804473955977,False,0.0
CD4+ T cells,LBX2,-0.016373185943869068,0.012059949545380928,-0.028110141232436492,0.49169798683338367,0.27481241882945895,1818,0.30538067744685277,False,0.0
CD4+ T cells,MEOX1,-0.03216511656885145,-0.003709167354226534,-0.028163676537133045,0.4915010428487644,0.263586983480692,1818,0.29379419701456744,False,0.0
CD4+ T cells,HMBOX1,-0.035527887384258834,-0.007198151697931767,-0.028385873770038213,0.49463361162614683,0.4802546500149296,1818,0.5133712850621942,False,0.0
CD4+ T cells,RAX2,-0.0154546403286351,0.016255057699297155,-0.0312552102106534,0.49218502291869565,0.3039582900189953,1818,0.33573989664669807,False,0.0
CD4+ T cells,NKX6-3,-0.02532916285034158,0.007000825187260491,-0.0324051792444286,0.49246738553981584,0.32176378895766655,1818,0.35328528904280027,False,0.0
CD4+ T cells,VAX1,-0.04105298926119054,-0.005479404867238058,-0.03421094083763987,0.4902730809358538,0.200728039562739,1818,0.22653992972687362,False,0.0
CD4+ T cells,HOXA6,-0.0381850183037973,-0.0035072230852469764,-0.03436416386289737,0.48873972570758656,0.1385589713951102,1818,0.1592188577860312,False,0.0
CD4+ T cells,TFAP2B(var.3),-0.05866799594648478,-0.023334241480367137,-0.039723068975108945,0.4892756625820311,0.15833864496845895,1818,0.18076697447584222,False,0.0
CD4+ T cells,RFX3,-0.039591485838387584,0.005511732797149912,-0.04265753652112446,0.4874720910576862,0.09936823689644687,1818,0.1160299816689824,False,0.0
CD4+ T cells,EMX2,-0.03191627918602766,0.012788903756139986,-0.043830236246019144,0.48897815649072796,0.1471100267032778,1818,0.16870951475098128,False,0.0
CD4+ T cells,HOXB2,-0.03944444959699546,0.00615255189397736,-0.04452505944971038,0.48544507447590185,0.05554873774249362,1818,0.06663213545986635,False,0.0
CD4+ T cells,DMRT3,-0.041799478386281806,0.007180043471037594,-0.0496653938798951,0.48755064780926044,0.10150709520372665,1818,0.11839080634023581,False,0.0
CD4+ T cells,CLOCK,-0.03293845929717363,0.018296120374110388,-0.04999763598777154,0.4844760501286722,0.04114901837728779,1818,0.050086921887637297,False,0.0
CD4+ T cells,NR1I3,-0.058275358605583756,-0.00696958301977163,-0.051526982210600945,0.48586988036343065,0.06307251093673868,1818,0.07507836988821556,False,0.0
CD4+ T cells,SOX21,-0.049797086869508705,0.0007222657356184947,-0.051575038723221125,0.48801473207257634,0.11490030350229563,1818,0.1331671807419903,False,0.0
CD4+ T cells,SMAD5,-0.05344260520322816,0.003078923330725888,-0.05534540434924681,0.4839992674346299,0.035313803561850404,1818,0.04316605716351865,False,0.0
CD4+ T cells,MYBL1,-0.0524671632682266,0.004806880574776714,-0.055592894487699926,0.485182903148359,0.051290000140694444,1818,0.06170661331229549,False,0.0
CD4+ T cells,NKX2-2,-0.045113105749081714,0.010552155282625509,-0.05667683252054276,0.4854654235139602,0.0558912652559656,1818,0.06702313551441517,False,0.0
CD4+ T cells,GSC2,-0.04336584186512622,0.015392439355236738,-0.05765205444740834,0.4845994851851116,0.04278645201704767,1818,0.051954977449272174,False,0.0
CD4+ T cells,SOHLH2,-0.04067650822123201,0.018615408401811993,-0.059083519155032245,0.4840924155507033,0.036394805673446336,1818,0.04444714269688013,False,0.0
CD4+ T cells,SHOX,-0.04038495240764817,0.019843756492442518,-0.0594612099725538,0.48311368991788767,0.02633531362032822,1818,0.032596386079235505,False,0.0
CD4+ T cells,RFX1,-0.04795477040246533,0.017360921545620075,-0.06221974657509539,0.48286200859833617,0.024174949373162655,1818,0.030077443162305074,False,0.0
CD4+ T cells,ZNF75D,-0.03853452696170607,0.0224499737805557,-0.06232968835897418,0.4826398254967453,0.02239719556610519,1818,0.02792574830830866,False,0.0
CD4+ T cells,CDX4,-0.04148202894795499,0.0204358692224018,-0.0624742396973989,0.4789662720215239,0.005661205100361123,1818,0.007367396537813156,False,0.0
CD4+ T cells,PITX3,-0.043437065130481345,0.020592608500165713,-0.06311983937173762,0.4818414806780363,0.01691370270496142,1818,0.021331933025023033,False,0.0
CD4+ T cells,SREBF2(var.2),-0.06095284984412547,0.004187589743546684,-0.06315740821994933,0.4801125222932388,0.008896482742138037,1818,0.011416165294859023,False,0.0
CD4+ T cells,LHX6,-0.04125039905395185,0.025118867739966966,-0.06474318736912445,0.4797743969980594,0.00780284662243584,1818,0.010071607872707668,False,0.0
CD4+ T cells,ZNF143,-0.041744913274136985,0.023502413291041906,-0.06532073981208573,0.4839114037586724,0.03431936134361153,1818,0.04202667554365988,False,0.0
CD4+ T cells,POU6F2,-0.04438822443769396,0.02145867462420628,-0.06628037560087825,0.48380950082389945,0.03319608615753126,1818,0.040749807218862705,False,0.0
CD4+ T cells,PHOX2A,-0.04803632889854278,0.01955919806643267,-0.06881195774248161,0.4792014690428033,0.006221991353182836,1818,0.008084193004167552,False,0.0
CD4+ T cells,PITX1,-0.04472656458850865,0.02630825110954236,-0.06900061904400653,0.47952019176681077,0.007061664906088419,1818,0.009142878787210798,False,0.0
CD4+ T cells,DUX4,-0.04795369009911628,0.021647593328835636,-0.0698837396569319,0.4779666452449661,0.0037521938069970903,1818,0.004941854213252027,False,0.0
CD4+ T cells,KLF13,-0.011351988921392343,0.058425498371584415,-0.07239134485468288,0.48016923143418444,0.00909275020287172,1818,0.011660623556519487,False,0.0
CD4+ T cells,TGIF2LX,-0.0806567914836049,-0.003689386993710581,-0.07296317400391696,0.48280861209149306,0.023736897827422603,1818,0.02955970717443886,False,0.0
CD4+ T cells,PHOX2B,-0.061614511195276715,0.007181788436970335,-0.0738540574154391,0.47909341407326855,0.005958420744117932,1818,0.007746712831202171,False,0.0
CD4+ T cells,HOXA7,-0.06253700135978915,0.01420733801894846,-0.07579657393391366,0.4790871042940256,0.00594334530413345,1818,0.0077295966250478755,False,0.0
CD4+ T cells,TFAP2A(var.3),-0.07477363249403549,-0.007120403675388137,-0.0761681646062375,0.4771646723031925,0.0026665791608303014,1818,0.003547839291259257,False,0.0
CD4+ T cells,NR1I2,-0.05578312164578123,0.024787104414966073,-0.07984796662786232,0.4802014901805638,0.009206112793288014,1818,0.011802259937149336,False,0.0
CD4+ T cells,GBX2,-0.06340624230225471,0.018541347155944257,-0.08033452000562961,0.47710583361175235,0.002599531790914076,1818,0.003464329916349918,False,0.0
CD4+ T cells,CDX1,-0.0557733392467939,0.02604081622753397,-0.08188272197156207,0.4746846924440078,0.0008685006085069481,1818,0.0011940038946718014,False,0.0
CD4+ T cells,PAX3,-0.06513134442482252,0.018090983706661377,-0.08263534413273392,0.4754372913632057,0.001233624390170005,1818,0.0016816860790525069,False,0.0
CD4+ T cells,VENTX,-0.0808820265954815,0.002831085217065894,-0.08297311470589395,0.47665137176178185,0.0021313699878151935,1818,0.0028640063004650527,False,0.0
CD4+ T cells,HOXD9,-0.060350779622737334,0.020303281775582934,-0.08299911152820484,0.47341847749443716,0.0004713238033670608,1818,0.0006566722136443279,False,0.0
CD4+ T cells,BCL6B,-0.06524148556010441,0.022896516229754457,-0.08637463338058908,0.4717944980617936,0.00020712421848516336,1818,0.00029425020645750384,False,0.0
CD4+ T cells,ISL2,-0.059129212156529415,0.027868889594561304,-0.08638509723288482,0.47716222726373586,0.002663761831246209,1818,0.0035452567004020273,False,0.0
CD4+ T cells,PRRX2,-0.07567000757233154,0.011534495126806944,-0.08722693650211423,0.4758691957523828,0.001502622411611501,1818,0.002038769375378985,False,0.0
CD4+ T cells,HOXA5,-0.06366460160161028,0.025425519793943693,-0.08741328407821404,0.47393240901377204,0.0006059372518293106,1818,0.000841614184998761,False,0.0
CD4+ T cells,ETV5,-0.1154593832082711,-0.022516725614950824,-0.08859536191143295,0.476457582666784,0.001956351444047413,1818,0.002635830150721223,False,0.0
CD4+ T cells,POU4F3,-0.07152350401113765,0.014923926061426918,-0.08958718268837614,0.47856086870516706,0.004800686530558384,1818,0.006275792472581331,False,0.0
CD4+ T cells,BSX,-0.05558687884407542,0.03504113639563333,-0.09081526856506943,0.4748209048034141,0.0009260854719832937,1818,0.0012692892342968855,False,0.0
CD4+ T cells,SIX2,-0.07506933587210275,0.014471671209961406,-0.0923508494644767,0.4766199017378078,0.002102005088403497,1818,0.0028254859095284217,False,0.0
CD4+ T cells,HES2,-0.07118516918508719,0.021628218819859178,-0.09354514505286567,0.47084708470847086,0.00012567245713737546,1818,0.00018146708121977913,False,0.0
CD4+ T cells,NFYC,-0.04900310530422875,0.04508930214873454,-0.09692385028931992,0.4742312559331643,0.0006998643778013804,1818,0.0009690798331910968,False,0.0
CD4+ T cells,NFIC,-0.07823564228219462,0.01741568132588912,-0.09792593727351585,0.4715305915449589,0.00018048043186682505,1818,0.00025784739665719425,False,0.0
CD4+ T cells,EOMES,-0.13539252752426248,0.032108433311880194,-0.09845370006012316,0.5255706169986084,0.0007694118159376693,1818,0.0010631967921051263,False,0.0
CD4+ T cells,MNT,-0.06397368108056321,0.03486628825591579,-0.0985964289075047,0.47073295657641473,0.00011821390202170454,1818,0.00017094118927084222,False,0.0
CD4+ T cells,BHLHE22(var.2),-0.11320698170037348,-0.003010488065920695,-0.09897651367808814,0.48493398235722623,0.047502902624550404,1818,0.05735504148580452,False,0.0
CD4+ T cells,IRF6,-0.09595965519087393,0.0085956565804319,-0.09918874441920637,0.4708533156154732,0.000126092170805586,1818,0.00018200817805187334,False,0.0
CD4+ T cells,DLX6,-0.07433435311725159,0.027322012223434916,-0.09969666384032956,0.4717772250411161,0.0002052730900250025,1818,0.0002918253416167112,False,0.0
CD4+ T cells,HES7,-0.06091374489083095,0.0412674067290882,-0.10133555340006681,0.47498614214733775,0.001000685121967851,1818,0.001369216098573529,False,0.0
CD4+ T cells,ETV1,-0.10891723218297579,0.006717828266975586,-0.10311350421654049,0.470077291640836,8.283460333909949e-05,1818,0.0001209050523484836,False,0.0
CD4+ T cells,NFIA,-0.08648823838261058,0.022088329572949515,-0.10948911460914516,0.4656128073375161,6.08803649467207e-06,1818,9.405191163590376e-06,False,0.0
CD4+ T cells,ZBTB32,-0.10582175627116369,0.021337695088532466,-0.131437977087479,0.46215725673513725,6.429311627878875e-07,1818,1.0343139103935557e-06,False,0.0
CD4+ T cells,HOXD13,-0.1001299191638358,0.02920932247878053,-0.13174422019383134,0.4642721369928791,2.6059334501346248e-06,1818,4.075611418339657e-06,False,0.0
CD4+ T cells,ESX1,-0.10740647265285937,0.027730599233468507,-0.13428857130861108,0.46336818224409193,1.445921852274706e-06,1818,2.295996787403242e-06,False,0.0
CD4+ T cells,RXRA::VDR,-0.09351865535581837,0.04514707562915671,-0.1377336464237964,0.4624186393402747,7.674354253382633e-07,1818,1.2326493572523276e-06,False,0.0
CD4+ T cells,TP63,-0.10393541256216558,0.038722414111667325,-0.1390319107336743,0.4599400791814197,1.3679363238473959e-07,1818,2.2813975128963577e-07,False,0.0
CD4+ T cells,TGIF2LY,-0.12627261897668923,0.020081563843602084,-0.13908838613765473,0.46354808982475537,1.6275362614050277e-06,1818,2.5742813579533785e-06,False,0.0
CD4+ T cells,KLF6,-0.050184575882831914,0.06997011037248449,-0.13940603131563398,0.46006730010540486,1.4982999000040997e-07,1818,2.494700162722875e-07,False,0.0
CD4+ T cells,TFAP2B(var.2),-0.10420045322134923,0.023601041617369926,-0.14120975800588034,0.459697783658492,1.1493390926922013e-07,1818,1.92158097893911e-07,False,0.0
CD4+ T cells,MSX1,-0.10362099643584843,0.0397630491742725,-0.14145025813963483,0.4633893200045557,1.466204117545077e-06,1818,2.325465252680275e-06,False,0.0
CD4+ T cells,RBPJ,-0.09480469912423227,0.04452132374204643,-0.1422271899065124,0.4603390938462931,1.818282116104582e-07,1818,3.0064443979399834e-07,False,0.0
CD4+ T cells,HESX1,-0.11698803677856236,0.02802511799043695,-0.1440530769219559,0.4594946876391109,9.925088973335268e-08,1818,1.6655707169686644e-07,False,0.0
CD4+ T cells,PRRX1,-0.10447711125427202,0.041096631195725764,-0.14432994942659913,0.45564035898858024,5.37612137848241e-09,1818,9.42043616168897e-09,False,0.0
CD4+ T cells,TEAD2,-0.1042338862420697,0.04757111257762131,-0.14481766229474732,0.4580753816706592,3.492035447571081e-08,1818,5.961508616401937e-08,False,0.0
CD4+ T cells,KLF2,-0.05800032809742099,0.043734127758593595,-0.14581465176969532,0.45649146933620804,1.045758543705005e-08,1818,1.819062367940864e-08,False,0.0
CD4+ T cells,MSANTD3,-0.11229995120980542,0.02858350628689389,-0.14649331319985118,0.46032978692190984,1.8063073470693556e-07,1818,2.9878657098293593e-07,False,0.0
CD4+ T cells,ARGFX,-0.10783160605700863,0.037727056939448105,-0.1470750343022617,0.4557957373024369,6.075999209283491e-09,1818,1.063299861624611e-08,False,0.0
CD4+ T cells,GLI3,-0.12928160959244872,0.014989898443082636,-0.14940096178735252,0.46014625121818176,1.5851590655252512e-07,1818,2.632821666303434e-07,False,0.0
CD4+ T cells,MZF1(var.2),-0.10333533765818285,0.03900647525890868,-0.1497075627776647,0.45731970673408034,1.9748682839749673e-08,1818,3.3914758391183014e-08,False,0.0
CD4+ T cells,EVX2,-0.124396914274109,0.02843794888592841,-0.1503481530856145,0.4571304922290336,1.7096317612352207e-08,1818,2.9484953563332067e-08,False,0.0
CD4+ T cells,NFYA,-0.09311582446043871,0.057411921962233325,-0.1538265095109475,0.4595736387518878,1.0508436472984856e-07,1818,1.759815147752348e-07,False,0.0
CD4+ T cells,INSM1,-0.10021127372164926,0.040595443613447926,-0.15843713308008592,0.4544762835905042,2.121574746731839e-09,1818,3.779784863618239e-09,False,0.0
CD4+ T cells,BHLHE23,-0.13755413409830383,0.02633503530894255,-0.15856453297357354,0.45716117353060226,1.7501560571093957e-08,1818,3.014530186064119e-08,False,0.0
CD4+ T cells,HOXB13,-0.11344887784370794,0.03261803328319832,-0.15862255410021214,0.4546481462026329,2.4372577508181565e-09,1818,4.33076190593336e-09,False,0.0
CD4+ T cells,POU6F1,-0.12469471696696349,0.04160772510001779,-0.16219343896915517,0.4550075670027571,3.252291336932903e-09,1818,5.738670191552781e-09,False,0.0
CD4+ T cells,IRF5,-0.17802538220000136,0.012903012883295295,-0.16376253483576914,0.45612416131203026,7.859165676192982e-09,1818,1.3706113933567587e-08,False,0.0
CD4+ T cells,VSX1,-0.14624620593275522,0.025257502462078488,-0.1657191886329497,0.4526518897946577,4.71835944710234e-10,1818,8.579992055270143e-10,False,0.0
CD4+ T cells,SMAD2::SMAD3::SMAD4,-0.13114093679960168,0.03502067405905162,-0.1669399812497524,0.4555278871735754,4.91911145167619e-09,1818,8.642086380148443e-09,False,0.0
CD4+ T cells,TEAD3,-0.1256253463864481,0.04988247204186491,-0.16707473869953215,0.45026411158466007,6.05854509599931e-11,1818,1.1311893612558009e-10,False,0.0
CD4+ T cells,RAX,-0.12749732276207765,0.04203529111614066,-0.16813099204835927,0.45377487275541434,1.1982457598281065e-09,1818,2.152798554291527e-09,False,0.0
CD4+ T cells,NFIX(var.2),-0.1155582535664887,0.06364691958938282,-0.1695394971207607,0.44919657580900046,2.345627278709766e-11,1818,4.449323942644028e-11,False,0.0
CD4+ T cells,BHLHA15(var.2),-0.1826119857770527,0.018528960783782192,-0.17360972864694443,0.45971907916343685,1.1671090120747293e-07,1818,1.9504845364949832e-07,False,0.0
CD4+ T cells,ZNF263,-0.10298190692411799,0.03986278129463619,-0.17364839385586212,0.4523622709274082,3.6974466547548865e-10,1818,6.744756161018156e-10,False,0.0
CD4+ T cells,MNX1,-0.13950975661204884,0.03502661159997725,-0.17860220399856086,0.4490833941438308,2.1187248097987942e-11,1818,4.0283649344200757e-11,False,0.0
CD4+ T cells,LBX1,-0.14636303244703505,0.037382516979997615,-0.1830467756016789,0.4464373882183171,1.8459003050564345e-12,1818,3.620219405845048e-12,False,0.0
CD4+ T cells,HNF1A,-0.15317061341743862,0.027652856587816757,-0.184082442287889,0.44688956277331204,2.824787321114573e-12,1818,5.52129927595631e-12,False,0.0
CD4+ T cells,BHLHE40,-0.14393903029669483,0.04841243986471943,-0.18546990704182617,0.45007205767895403,5.115018033909033e-11,1818,9.581186557961087e-11,False,0.0
CD4+ T cells,NR4A1,-0.14395587643149252,0.04236619285508801,-0.1863161697797334,0.4465513586058921,2.055528597891069e-12,1818,4.027442473156061e-12,False,0.0
CD4+ T cells,ZBTB18,-0.16670362146029,0.033542674559928494,-0.18785026593081963,0.45068797100530245,8.783500057503137e-11,1818,1.629437929053539e-10,False,0.0
CD4+ T cells,IRF7,-0.22841772496524487,0.02749196946598678,-0.20115103109911206,0.4425220124536113,4.0094632460589057e-14,1818,8.285131917034899e-14,False,0.0
CD4+ T cells,HOXB3,-0.1656726911428982,0.04270628115702991,-0.2064121606906286,0.44243769802847793,3.681511533412809e-14,1818,7.615232957151444e-14,False,0.0
CD4+ T cells,PAX7,-0.17061460206083137,0.045776228895375325,-0.21247063672361086,0.4395317291981564,1.805393419892276e-15,1818,3.8526486165000784e-15,False,0.0
CD4+ T cells,SREBF1(var.2),-0.17116883244679562,0.05370725097259328,-0.21373437649186222,0.4381024853273971,3.8869082078188236e-16,1818,8.491593201314774e-16,False,0.0
CD4+ T cells,GBX1,-0.16530994437856897,0.05527425697646088,-0.2137513271825679,0.4426452897655696,4.5412735661475115e-14,1818,9.36015937271158e-14,False,0.0
CD4+ T cells,MGA,-0.22471818360376475,0.051435963050993495,-0.21483802442696004,0.4547183424967102,2.5789630455720026e-09,1818,4.572517301658336e-09,False,0.0
CD4+ T cells,RORB,-0.19759705367088784,0.06271643876163543,-0.21934009965310555,0.42658698046460797,4.600471488940812e-22,1818,1.1640717726237978e-21,False,0.0
CD4+ T cells,TFAP2B,-0.16479861426812978,0.03725469397532934,-0.2212609826197505,0.43723110481395144,1.49809951277168e-16,1818,3.314002530713077e-16,False,0.0
CD4+ T cells,ZNF274,-0.17749603347260576,0.044209315938013555,-0.2220322949489958,0.436040212854093,3.986097041313203e-17,1818,8.915283929880164e-17,False,0.0
CD4+ T cells,BARX1,-0.18025957078082605,0.05636506669170926,-0.2263377118612476,0.43819934043877573,4.317978814180869e-16,1818,9.413007695137822e-16,False,0.0
CD4+ T cells,PAX3(var.2),-0.18964298717186223,0.039229892556107204,-0.2270019023308561,0.43698865154654265,1.1463851888115396e-16,1818,2.5401284085057447e-16,False,0.0
CD4+ T cells,HOXB6,-0.19381276364012964,0.04903652903088367,-0.2330162511384449,0.43641793201402157,6.082176255856915e-17,1818,1.355839401167883e-16,False,0.0
CD4+ T cells,ZNF684,-0.15927149827604617,0.0731466327739854,-0.23378338408085542,0.4317743288524436,2.8478587386778765e-19,1818,6.793889420218567e-19,False,0.0
CD4+ T cells,MLXIPL,-0.1941010126780706,0.052326056895439024,-0.23445194239149025,0.4347589333065799,9.336143784500566e-18,1818,2.130515383648578e-17,False,0.0
CD4+ T cells,KLF3,-0.12073079006053555,0.09151870373821878,-0.23656788120361727,0.42957071732409835,1.9634501277465057e-20,1818,4.7971734401342765e-20,False,0.0
CD4+ T cells,HES5,-0.16487628375656027,0.07984699863685862,-0.23725761353715702,0.4357371857059523,2.835046365759003e-17,1818,6.372554219922736e-17,False,0.0
CD4+ T cells,OTX2,-0.19991036894576708,0.060768636502212536,-0.24255745973752646,0.4330449606474843,1.2819112614406877e-18,1818,3.0067321529211723e-18,False,0.0
CD4+ T cells,TEAD1,-0.18110208318428522,0.07833960885462843,-0.24583203387723598,0.4293185627711036,1.438173462948178e-20,1818,3.524439631186147e-20,False,0.0
CD4+ T cells,TAL1::TCF3,-0.21636357337277867,0.04631574271049526,-0.24584480985324084,0.43364699245949834,2.589572376355631e-18,1818,6.007689125421379e-18,False,0.0
CD4+ T cells,PAX6,-0.23267881599122367,0.042699109876038144,-0.24627052774584715,0.4353970886047595,1.9304458962391408e-17,1818,4.3634548023371864e-17,False,0.0
CD4+ T cells,MAX,-0.18354120002165092,0.07073140611133782,-0.25057330992884275,0.42945903423149884,1.7107723753009123e-20,1818,4.189942512389523e-20,False,0.0
CD4+ T cells,LHX2,-0.20189209799064986,0.05353843553719484,-0.2546783981605896,0.4294972083959185,1.793296992073383e-20,1818,4.3867470555797506e-20,False,0.0
CD4+ T cells,GSX2,-0.21090327017860455,0.05623471704672036,-0.2562795190970145,0.42611721739997344,2.512501208644354e-22,1818,6.409571179177211e-22,False,0.0
CD4+ T cells,NR2F6(var.3),-0.20077875349101063,0.05899713353560855,-0.2568888555624656,0.4255837255649855,1.2582921829518484e-22,1818,3.2365226778278315e-22,False,0.0
CD4+ T cells,DLX5,-0.2132220262289783,0.056400388507010006,-0.2569808418379801,0.42457518622524715,3.359283012269962e-23,1818,8.791500043754376e-23,False,0.0
CD4+ T cells,SOX2,-0.1997344288286354,0.0778919222000768,-0.2581203211313153,0.42763905728112245,1.7586489024942136e-21,1818,4.389570301968901e-21,False,0.0
CD4+ T cells,POU3F3,-0.24820792229829908,0.04993807132017021,-0.25820452769972535,0.4351890236342246,1.5244977612665317e-17,1818,3.459404342167352e-17,False,0.0
CD4+ T cells,MLX,-0.21050187031419723,0.06043717439194709,-0.2594276680054804,0.4269497138988347,7.320204816385445e-22,1818,1.8430335212878354e-21,False,0.0
CD4+ T cells,LHX1,-0.2078086911689451,0.06332011564792062,-0.25967516456650974,0.42489398782149507,5.109289010879611e-23,1818,1.329400857750412e-22,False,0.0
CD4+ T cells,EVX1,-0.21074099759530848,0.05510056839415022,-0.25972227832710676,0.42557378766267795,1.2421297063760482e-22,1818,3.1969826921103634e-22,False,0.0
CD4+ T cells,TFAP2A(var.2),-0.18031284083506074,0.038568359982061054,-0.26096036000947626,0.42786100376599173,2.3280165386113064e-21,1818,5.8071238688171056e-21,False,0.0
CD4+ T cells,RORA,-0.23442565420580397,0.05511499337971513,-0.26319016432960674,0.4207287447987701,1.8592993533028403e-25,1818,5.086359150414666e-25,False,0.0
CD4+ T cells,SOX13,-0.20525671598047115,0.08552895887711721,-0.26549127627052893,0.424834123790928,4.723034428094085e-23,1818,1.2304827621422194e-22,False,0.0
CD4+ T cells,NOTO,-0.2119498201347071,0.06057947047913922,-0.269390434395042,0.4267888145281405,5.958894994461664e-22,1818,1.5049743537822654e-21,False,0.0
CD4+ T cells,TFAP2C,-0.19900866364268893,0.04958257013461707,-0.272512090359401,0.4227814737309693,3.072518783148362e-24,1818,8.178559866196232e-24,False,0.0
CD4+ T cells,ZNF16,-0.1982092132918053,0.06623993837905084,-0.2736953372700994,0.42459916338637016,3.467126892619986e-23,1818,9.067870334544578e-23,False,0.0
CD4+ T cells,GSX1,-0.21435627477379363,0.06529905720127906,-0.2773428844123659,0.4225322374508744,2.194141522565122e-24,1818,5.859733729569955e-24,False,0.0
CD4+ T cells,ZNF282,-0.22265999578078177,0.06825081265332378,-0.28067965842601483,0.4177880721826126,2.9483598568123614e-27,1818,8.394837424815492e-27,False,0.0
CD4+ T cells,HSF2,-0.23336352595610144,0.08282236641984089,-0.28423259278619517,0.4188287913964898,1.2998550345910482e-26,1818,3.6446385793176583e-26,False,0.0
CD4+ T cells,MYB,-0.22743581897400908,0.07252083665576164,-0.28497214656086467,0.41655269627909164,4.946228312423431e-28,1818,1.4264034035684393e-27,False,0.0
CD4+ T cells,HAND2,-0.239503388554709,0.05855290687748355,-0.2865430707440795,0.4204108896694086,1.1965183360196934e-25,1818,3.288799719793261e-25,False,0.0
CD4+ T cells,BHLHE22,-0.26183244542917267,0.04723053629029229,-0.29229235696575495,0.41634045107980827,3.6301663587264412e-28,1818,1.0498679833743518e-27,False,0.0
CD4+ T cells,HEY2,-0.21292620322110065,0.09543738703071761,-0.29768291090465215,0.4152103696174034,6.901587855522736e-29,1818,2.0397242120850977e-28,False,0.0
CD4+ T cells,NR4A2::RXRA,-0.22882219119778852,0.07627187413576854,-0.2980577126103735,0.41476560905301885,3.569324810091652e-29,1818,1.0595369172142938e-28,False,0.0
CD4+ T cells,TEAD4,-0.2432467073261705,0.08413069499330826,-0.29895292546424074,0.41398051477071995,1.1053401474845817e-29,1818,3.305400027141624e-29,False,0.0
CD4+ T cells,NR2C2,-0.2020335806945345,0.08396793212071468,-0.2995086228313169,0.41584355596442923,1.7542308922948064e-28,1818,5.113557773937166e-28,False,0.0
CD4+ T cells,BHLHE41,-0.23281079744538918,0.08653210650711585,-0.29951596124608365,0.4156026801418312,1.231167554290775e-28,1818,3.612258103452122e-28,False,0.0
CD4+ T cells,TP73,-0.23943342435972337,0.07218013607906001,-0.3032592925282529,0.41309020491954557,2.8881297015008792e-30,1818,8.720427441994445e-30,False,0.0
CD4+ T cells,MAFF,-0.2586587567825453,0.07845813692564217,-0.3083305660470494,0.4103480537328181,4.248108507009813e-32,1818,1.3170763999510883e-31,False,0.0
CD4+ T cells,MAFA,-0.24326788817748712,0.08591381666499137,-0.30854968684724365,0.4102586914842904,3.694332274627639e-32,1818,1.1471426234185287e-31,False,0.0
CD4+ T cells,HNF1B,-0.2675528139270982,0.05410288813546465,-0.3128881391824954,0.41002191701820023,2.549904035791015e-32,1818,7.948314120809281e-32,False,0.0
CD4+ T cells,TWIST1,-0.2577997391245376,0.07143460570289195,-0.3137444594846406,0.41027896165010824,3.8132975451579715e-32,1818,1.1831749898549965e-31,False,0.0
CD4+ T cells,HEY1,-0.22846137840339964,0.09098808543288278,-0.3171016252187601,0.40886494012177244,4.108991371105587e-33,1818,1.3059685064802204e-32,False,0.0
CD4+ T cells,NEUROG1,-0.2667322300229348,0.0653371434455081,-0.31817462377613487,0.4078912623123511,8.685703656962955e-34,1818,2.789075952069216e-33,False,0.0
CD4+ T cells,MAF,-0.25458562998555906,0.08459835469893937,-0.31872482861689166,0.4062643646068077,6.241448426512191e-35,1818,2.0497484037068447e-34,False,0.0
CD4+ T cells,OLIG1,-0.28834825658382107,0.05133081942654294,-0.3236887043356756,0.4092085864737893,7.08358481299979e-33,1818,2.2408275334946948e-32,False,0.0
CD4+ T cells,MAX::MYC,-0.23255021349054872,0.09781089424095961,-0.3239657068743688,0.4081676306431905,1.3523722133699982e-33,1818,4.3254529448972434e-33,False,0.0
CD4+ T cells,ARNT2,-0.25813359677742015,0.08717238708484122,-0.326022992539394,0.4067947015521741,1.4798629347095823e-34,1818,4.8208739402858055e-34,False,0.0
CD4+ T cells,PITX2,-0.2658812336078421,0.09382947122927181,-0.327346207557956,0.40634781143729515,7.151870031270673e-35,1818,2.3449324267845334e-34,False,0.0
CD4+ T cells,POU4F2,-0.270499221746114,0.051136654105863,-0.32759577967609127,0.40730626690429295,3.3876356230710992e-34,1818,1.0982671258770567e-33,False,0.0
CD4+ T cells,OLIG3,-0.2863704471515952,0.058544862181981766,-0.32981678032470413,0.4061783149923825,5.423157958640463e-35,1818,1.782461177957702e-34,False,0.0
CD4+ T cells,ZBTB6,-0.23085043334637165,0.09126182034981509,-0.3301607829001153,0.40661708126648627,1.1088732354781886e-34,1818,3.6210662717875315e-34,False,0.0
CD4+ T cells,PAX9,-0.3389662421180649,0.060253429688722576,-0.3370118233652146,0.40988097232436177,2.0439935661223505e-32,1818,6.394060262582601e-32,False,0.0
CD4+ T cells,NEUROG2,-0.2971185358823398,0.06356879540085077,-0.33993529027555847,0.4041977541602741,2.0615812525096572e-36,1818,6.93939912450422e-36,False,0.0
CD4+ T cells,NEUROD2,-0.2904311641091963,0.06689552854720812,-0.34156109578936067,0.4027291530414871,1.7470476103655892e-37,1818,6.005568930789443e-37,False,0.0
CD4+ T cells,PPARD,-0.27387556482234,0.11607958313637486,-0.34201033914689616,0.4024650887801714,1.1165081004854072e-37,1818,3.847863521775091e-37,False,0.0
CD4+ T cells,NEUROG2(var.2),-0.2837619583050969,0.0593482238995776,-0.3425075232549531,0.4063435523363062,7.10235996557037e-35,1818,2.330587868669726e-34,False,0.0
CD4+ T cells,THRB(var.2),-0.2574010801693591,0.09533355151639765,-0.34366049527378617,0.40245956772333386,1.106091122125753e-37,1818,3.815212856027959e-37,False,0.0
CD4+ T cells,POU6F1(var.2),-0.277430796024841,0.0776991508012038,-0.3452873446254779,0.399880445457795,1.309674732317674e-39,1818,4.6727900943186145e-39,False,0.0
CD4+ T cells,SRF,-0.29593305272059206,0.07189590483266975,-0.3500124175567585,0.4013462071759226,1.6527116742559508e-38,1818,5.784490859895827e-38,False,0.0
CD4+ T cells,RXRB(var.2),-0.2528461417691832,0.11702748273990866,-0.3535230327922289,0.399906473297172,1.3704233184059893e-39,1818,4.880926713266402e-39,False,0.0
CD4+ T cells,SREBF1,-0.2848047683728301,0.0765215317100277,-0.35405280124134064,0.40367230729382086,8.561317965502134e-37,1818,2.9035282890546214e-36,False,0.0
CD4+ T cells,PAX1,-0.33319675093909373,0.07439748254218777,-0.35626458144565315,0.40207175291661656,5.718266980458015e-38,1818,1.980831181757973e-37,False,0.0
CD4+ T cells,NR6A1,-0.2917389075528723,0.10257473826192799,-0.3599909129630948,0.39638411790705885,2.6668989754607556e-42,1818,9.935794893843663e-42,False,0.0
CD4+ T cells,THRB,-0.2772279861687182,0.11652234144920594,-0.36029729887301565,0.39706596842649566,9.07831540343517e-42,1818,3.354416814821799e-41,False,0.0
CD4+ T cells,OLIG2,-0.3159265271971217,0.06778013816594479,-0.3648220083738187,0.3972423267563349,1.2446271001786077e-41,1818,4.582130343332709e-41,False,0.0
CD4+ T cells,MSGN1,-0.2933532383262598,0.0837467515426722,-0.3680050151369332,0.3954848166204633,5.23638976041077e-43,1818,1.9708309740113466e-42,False,0.0
CD4+ T cells,RHOXF1,-0.308446559635558,0.10660549030385363,-0.37061333186140794,0.39444969733566415,7.903161586521428e-44,1818,3.002459321978e-43,False,0.0
CD4+ T cells,TCF21(var.2),-0.3165622387321678,0.07343971848969932,-0.3717425616160142,0.39414185898085075,4.487723853797954e-44,1818,1.7113412547093798e-43,False,0.0
CD4+ T cells,PRDM1,-0.2964042968762992,0.07689108191959282,-0.3735522186628027,0.39410928474550927,4.226469719003072e-44,1818,1.6132355172723045e-43,False,0.0
CD4+ T cells,ZNF449,-0.2614042530134326,0.11010101556362778,-0.3769275835854229,0.3934062175933682,1.1529975471602752e-44,1818,4.4513626677580854e-44,False,0.0
CD4+ T cells,TP53,-0.3063219367233406,0.09352839008925654,-0.37833779698052905,0.39283896843943067,4.017601902947572e-45,1818,1.5705523960701329e-44,False,0.0
CD4+ T cells,IRF2,-0.4320518630428193,0.07993355966436538,-0.3802408131791455,0.3925267921113878,2.2436950740807477e-45,1818,8.83072983436839e-45,False,0.0
CD4+ T cells,RARG(var.3),-0.29021715507882323,0.11892146234299572,-0.380527991045962,0.3935796576503076,1.5897987719350116e-44,1818,6.120195843243632e-44,False,0.0
CD4+ T cells,VDR,-0.29082571946611824,0.10382595456210392,-0.3837808885418805,0.3918006942650101,5.7501549015944105e-46,1818,2.2966561433219138e-45,False,0.0
CD4+ T cells,ATOH1(var.2),-0.35567723431910975,0.07380989635220371,-0.3887801368605983,0.3924790744058633,2.0522338441978762e-45,1818,8.092922157528857e-45,False,0.0
CD4+ T cells,GFI1,-0.327892826410053,0.12271765081111488,-0.39375715086354324,0.38314107435980194,2.534532289706853e-53,1818,1.1182898194279091e-52,False,0.0
CD4+ T cells,RXRG,-0.31793108696420036,0.11965805109387546,-0.39468219123734016,0.38806838097058916,4.551056343754157e-49,1818,1.9002656312517357e-48,False,0.0
CD4+ T cells,HOXB4,-0.34819145308873206,0.08464280825115718,-0.3999669425987135,0.3839606358112152,1.330756665843274e-52,1818,5.8145156263519296e-52,False,0.0
CD4+ T cells,NEUROD1,-0.33610233988576116,0.07287674592156311,-0.40591791202124905,0.38876111585922,1.7444264159308707e-48,1818,7.194647582932011e-48,False,0.0
CD4+ T cells,POU3F1,-0.4221875582803973,0.09069949332602495,-0.4078516960125662,0.3904600239203731,4.545361345666901e-47,1818,1.8482946738259583e-46,False,0.0
CD4+ T cells,POU2F1,-0.4692797064210432,0.09542652831335362,-0.40906996174931043,0.39671301515009544,4.820090579196667e-42,1818,1.7842714074501111e-41,False,0.0
CD4+ T cells,RXRB,-0.3284456971228066,0.13056617337311713,-0.4104343207018947,0.3832644305440008,3.2555180062969327e-53,1818,1.4348394175901296e-52,False,0.0
CD4+ T cells,CREB3L1,-0.310079773259321,0.11321125353499577,-0.4106761566326558,0.3828687285132299,1.4569930949282667e-53,1818,6.463809278596235e-53,False,0.0
CD4+ T cells,GMEB2,-0.3307118069451233,0.12197230706436524,-0.4117654290333154,0.3848123771367673,7.366340719938974e-52,1818,3.187616529719047e-51,False,0.0
CD4+ T cells,PAX5,-0.31623420660416596,0.11540375391094708,-0.417695122011229,0.3824425817976119,6.111113770517689e-54,1818,2.720084303136916e-53,False,0.0
CD4+ T cells,TFAP4,-0.3490785454828064,0.10046862375967165,-0.4190392088793091,0.3836542171567314,7.168320209709906e-53,1818,3.1422560745922295e-52,False,0.0
CD4+ T cells,ZNF24,-0.3288411244918935,0.098849797103034,-0.4191464670486524,0.3823463576641576,5.020296622049851e-54,1818,2.2419558645489733e-53,False,0.0
CD4+ T cells,BACH2(var.2),-0.3319115608410235,0.11956182855581797,-0.4212067875120661,0.38130177371049406,5.878789070741683e-55,1818,2.654640689756791e-54,False,0.0
CD4+ T cells,RELB,-0.3494249576383461,0.12138849504178319,-0.4217409096739961,0.379426112958299,1.192032972113922e-56,1818,5.486877594053388e-56,False,0.0
CD4+ T cells,PPARA::RXRA,-0.34733373900216186,0.10266549136823933,-0.42893323483336765,0.3777395878389101,3.40032459261342e-58,1818,1.6109734545332434e-57,False,0.0
CD4+ T cells,MYC,-0.3120239612300559,0.12972531968282294,-0.43205283114642334,0.3808310641789731,2.2227638978803584e-55,1818,1.0070887716488164e-54,False,0.0
CD4+ T cells,DMRTC2,-0.3656091549340333,0.0935975539929656,-0.43271047136039426,0.37874134416596233,2.8290703498037213e-57,1818,1.3126626875350755e-56,False,0.0
CD4+ T cells,ZBTB26,-0.3805800939176241,0.1242069063927996,-0.4332611075597914,0.375488652966243,2.732799501263803e-60,1818,1.3194399501328579e-59,False,0.0
CD4+ T cells,NRL,-0.3878439122416476,0.12005158401415668,-0.43683897288478163,0.3727662987118901,7.116507966252157e-63,1818,3.545984141804954e-62,False,0.0
CD4+ T cells,IRF4,-0.558480151105079,0.1224649618236085,-0.43923803452584936,0.37160230218605456,5.37457168012517e-64,1818,2.708034497856343e-63,False,0.0
CD4+ T cells,MYF5,-0.41684313248556,0.09324805146461505,-0.44309316782856334,0.37580059267756427,5.360308068871648e-60,1818,2.575748984163265e-59,False,0.0
CD4+ T cells,NR1H2::RXRA,-0.37556628355948757,0.1182398101988082,-0.4436487911778751,0.3749629694830682,8.747776970319338e-61,1818,4.269421667299402e-60,False,0.0
CD4+ T cells,MZF1,-0.3622374846925526,0.10891039486779042,-0.45021339791570764,0.37372286124511506,5.8433113570131175e-62,1818,2.8831753354237894e-61,False,0.0
CD4+ T cells,POU5F1,-0.5879961544683959,0.10553484658169912,-0.45028554385715375,0.38517455846531024,1.5191961076214862e-51,1818,6.539007927060141e-51,False,0.0
CD4+ T cells,NR1H4::RXRA,-0.36398694763757156,0.11721578004648454,-0.45544968991611917,0.3741798470067827,1.5888389474356507e-61,1818,7.792051371302597e-61,False,0.0
CD4+ T cells,ELF4,-0.3783434166321181,0.08427580198126743,-0.4564861730603559,0.3713425758979683,3.01037767668053e-64,1818,1.524404014999928e-63,False,0.0
CD4+ T cells,HNF4A,-0.3823681328437813,0.1347094067456251,-0.4579349634206556,0.369599814871077,5.977160435374775e-66,1818,3.088581241574245e-65,False,0.0
CD4+ T cells,CREB3L4,-0.3406882304788839,0.13471045926631356,-0.4582399037019996,0.3709439555942976,1.2339609899899049e-64,1818,6.303795663509035e-64,False,0.0
CD4+ T cells,POU3F2,-0.48728259375811533,0.10247456435500427,-0.45885233551914884,0.373723886584242,5.856464142760111e-62,1818,2.8861454228510854e-61,False,0.0
CD4+ T cells,XBP1,-0.3620024128242864,0.13497009544017236,-0.46239973016312963,0.37154669725647643,4.7478269812616906e-64,1818,2.3982157261154555e-63,False,0.0
CD4+ T cells,POU5F1B,-0.5938699903014111,0.1153592174255055,-0.4629745913657668,0.3780273137723867,6.259916637512892e-58,1818,2.9416518833190665e-57,False,0.0
CD4+ T cells,EWSR1-FLI1,-0.37568893526801705,0.13272422751147794,-0.46365171993747134,0.36440394828126343,3.687760271228388e-71,1818,1.99474305580081e-70,False,0.0
CD4+ T cells,IRF9,-0.5836831021870121,0.12860293315120278,-0.4646901084198974,0.363844349734658,9.853890088872142e-72,1818,5.365927227399285e-71,False,0.0
CD4+ T cells,IRF8,-0.5903250191096692,0.13598436701986,-0.4650954752124253,0.36446152501685497,4.222805945590922e-71,1818,2.281104520141638e-70,False,0.0
CD4+ T cells,PPARG,-0.3767835085073013,0.1227470116186052,-0.4691281758449191,0.3631758286238719,2.0221628117366834e-72,1818,1.1131524811274315e-71,False,0.0
CD4+ T cells,HNF4A(var.2),-0.3924100514638202,0.14064277867764194,-0.4693862122046204,0.3679582469287938,1.4203587199552871e-67,1818,7.444004379454782e-67,False,0.0
CD4+ T cells,TFAP2C(var.2),-0.2998889991291513,0.0970455079202981,-0.4697117380779041,0.36526562750912317,2.7843834128562903e-70,1818,1.4921344752869602e-69,False,0.0
CD4+ T cells,HOXC4,-0.42078832659495463,0.09692461276539203,-0.4741122398056738,0.3630594920690807,1.5338541792402443e-72,1818,8.46654025812555e-72,False,0.0
CD4+ T cells,POU2F3,-0.6246671207957024,0.12695830955606704,-0.47652219761082143,0.37505209511487425,1.0614943499506761e-60,1818,5.155829699760426e-60,False,0.0
CD4+ T cells,RARB(var.3),-0.3738977906508182,0.15990299876617908,-0.4865680230177928,0.3622610683781312,2.2869787337533606e-73,1818,1.2675501310638488e-72,False,0.0
CD4+ T cells,NFIC::TLX1,-0.42109570914834615,0.14594165362904307,-0.4876969038238282,0.3602808230349849,1.944083488091849e-75,1818,1.1016473099187143e-74,False,0.0
CD4+ T cells,SREBF2,-0.388863774022069,0.11414795430962014,-0.4901040875588521,0.36803491074659517,1.6931491719599858e-67,1818,8.862201228654726e-67,False,0.0
CD4+ T cells,NFKB2,-0.5324686707435,0.14896822498398937,-0.4921864197402169,0.3591707751216762,1.3037552336215001e-76,1818,7.482260532244807e-76,False,0.0
CD4+ T cells,DUXA,-0.4129052824041526,0.12478068987119491,-0.4932077309419521,0.3602716738550827,1.9014299482818641e-75,1818,1.0789881585902415e-74,False,0.0
CD4+ T cells,NFKB1,-0.4979207834723272,0.14249912867253228,-0.49385535632252986,0.36018428341256836,1.5382320526774323e-75,1818,8.765756176243509e-75,False,0.0
CD4+ T cells,MITF,-0.4194609362721778,0.13025142026699024,-0.49448172024516956,0.35895718909430374,7.732827661282082e-77,1818,4.4695743882210427e-76,False,0.0
CD4+ T cells,DMRTA2,-0.42349265366133215,0.11170408715974275,-0.49580900692531177,0.35997290580793095,9.206970524843528e-76,1818,5.25407655056656e-75,False,0.0
CD4+ T cells,NR2F1(var.3),-0.3996593848938653,0.1321003625972894,-0.49601167218957853,0.3614444251996178,3.228038628896797e-74,1818,1.8039563939939835e-73,False,0.0
CD4+ T cells,MAFG,-0.4577570278680302,0.14816311686318592,-0.49767962319095427,0.35540091864075996,1.150427254129854e-80,1818,6.905977255503544e-80,False,0.0
CD4+ T cells,NFIC(var.2),-0.4436401793813132,0.17631808903095947,-0.5000148270504874,0.35352588886648917,1.0108270862173109e-82,1818,6.140850436689549e-82,False,0.0
CD4+ T cells,ATOH7,-0.4303454365133933,0.1084000118139719,-0.5024129974628637,0.35700021106211566,6.22076435038265e-79,1818,3.6689814229807876e-78,False,0.0
CD4+ T cells,TFEC,-0.40327726393810015,0.14682420855773365,-0.504431009750704,0.35797396774377754,6.912152744394111e-78,1818,4.023966907024255e-77,False,0.0
CD4+ T cells,NR2F1(var.2),-0.4295893412499428,0.15569449760194243,-0.5086605880529462,0.353089409887361,3.3284924921602564e-83,1818,2.03737982197888e-82,False,0.0
CD4+ T cells,PLAG1,-0.32184860242222246,0.10005792058790988,-0.5108343679149133,0.35661121317179034,2.366419923726694e-79,1818,1.4018352871739682e-78,False,0.0
CD4+ T cells,OSR2,-0.3967327163668492,0.1086123435382221,-0.5133317896583103,0.3574769148839174,2.026232900739297e-78,1818,1.1864165436166708e-77,False,0.0
CD4+ T cells,ATF6,-0.3912171626361086,0.1536456704811099,-0.5170457737292958,0.3590849621239727,1.0570412595455138e-76,1818,6.092291931796508e-76,False,0.0
CD4+ T cells,POU3F4,-0.5711627140257566,0.12478856915696006,-0.5203692431693984,0.35780068543131915,4.5085392417763115e-78,1818,2.6284653850471123e-77,False,0.0
CD4+ T cells,POU1F1,-0.5549819290618935,0.12131756513589105,-0.5223363432605326,0.3537859306435375,1.9562114809740182e-82,1818,1.1830839539642567e-81,False,0.0
CD4+ T cells,POU2F2,-0.6449325449972222,0.1251800937588793,-0.524201891379741,0.3560087869985737,5.2698729433232175e-80,1818,3.14946911797426e-79,False,0.0
CD4+ T cells,ZNF140,-0.4512879081335187,0.14280030414659828,-0.5353738668247141,0.3449786619040453,1.9853319579280843e-92,1818,1.3061224555735007e-91,False,0.0
CD4+ T cells,RELA,-0.6122537971228883,0.18611250089167494,-0.5429006628014046,0.34388099693250085,1.0269886500377933e-93,1818,6.834204075744921e-93,False,0.0
CD4+ T cells,ETV4,-0.45516661819953047,0.12597124086135325,-0.5477115084993741,0.3454522897084661,7.08028631376581e-92,1818,4.642923569772523e-91,False,0.0
CD4+ T cells,PRDM4,-0.45536041220667556,0.12068793077300102,-0.5525090458980311,0.342780492560297,5.163009243095721e-95,1818,3.4700224912899147e-94,False,0.0
CD4+ T cells,ZNF682,-0.3572294420589945,0.16396563772854927,-0.5532035222422793,0.34580902885241205,1.8402378619513336e-91,1818,1.20284368165672e-90,False,0.0
CD4+ T cells,NFIB,-0.48017014842796063,0.19472986849004223,-0.5690937323657668,0.33575060976129156,1.5956682183769822e-103,1818,1.144693902757672e-102,False,0.0
CD4+ T cells,CREB3,-0.451381539834822,0.17035826084697786,-0.5738307280713622,0.33786998573674404,6.42023334667398e-101,1818,4.486401402529002e-100,False,0.0
CD4+ T cells,ZNF460,-0.29566894448221614,0.10357697425540482,-0.5783477882955982,0.33517752406155443,3.110737952449355e-104,1818,2.2475081706446593e-103,False,0.0
CD4+ T cells,ESR1,-0.4998177868338565,0.16630961465788968,-0.5862996824744724,0.33168332606131273,1.28856519138533e-108,1818,9.583703610928392e-108,False,0.0
CD4+ T cells,TFE3,-0.4978792460582253,0.16874550123292706,-0.5977062417984866,0.3308154947986912,1.0171739619613129e-109,1818,7.663847020661959e-109,False,0.0
CD4+ T cells,HIC2,-0.447516022361631,0.15061736036360449,-0.5979082472844919,0.33110180103183817,2.3540463707707798e-109,1818,1.7637910400256618e-108,False,0.0
CD4+ T cells,HOXA4,-0.5542003312302419,0.1376779567129601,-0.6067965497609251,0.3284826905403474,1.035656813475337e-112,1818,7.921110524236698e-112,False,0.0
CD4+ T cells,CREB3L4(var.2),-0.5112525359659137,0.1973234606160506,-0.6136090330952619,0.32667998661064845,4.731676788050165e-115,1818,3.68160851624057e-114,False,0.0
CD4+ T cells,ESRRB,-0.5461896254836414,0.1922239164619697,-0.6159354399015022,0.32317009303454003,1.1186083147379265e-119,1818,9.088131006886849e-119,False,0.0
CD4+ T cells,RARA::RXRA,-0.48843094165598916,0.17610030991015105,-0.6160061488994042,0.3276205380790445,7.925810366838268e-114,1818,6.084976991314541e-113,False,0.0
CD4+ T cells,MYCN,-0.47081332503817497,0.17943766327500402,-0.6175154738248175,0.33012993728394924,1.356117161928754e-110,1818,1.0236660517096528e-109,False,0.0
CD4+ T cells,NR1D2,-0.5154880672183623,0.1537869679780682,-0.6187825853358574,0.3258332142362501,3.6927882261238396e-116,1818,2.889946066324382e-115,False,0.0
CD4+ T cells,RARA(var.2),-0.5476335293293804,0.18688531328082225,-0.620081671423738,0.32102721313140775,1.5092168498725486e-122,1818,1.2512892161033466e-121,False,0.0
CD4+ T cells,TFEB,-0.5419141419673554,0.18508208179543556,-0.6291789814180798,0.3217853331074432,1.5777112102287465e-121,1818,1.2948112690842816e-120,False,0.0
CD4+ T cells,IRF3,-0.7149837301588851,0.16924573184358246,-0.6326922841124897,0.3174625033481266,2.1295142082934138e-127,1818,1.8293024388015185e-126,False,0.0
CD4+ T cells,ESRRA,-0.5672455227868106,0.1998025977235157,-0.6386149307161195,0.31869393563962073,1.0343252381451661e-125,1818,8.754978898609503e-125,False,0.0
CD4+ T cells,REL,-0.7104662962557245,0.22846859598454944,-0.6416091880215709,0.31627350432204104,4.888993009207258e-129,1818,4.2448209689383186e-128,False,0.0
CD4+ T cells,ZNF528,-0.5500618818195356,0.17637542923053012,-0.6429586076214469,0.31828561405036404,2.8624935336271533e-126,1818,2.4331195035830806e-125,False,0.0
CD4+ T cells,RXRG(var.2),-0.5299079151281467,0.20834244012962855,-0.6471807785393991,0.3171969405142407,9.185783443617733e-128,1818,7.924451985688133e-127,False,0.0
CD4+ T cells,JUNB(var.2),-0.5666322115623132,0.21855242609627828,-0.6643004849982654,0.31004732965410103,8.572814599355436e-138,1818,7.883092697498204e-137,False,0.0
CD4+ T cells,TFAP4(var.2),-0.5834027594998462,0.1419012193417899,-0.6702579637942614,0.31103741288955394,2.2128919614960215e-136,1818,2.002989010338457e-135,False,0.0
CD4+ T cells,NFYB,-0.5381588720624367,0.2189890121715524,-0.6712831127626547,0.30945381604406497,1.2113240744805575e-138,1818,1.1240865149881504e-137,False,0.0
CD4+ T cells,PKNOX1,-0.5380320109139418,0.19476869401441016,-0.6736076591715728,0.31154747966910257,1.1733667092294083e-135,1818,1.0503189614031385e-134,False,0.0
CD4+ T cells,ESR2,-0.5650807608044806,0.19091776424272597,-0.67607810571892,0.31021256699802474,1.4765886015159206e-137,1818,1.348595368337114e-136,False,0.0
CD4+ T cells,RARA,-0.6578499064239743,0.2034205638125652,-0.6862501006124702,0.30104319580223005,5.6994689398164937e-151,1818,5.750636242019334e-150,False,0.0
CD4+ T cells,DBP,-0.855971696927059,0.2930770863300933,-0.6892064670430864,0.30702250035729123,3.751678454820462e-142,1818,3.580021468915941e-141,False,0.0
CD4+ T cells,EBF1,-0.5997376980672549,0.1658311085762409,-0.6901329675938943,0.3036921200006436,4.961521880801163e-147,1818,4.825557098490747e-146,False,0.0
CD4+ T cells,RARA::RXRG,-0.5835305612490287,0.22640305906586275,-0.7035113681341622,0.30372406325806084,5.530994963390291e-147,1818,5.366524129946551e-146,False,0.0
CD4+ T cells,PBX3,-0.571328776578703,0.21333651174741383,-0.7056292344841505,0.30133967655440624,1.5827448124014214e-150,1818,1.5850954235089485e-149,False,0.0
CD4+ T cells,TFAP2A,-0.5354949143335029,0.1842009207124226,-0.712598664624897,0.29880519597701094,2.4332883306890685e-154,1818,2.498752432986795e-153,False,0.0
CD4+ T cells,FOSB::JUNB(var.2),-0.6454385858372096,0.24924661476840584,-0.7130281507235376,0.29703837891675605,5.00541731632669e-157,1818,5.192799605604561e-156,False,0.0
CD4+ T cells,GABPA,-0.6423734087627058,0.1790937510247735,-0.716483561762817,0.30097907267067403,4.568887867571308e-151,1818,4.6214300780483786e-150,False,0.0
CD4+ T cells,ZNF135,-0.6116060367188659,0.22060867760446037,-0.7204021604566169,0.2947873651718484,1.747620556821998e-160,1818,1.8607559928688959e-159,False,0.0
CD4+ T cells,FOSL1::JUND(var.2),-0.6677185010478406,0.2417720327314918,-0.7326281327300818,0.2930556462586322,3.606468848004293e-163,1818,3.9120034742695357e-162,False,0.0
CD4+ T cells,EBF3,-0.6930415395806564,0.19461731832435833,-0.7402682322340842,0.28857365231791315,3.1796784809029728e-170,1818,3.686240439465166e-169,False,0.0
CD4+ T cells,ATF7,-0.689266864361379,0.27578076122814915,-0.7441233176812465,0.2875397949889626,7.139764764669918e-172,1818,8.324924564223196e-171,False,0.0
CD4+ T cells,FOSL1::JUN(var.2),-0.6928237589567988,0.2709396171477481,-0.7451281412992107,0.28815420974274086,6.83065489833828e-171,1818,7.94161773525192e-170,False,0.0
CD4+ T cells,TEF,-1.0078734432423462,0.3280045400048636,-0.7549895891355519,0.2902618337543533,1.5041597634951598e-167,1818,1.6999526265646414e-166,False,0.0
CD4+ T cells,JUN::JUNB(var.2),-0.667144410809672,0.24691504692635632,-0.757656756557439,0.28558999433066334,5.278288048389346e-175,1818,6.244430831515584e-174,False,0.0
CD4+ T cells,NR5A1,-0.7523323329658558,0.27392952030603707,-0.7725681535542318,0.2822585097626482,2.025006219731772e-180,1818,2.4752795060527947e-179,False,0.0
CD4+ T cells,FOSL2::JUNB(var.2),-0.7314600868446236,0.28882307664154033,-0.7740616375438462,0.2791801262145142,1.68959397861395e-185,1818,2.1099065547753219e-184,False,0.0
CD4+ T cells,MXI1,-0.6695153468545796,0.19665548796416416,-0.7835558944986251,0.2836688242956788,4.0679254418878053e-178,1818,4.869475247892917e-177,False,0.0
CD4+ T cells,CREM,-0.7510455312006159,0.27862482162320146,-0.8151238237346606,0.272765841252895,2.612990908379505e-196,1818,3.466282365673271e-195,False,0.0
CD4+ T cells,JDP2(var.2),-0.7822049382650296,0.3008689801197966,-0.8151415680458337,0.2702207129230273,1.1015258725524194e-200,1818,1.5107707391007081e-199,False,0.0
CD4+ T cells,MEF2A,-0.704786984676893,0.18655870679286327,-0.816541718720225,0.2698612132506626,2.6307895276795855e-201,1818,3.620467492854287e-200,False,0.0
CD4+ T cells,FOSB::JUN,-0.7784835615777467,0.2955908965673087,-0.8215537364782012,0.267623292297684,3.363773894821156e-205,1818,4.775378659104e-204,False,0.0
CD4+ T cells,NR2F2,-0.8408780017157312,0.2792474789452226,-0.8233208574615875,0.2692497956420248,2.2916565832103913e-202,1818,3.1753570327634394e-201,False,0.0
CD4+ T cells,NR1D1,-0.7606615056683953,0.2513055365893627,-0.8328539599480448,0.26483003189908894,4.118221682000362e-210,1818,6.015279756452514e-209,False,0.0
CD4+ T cells,ELF1,-0.7577145454950616,0.21836835704650343,-0.8401629007197878,0.2665289399602421,4.067432415388002e-207,1818,5.877439840235663e-206,False,0.0
CD4+ T cells,MEF2C,-0.7433991819882294,0.19242809087507048,-0.8466489555059581,0.2616170134363594,7.798099587610145e-216,1818,1.1861319899049117e-214,False,0.0
CD4+ T cells,NR1H4,-0.8749274529092259,0.2769524232307195,-0.8491093925833241,0.2617534624124873,1.3696017826903555e-215,1818,2.0754340122716024e-214,False,0.0
CD4+ T cells,FOSL2::JUND(var.2),-0.8714548245973666,0.31886075909921296,-0.858528198791785,0.2572366858136918,9.232557694053052e-224,1818,1.436728016543794e-222,False,0.0
CD4+ T cells,FOSL2::JUN(var.2),-0.869910850466065,0.3235261904899183,-0.8637771552928215,0.25695195702535556,2.786694370988473e-224,1818,4.35326850386848e-223,False,0.0
CD4+ T cells,FOS::JUN(var.2),-0.8775537595969642,0.317276240808954,-0.8730211848444446,0.25377805919393204,4.025342420996927e-230,1818,6.514614174141427e-229,False,0.0
CD4+ T cells,NR4A2,-0.8706947930895522,0.30931526822718725,-0.8758865649943667,0.2560315968505368,5.7454068230981896e-226,1818,9.151935435533573e-225,False,0.0
CD4+ T cells,USF1,-0.8746086070343724,0.2925946300062389,-0.888236806120234,0.25162019356509785,3.898781523970627e-234,1818,6.518376052059983e-233,False,0.0
CD4+ T cells,NR2C2(var.2),-0.9886748767090645,0.3028308340367236,-0.910082502124168,0.24529566521320903,4.218999578597746e-246,1818,7.486873813599333e-245,False,0.0
CD4+ T cells,THRB(var.3),-0.8468950357965794,0.28606879129554996,-0.9336682573349506,0.24155688439506412,2.5725667258474453e-253,1818,4.688560798548992e-252,False,0.0
CD4+ T cells,NR2C1,-0.8624771792015651,0.29139332972961496,-0.9478617201321264,0.24223747295865233,5.389311461777423e-252,1818,9.77809604231007e-251,False,0.0
CD4+ T cells,NR2F1,-1.1249253468088394,0.38412193207000483,-0.9683445914005773,0.22986841270877875,1.5059467621283927e-276,1818,3.046530299785738e-275,False,0.0
CD4+ T cells,MEF2D,-0.9857984069264597,0.254568843248804,-0.9945459208365037,0.2239346963087476,9.797352131184628e-289,1818,2.0645878501444273e-287,False,0.0
CD4+ T cells,CEBPB,-2.830564658294641,0.889772467345685,-0.9951914073437496,0.24474079900103576,3.639977478997128e-247,1818,6.487818889877701e-246,False,0.0
CD4+ T cells,HLF,-2.265511892971524,0.650395186984577,-1.0067518665362971,0.2344661122263646,2.746663376462668e-267,1818,5.3172248905109826e-266,False,0.0
CD4+ T cells,ZKSCAN5,-0.9856786103141759,0.3164088612654248,-1.012678414859047,0.21688485883288644,1.4738700041214658e-303,1818,3.3129322425974725e-302,False,0.0
CD4+ T cells,MAF::NFE2,-2.3942666774656547,0.7404379714031342,-1.0134945665073152,0.22384990865017101,6.532139941399385e-289,1818,1.3837192776388434e-287,False,0.0
CD4+ T cells,FOS,-2.9541759932737834,0.9655238623465102,-1.0140501698547226,0.224732804510735,4.4223832596048895e-287,1818,9.175878291467376e-286,False,0.0
CD4+ T cells,JUND(var.2),-1.1732260788483575,0.40015461105285083,-1.0154125301948662,0.21834170798783348,1.8287430307535025e-300,1818,4.043220930288891e-299,False,0.0
CD4+ T cells,MAFK,-1.816741964059597,0.598085721663901,-1.0175762508792952,0.2215919541480962,1.2787173215873303e-293,1818,2.7374022662128777e-292,False,0.0
CD4+ T cells,CEBPG(var.2),-3.0323464098574506,0.8654498324086822,-1.0210802945996367,0.237364272704873,1.5664537414535037e-261,1818,2.9341999249633687e-260,False,0.0
CD4+ T cells,CREB1,-1.2117009623496724,0.42960101696102176,-1.0326127661035833,0.2133893988767962,0.0,1818,0.0,False,0.0
CD4+ T cells,JUN,-1.5328045169629922,0.5304085226806975,-1.0483114347848073,0.21209549977079728,0.0,1818,0.0,False,0.0
CD4+ T cells,MEF2B,-1.1038681554029366,0.29240330092717903,-1.049720272103422,0.21184074243386483,0.0,1818,0.0,False,0.0
CD4+ T cells,STAT1::STAT2,-1.4439939158527122,0.3716094327417235,-1.051674561971652,0.20518431969379902,0.0,1818,0.0,False,0.0
CD4+ T cells,IKZF1,-1.3556844191054707,0.3834079625003199,-1.1024440240590778,0.19766061779679545,0.0,1818,0.0,False,0.0
CD4+ T cells,ETV6,-1.127047843652553,0.33527214787711695,-1.1095862958395792,0.19641419977959942,0.0,1818,0.0,False,0.0
CD4+ T cells,ELF3,-1.3372870076971919,0.39540968468398274,-1.1250057977822658,0.1906498220799998,0.0,1818,0.0,False,0.0
CD4+ T cells,ATF2,-1.3680193576435768,0.4622198362000736,-1.1345758008592925,0.19134744704754386,0.0,1818,0.0,False,0.0
CD4+ T cells,ELF5,-1.4332093250036484,0.4411039527733822,-1.1346767220464078,0.18905873237165988,0.0,1818,0.0,False,0.0
CD4+ T cells,IRF1,-1.4349671161034239,0.3697168443982861,-1.1436307178152079,0.1892384033356017,0.0,1818,0.0,False,0.0
CD4+ T cells,EHF,-1.99913736626821,0.5944494654641103,-1.2680195932328011,0.15908972600730104,0.0,1818,0.0,False,0.0
CD4+ T cells,SPIC,-3.6604129692674285,1.031609320282707,-1.279517430703042,0.1788709628060598,0.0,1818,0.0,False,0.0
CD8+ T cells,TCF7L2,2.1255066965196248,-0.2835848829992031,1.3716158034995156,0.8561005708713957,9.283202276308383e-269,898,1.8232930296089185e-267,True,1.3716158034995156
CD8+ T cells,LEF1,1.8893354589894793,-0.23522292818685003,1.3365753803823832,0.8512867882516845,1.3398319317843065e-261,898,2.521376742325258e-260,True,1.3365753803823832
CD8+ T cells,TCF7,1.87751123035836,-0.2508309824621522,1.2281855122764729,0.8325744849771725,1.079255251489712e-234,898,1.8118949159864625e-233,True,1.2281855122764729
CD8+ T cells,TCF7L1,1.1611075222898262,-0.15907677972376785,1.030273214311514,0.7823032970827835,1.0946689352332717e-169,898,1.2546828645761523e-168,True,1.030273214311514
CD8+ T cells,EGR1,0.6601352538399146,-0.15123055858812093,0.9254737764561729,0.7640170172378672,1.1350254449979996e-148,898,1.1173510828374469e-147,True,0.9254737764561729
CD8+ T cells,CTCF,1.4730509259916917,-0.30454211176766255,0.9220919454159794,0.7719658808838491,1.2361223732286611e-157,898,1.2956868191925292e-156,True,0.9220919454159794
CD8+ T cells,ZEB1,1.3872672426233463,-0.3194517663727913,0.9175719343410892,0.7628110323704451,2.464249757192648e-147,898,2.414129423148052e-146,True,0.9175719343410892
CD8+ T cells,SOX10,0.8478444373007713,-0.13469601875793935,0.892921506217072,0.7460849575359031,2.0011505351307846e-129,898,1.7487375950624525e-128,True,0.892921506217072
CD8+ T cells,TCFL5,0.7452012592223363,-0.20170218122142983,0.8670778607004984,0.7456157674939045,6.119955009712509e-129,898,5.30221369792223e-128,True,0.8670778607004984
CD8+ T cells,EGR3,0.6767612831409867,-0.14664523518000083,0.8420578361958099,0.7405335336866036,9.685926412292808e-124,898,8.080259435904475e-123,True,0.8420578361958099
CD8+ T cells,CTCFL,0.6452720089208311,-0.14947505749126433,0.8133498683052398,0.7358550346658932,4.7503995958123964e-119,898,3.8287085188559674e-118,True,0.8133498683052398
CD8+ T cells,TCF12(var.2),1.271234639551472,-0.3110224672923663,0.8081127358903429,0.7398099991930946,5.2185033988117454e-123,898,4.34445776781735e-122,True,0.8081127358903429
CD8+ T cells,TCF4,1.2240763629374818,-0.2968144466101871,0.7980680899225766,0.739314288487267,1.649610452263801e-122,898,1.3621069162978243e-121,True,0.7980680899225766
CD8+ T cells,ZBTB14,0.5724789500956865,-0.1552379831364498,0.7821560707718066,0.7211590602205278,6.511432866545122e-105,898,4.729848721371915e-104,True,0.7821560707718066
CD8+ T cells,EGR4,0.6604886764680704,-0.12592063715091484,0.7765625423442089,0.720091462434044,6.388232476904247e-104,898,4.599072704902951e-103,True,0.7765625423442089
CD8+ T cells,NRF1,0.584509468639563,-0.19157349620825248,0.7472066152760579,0.7160158853133642,3.526074268191093e-100,898,2.451288056546592e-99,True,0.7472066152760579
CD8+ T cells,EGR2,0.5918281424549293,-0.1318727927525333,0.7226707359377132,0.7053502053658638,1.0238178812707153e-90,898,6.649064442409814e-90,True,0.7226707359377132
CD8+ T cells,GLIS2,0.5898683958663516,-0.1369732103413929,0.7076890364165614,0.696610941297357,2.5620002063525696e-83,898,1.5753575736933885e-82,True,0.7076890364165614
CD8+ T cells,ELK4,0.6836161805885661,-0.17331643490791726,0.6999521095394611,0.7064474272981143,1.144817208283483e-91,898,7.495033049700602e-91,True,0.6999521095394611
CD8+ T cells,ZFP57,0.6202837119668632,-0.15264324652391223,0.6977986045220099,0.6965171315024294,3.063789937122831e-83,898,1.881046143489981e-82,True,0.6977986045220099
CD8+ T cells,ASCL1(var.2),0.9876576362366067,-0.2597181018475237,0.6929546180795266,0.7151357660493747,2.219283831315361e-99,898,1.534909808803752e-98,True,0.6929546180795266
CD8+ T cells,RUNX2,0.8537955950419098,-0.15782626827249563,0.6779383218547549,0.7037403446444905,2.4953149015977464e-89,898,1.612786596144486e-88,True,0.6779383218547549
CD8+ T cells,SNAI3,0.9525687175105303,-0.20921343459191194,0.6739270176883341,0.7148863589554921,3.7326708153030664e-99,898,2.5771989963679534e-98,True,0.6739270176883341
CD8+ T cells,RREB1,0.5918671456999725,-0.1231762149170692,0.653720009654104,0.6909827768037861,1.0086940876074443e-78,898,5.93194226520308e-78,True,0.653720009654104
CD8+ T cells,ZSCAN4,0.6597441494456209,-0.12138506015357611,0.6511385432713129,0.6876075991294451,4.963661080555282e-76,898,2.840590202535597e-75,True,0.6511385432713129
CD8+ T cells,SNAI1,0.9355933849506374,-0.21448762366133306,0.6494144425984438,0.7127479188332262,3.143445335666293e-97,898,2.133956346997621e-96,True,0.6494144425984438
CD8+ T cells,GATA5,0.6858046555897324,-0.09673083350806917,0.6431395651749248,0.6862652021241359,5.665428923833653e-75,898,3.1925244325669862e-74,True,0.6431395651749248
CD8+ T cells,ZIC1,0.5050589482999064,-0.12433154088349568,0.6428497835639619,0.68082465722042,9.152852915780345e-71,898,4.931084273934391e-70,True,0.6428497835639619
CD8+ T cells,SOX4,0.576334997710868,-0.07151477716348309,0.6413926654499325,0.6753693002438208,1.1398693326139396e-66,898,5.927906580663238e-66,True,0.6413926654499325
CD8+ T cells,ZIC5,0.48620303516266344,-0.13523767693206207,0.6379612949795591,0.685861044135463,1.1752138053532577e-74,898,6.585754925843879e-74,True,0.6379612949795591
CD8+ T cells,SNAI2,0.9110580003715321,-0.18950848271174425,0.6278532799877411,0.7006530854535288,1.0627365815912468e-86,898,6.708006566487027e-86,True,0.6278532799877411
CD8+ T cells,VEZF1,0.5490352302256386,-0.10584414837941163,0.6168451433507759,0.671468505583164,8.104688850369886e-64,898,4.0785536179846464e-63,True,0.6168451433507759
CD8+ T cells,GATA6,0.6466437975473099,-0.07828092063812785,0.6127331087889443,0.6813868106531814,3.4077517841095863e-71,898,1.8482256995318212e-70,True,0.6127331087889443
CD8+ T cells,ZBTB7B,0.5150072070522285,-0.12071112936603509,0.6061842975326378,0.6702900288510967,5.725218331915317e-63,898,2.8597818976456016e-62,True,0.6061842975326378
CD8+ T cells,ZNF740,0.44952587797961124,-0.09307101834331336,0.6035684562800465,0.6751129808492594,1.762814813812623e-66,898,9.15577501500112e-66,True,0.6035684562800465
CD8+ T cells,ZIC4,0.4636695893833374,-0.12257606557579966,0.5988761248984626,0.6729443523117837,6.874383662605416e-65,898,3.5162776610494965e-64,True,0.5988761248984626
CD8+ T cells,FOXK1,0.642114426710725,-0.1055727416397852,0.5956522490123447,0.6706418508489151,3.198336338371063e-63,898,1.6035277354460126e-62,True,0.5956522490123447
CD8+ T cells,GATA3,0.6268223450600278,-0.08312825198604638,0.5884365917741393,0.6743656059717764,6.26248404782642e-66,898,3.231889088967563e-65,True,0.5884365917741393
CD8+ T cells,NKX2-3,0.543163810211638,-0.07363052306925102,0.5660306724542179,0.6598167647837183,1.1169234218655362e-55,898,5.077609174008943e-55,True,0.5660306724542179
CD8+ T cells,SCRT1,0.608642014126205,-0.11153419792524152,0.5636809025101003,0.6720331982284197,3.161055961996362e-64,898,1.59870405277966e-63,True,0.5636809025101003
CD8+ T cells,FOXP1,0.61607698758177,-0.09164663944092256,0.554505487448698,0.6625715282052903,1.4961909196500244e-57,898,6.966154730614497e-57,True,0.554505487448698
CD8+ T cells,FOXA3,0.6150213736393979,-0.09617758975852125,0.5544684699678456,0.6630215330862209,7.345120063397358e-58,898,3.443610171089886e-57,True,0.5544684699678456
CD8+ T cells,SPDEF,0.501119933546929,-0.12844140596677592,0.5525929294111573,0.6596199758154117,1.5156886830413506e-55,898,6.882689575292148e-55,True,0.5525929294111573
CD8+ T cells,SRY,0.5633771233868441,-0.07237083568465201,0.5504781849437628,0.6632836362425749,4.848860283654685e-58,898,2.2865371454157174e-57,True,0.5504781849437628
CD8+ T cells,ZBTB7A,0.45999378364438903,-0.1327835331934352,0.5493623983468889,0.6626437546940165,1.334907088242644e-57,898,6.229566411799004e-57,True,0.5493623983468889
CD8+ T cells,ZIC3,0.4000605421843226,-0.11104703335239131,0.5419391560714931,0.6544643869804982,3.9487018148526506e-52,898,1.7178975852574004e-51,True,0.5419391560714931
CD8+ T cells,GLIS3,0.4598740672690852,-0.09222026624258059,0.5403110818721326,0.6490877455912217,1.097235770569562e-48,898,4.543926231038329e-48,True,0.5403110818721326
CD8+ T cells,FOXD1,0.5879319535864529,-0.10995496658217878,0.5320458215339193,0.6576873529725432,2.979231725564874e-54,898,1.3348805716096878e-53,True,0.5320458215339193
CD8+ T cells,MYOD1,0.6168842102670646,-0.14713010705135102,0.5071770093198563,0.6662713018768166,4.0685340089485925e-60,898,1.9596772143102388e-59,True,0.5071770093198563
CD8+ T cells,FOXA2,0.5305725691160808,-0.08554032898863033,0.5021872179053453,0.6476442032882238,8.796851913572089e-48,898,3.6170795571455965e-47,True,0.5021872179053453
CD8+ T cells,HIF1A,0.43877176536207946,-0.06985260325498309,0.4968307623986881,0.6367832861133854,2.9285834744258917e-41,898,1.0703747730376837e-40,False,0.0
CD8+ T cells,NKX2-8,0.46046512915602195,-0.04635685961263478,0.4942989211631447,0.642385071010488,1.4594437710359692e-44,898,5.6237233310586015e-44,False,0.0
CD8+ T cells,RUNX3,0.5726063152549047,-0.08463339096846173,0.4887135609835465,0.6534334667078208,1.845652361235021e-51,898,7.927292413542351e-51,False,0.0
CD8+ T cells,FIGLA,0.5952745906601036,-0.12233720299061147,0.48704205844510334,0.6598184575920478,1.1139922389385953e-55,898,5.0699804260354966e-55,False,0.0
CD8+ T cells,MTF1,0.4213329183528393,-0.09037729376757453,0.48403612331059953,0.634764612180433,4.213067322626421e-40,898,1.511176452778945e-39,False,0.0
CD8+ T cells,FOXB1,0.4141001043045797,-0.04886679954715241,0.47074909072383786,0.632220885530608,1.1467574091638644e-38,898,4.0171259545255375e-38,False,0.0
CD8+ T cells,KLF16,0.2853170370809025,-0.039908965869723034,0.4698029674941474,0.6353779730651624,1.881770129886103e-40,898,6.7978945942135475e-40,False,0.0
CD8+ T cells,ZBTB7C,0.3757833292587725,-0.09517030460158968,0.46702604998403496,0.6333126058357874,2.798736247843025e-39,898,9.906987627972773e-39,False,0.0
CD8+ T cells,MEIS2(var.2),0.427377471804026,-0.053468612342568035,0.4644694769546198,0.629889324191416,2.243484026314261e-37,898,7.705548701585315e-37,False,0.0
CD8+ T cells,FOXO3,0.49187897207339626,-0.09486544756207493,0.4620427329139875,0.6383324878696176,3.6852217399201295e-42,898,1.3679272623593436e-41,False,0.0
CD8+ T cells,ERF,0.4369343771218672,-0.12190459768300882,0.4584613065345867,0.6404827776501902,1.996970231377382e-43,898,7.537072347157544e-43,False,0.0
CD8+ T cells,ARNT::HIF1A,0.4037447135381734,-0.0637640998897094,0.451917186418614,0.6269896845903093,8.420862489779153e-36,898,2.81344423068922e-35,False,0.0
CD8+ T cells,GLI2,0.37274216880928934,-0.07008235627914869,0.45173712234990593,0.628314024973437,1.6241576156392126e-36,898,5.485260194387524e-36,False,0.0
CD8+ T cells,ETV2,0.4309300712657932,-0.0975333986705451,0.45132358246771137,0.6323316234088308,9.944180276995476e-39,898,3.489518941953486e-38,False,0.0
CD8+ T cells,NHLH2,0.4261925406201439,-0.1212860865526088,0.4419233304740882,0.6428202638185354,7.98239250823192e-45,898,3.1054577007986873e-44,False,0.0
CD8+ T cells,FOXP2,0.4377910496711885,-0.07208621642643387,0.4411049174502706,0.627356459728372,5.347445066043094e-36,898,1.7895585390579287e-35,False,0.0
CD8+ T cells,KLF17,0.3322745070887969,-0.06509326239618675,0.4397381180800863,0.628724954195428,9.713291416470132e-37,898,3.2859512601202467e-36,False,0.0
CD8+ T cells,FOXA1,0.4325848927691993,-0.06655516690195955,0.43813978420052135,0.6275768069459311,4.068163336903093e-36,898,1.3648249470240392e-35,False,0.0
CD8+ T cells,E2F4,0.38650387839559214,-0.08775214149809722,0.43277481033769755,0.6201576512397282,3.1346762111782065e-32,898,9.74857797880632e-32,False,0.0
CD8+ T cells,ERG,0.39919448548232006,-0.11878602950302371,0.4325471385636724,0.6328442621979536,5.132582929733575e-39,898,1.8120794532026215e-38,False,0.0
CD8+ T cells,SCRT2,0.42473059879521813,-0.08457622823920273,0.4323743887336217,0.6263143951341917,1.9363409872788833e-35,898,6.421668552893738e-35,False,0.0
CD8+ T cells,GATA2,0.43213454310810306,-0.055939843058375016,0.42902356547416903,0.6288042340521938,8.794512447437843e-37,898,2.9801170320212325e-36,False,0.0
CD8+ T cells,SOX15,0.36822632020196056,-0.05631274167623949,0.42897934238924124,0.6231206300858311,9.364515023538567e-34,898,3.0046651693288692e-33,False,0.0
CD8+ T cells,ETS1,0.39272448396665416,-0.131191496899387,0.4285401467002775,0.6310449480110348,5.172033564412171e-38,898,1.7931489118776046e-37,False,0.0
CD8+ T cells,GRHL2,0.3864779626060343,-0.05925213795840552,0.4275432263071508,0.6262576860551529,2.0761730081748515e-35,898,6.87976739645819e-35,False,0.0
CD8+ T cells,GCM1,0.3612469408789853,-0.06821054198499961,0.4111928843563109,0.6167895269334269,1.5307163023840297e-30,898,4.646120149621744e-30,False,0.0
CD8+ T cells,ONECUT3,0.36879841034746763,-0.034049704575405564,0.40841793622879213,0.6173904738904065,7.710134378437544e-31,898,2.3525794641899174e-30,False,0.0
CD8+ T cells,GATA1::TAL1,0.36798854478767834,-0.0696935161637269,0.4052044947562246,0.6166299797483696,1.8353299850643326e-30,898,5.5581924547681806e-30,False,0.0
CD8+ T cells,NR3C2,0.3557064368416819,-0.05913083694997638,0.40204104037083827,0.6129467109580562,1.131899625105024e-28,898,3.3258285280863666e-28,False,0.0
CD8+ T cells,FLI1,0.3513426968589735,-0.11841405515375546,0.40144313019986577,0.6236729088033368,4.822132045984625e-34,898,1.5570906830050914e-33,False,0.0
CD8+ T cells,KLF11,0.2786586746988693,-0.025412563470332813,0.39892316104780584,0.6142295775371106,2.73367166573444e-29,898,8.13267320555996e-29,False,0.0
CD8+ T cells,ONECUT1,0.33700101018001727,-0.04707862234429723,0.383449654092274,0.609109678744478,7.219099557666974e-27,898,2.036853334053039e-26,False,0.0
CD8+ T cells,PBX2,0.3458993753944901,-0.043614197554793364,0.38002785340709544,0.6101695178261182,2.3234936335955665e-27,898,6.620320592625114e-27,False,0.0
CD8+ T cells,FOXN3,0.3898584742867727,-0.06248452226145936,0.37904966775483645,0.609872006762205,3.197576369357456e-27,898,9.091633162628437e-27,False,0.0
CD8+ T cells,PLAGL2,0.27485527179009983,-0.08400276966599812,0.37785829426433803,0.6048011994111284,6.483066346252264e-25,898,1.7510338075391633e-24,False,0.0
CD8+ T cells,KLF9,0.2666253273868226,-0.03728693693817353,0.37674335803024595,0.6067352329276048,8.800937039275442e-26,898,2.4322808238325437e-25,False,0.0
CD8+ T cells,FOXC1,0.31616312353910137,-0.04405584603993844,0.3727663949566765,0.6044537505014944,9.245524857104878e-25,898,2.4905055640377053e-24,False,0.0
CD8+ T cells,FOXC2,0.32179883172337514,-0.0436255065868914,0.3696765641591009,0.5998902213798306,8.789522924607362e-23,898,2.2709073916322727e-22,False,0.0
CD8+ T cells,KLF15,0.15398042914665805,-0.05399793202608996,0.36611969063719896,0.60526559316286,4.0267995866215543e-25,898,1.0927183854775861e-24,False,0.0
CD8+ T cells,ONECUT2,0.32299258426236754,-0.04445295119306972,0.3630304994655617,0.5993880215754064,1.4333337715710992e-22,898,3.6750750568926916e-22,False,0.0
CD8+ T cells,E2F1,0.32043188527780697,-0.07000011986590778,0.3612141288363109,0.6035480980452014,2.319400472533669e-24,898,6.186087219427307e-24,False,0.0
CD8+ T cells,SOX8,0.3320613470777773,-0.02982420281819951,0.3538112128212932,0.5985555830793651,3.206842099981965e-22,898,8.165439355901215e-22,False,0.0
CD8+ T cells,SP9,0.20138252610338464,-0.03140476739158277,0.34890860567676274,0.5982927745862071,4.1294478931711153e-22,898,1.0481647538124425e-21,False,0.0
CD8+ T cells,YY2,0.26232394852788854,-0.08333633947207715,0.3483132658330777,0.5961306351473279,3.224325901886751e-21,898,8.028075445559258e-21,False,0.0
CD8+ T cells,ELK3,0.27484878115695177,-0.1008698701802073,0.34503680988823054,0.6041376185459566,1.275709192945608e-24,898,3.415962537827883e-24,False,0.0
CD8+ T cells,MAZ,0.2093842665784433,-0.04070704723206795,0.34120136085646735,0.597191884902576,1.182432576401563e-21,898,2.9623047703533896e-21,False,0.0
CD8+ T cells,GLI3,0.2789402403053303,-0.048262319520040606,0.34000578123647945,0.5938567703587004,2.6677165976377695e-20,898,6.502157442194226e-20,False,0.0
CD8+ T cells,NR3C1,0.28860561130578183,-0.048186774423064675,0.3328896593223801,0.5906387417242833,4.877260649681193e-19,898,1.1546750490702226e-18,False,0.0
CD8+ T cells,ZNF148,0.1454457535289146,-0.03186986421303273,0.3309503670087779,0.5982044664183505,4.4949724915608005e-22,898,1.1380887797781601e-21,False,0.0
CD8+ T cells,ZNF382,0.3091578155756895,-0.03835788474243187,0.33008393176155465,0.5905625653494548,5.2183050469284255e-19,898,1.2339720759715027e-18,False,0.0
CD8+ T cells,HOXD10,0.2921490309594105,-0.04477338634412048,0.3286112342950759,0.5887416678563347,2.582356799626993e-18,898,5.994386466604024e-18,False,0.0
CD8+ T cells,KLF14,0.2533944743671665,-0.014664722255787594,0.3284919505509494,0.593472079665817,3.795512506083408e-20,898,9.22320936913722e-20,False,0.0
CD8+ T cells,GCM2,0.2779827163240617,-0.054947184655180094,0.3246228592986059,0.5945674677223772,1.385544926696702e-20,898,3.3975241050999127e-20,False,0.0
CD8+ T cells,GRHL1,0.29511445816295095,-0.04954902028444611,0.32359665725589537,0.5960462768655735,3.4903474205741626e-21,898,8.685083433974824e-21,False,0.0
CD8+ T cells,NFIX,0.28065239417738747,-0.03883892205489748,0.317562402626757,0.5922050126311715,1.200311476681073e-19,898,2.878755325816017e-19,False,0.0
CD8+ T cells,GLIS1,0.2518970018200643,-0.05278406170669177,0.305789287438689,0.583053972936509,3.1095795674676864e-16,898,6.811780687587579e-16,False,0.0
CD8+ T cells,BARHL1,0.2596332804191408,-0.058403192374087906,0.3017759871801031,0.5857616198595759,3.3030486394301786e-17,898,7.403952795088368e-17,False,0.0
CD8+ T cells,SP8,0.2134024914335651,-0.01718883106432478,0.30129724575463973,0.5826943922338468,4.166168889478938e-16,898,9.086964596674815e-16,False,0.0
CD8+ T cells,FOXD2,0.2594421147499431,-0.02757047458469395,0.30108712285018296,0.5821962833828856,6.234868050446842e-16,898,1.3533409942117986e-15,False,0.0
CD8+ T cells,E2F7,0.25053676240592754,-0.05081396609752264,0.2902721398107174,0.5827220414365623,4.0736881489197745e-16,898,8.890044363823843e-16,False,0.0
CD8+ T cells,HINFP,0.19873845390745376,-0.08018533702674406,0.28878412015827015,0.581116271668652,1.4822879209299229e-15,898,3.1731941418425754e-15,False,0.0
CD8+ T cells,SP2,0.20085515244965427,-0.013130955715686754,0.2852521792925225,0.5805820495733277,2.265611578779663e-15,898,4.829644071518712e-15,False,0.0
CD8+ T cells,NHLH1,0.26401138404376917,-0.09307126985251228,0.2846045303616478,0.6002245510249108,6.338614779887337e-23,898,1.6439766281682157e-22,False,0.0
CD8+ T cells,SOX9,0.2704743313300293,-0.01722802793785341,0.28240304652618003,0.5783665866720686,1.27846512800757e-14,898,2.67598029380167e-14,False,0.0
CD8+ T cells,E2F2,0.2468380091230185,-0.05323165648560137,0.28064824133672367,0.5804847130943803,2.446974734970191e-15,898,5.213512257866979e-15,False,0.0
CD8+ T cells,TFAP2C(var.3),0.18818507043647315,-0.06419264567007021,0.2787225849590293,0.5792678660401771,6.359432955866892e-15,898,1.3415154191573225e-14,False,0.0
CD8+ T cells,ZBTB33,0.19194170687163392,-0.07683096771173088,0.2777346091923079,0.5810237314799716,1.595637551246523e-15,898,3.414039943068975e-15,False,0.0
CD8+ T cells,HOXC10,0.24637918091852612,-0.04073199095677926,0.27729093926745535,0.5775018437504056,2.4803119470101896e-14,898,5.143691510816621e-14,False,0.0
CD8+ T cells,GATA4,0.273628867711915,-0.03172355416751566,0.2761746638192143,0.5837563473258989,1.7499133243381873e-16,898,3.86471032220104e-16,False,0.0
CD8+ T cells,SP3,0.173561643646343,-0.017642701152124185,0.27327208099533823,0.5764044807507943,5.692404434066369e-14,898,1.167924358023962e-13,False,0.0
CD8+ T cells,HOXC13,0.24603520258689882,-0.03163278577152791,0.27208564581080463,0.5784161013157071,1.2305946102086492e-14,898,2.5784494007789718e-14,False,0.0
CD8+ T cells,TGIF1,0.23603814098141307,-0.05432440979561653,0.2682318112000555,0.5819836948701701,7.40016456932464e-16,898,1.6028407841267395e-15,False,0.0
CD8+ T cells,ETS2,0.20342396324844486,-0.07835072061422116,0.26673279834731123,0.5795370225645707,5.154640769148218e-15,898,1.0907780623417203e-14,False,0.0
CD8+ T cells,E2F8,0.21532033740756157,-0.05518738062832696,0.2656234906058913,0.574990562593563,1.6323853044949657e-13,898,3.297369416868014e-13,False,0.0
CD8+ T cells,OVOL2,0.21497665726218032,-0.05677601001460947,0.26546118545015535,0.57440146529489,2.5177325366523114e-13,898,5.050444146403199e-13,False,0.0
CD8+ T cells,HOXC9,0.23695466480575175,-0.0372219651402168,0.2638555106241934,0.5732062015468883,6.003874932557895e-13,898,1.1966343831098149e-12,False,0.0
CD8+ T cells,ETV3,0.19492810794775864,-0.08395146203682453,0.2621830105391461,0.5832861698123748,2.572674562413651e-16,898,5.650945320046488e-16,False,0.0
CD8+ T cells,FEV,0.19013456397473616,-0.08499140681170168,0.2510977166614064,0.5797977150473168,4.203016836711383e-15,898,8.908017873930989e-15,False,0.0
CD8+ T cells,SP4,0.17481984160944813,-0.008572721160968053,0.24287716025116307,0.5683532022008765,1.7794261718884913e-11,898,3.3928172909806014e-11,False,0.0
CD8+ T cells,ELK1,0.16683263461484293,-0.08752357040612711,0.24262669598121073,0.5775407783419845,2.4077643113125104e-14,898,4.9958022582412395e-14,False,0.0
CD8+ T cells,OVOL1,0.18847477869088325,-0.06041811616756835,0.2409758154022842,0.5665887316520737,5.7724491344586496e-11,898,1.0787680922872838e-10,False,0.0
CD8+ T cells,FOXG1,0.22033670168921501,-0.03455841921703317,0.2270926543327831,0.5677082422273295,2.7452347685127365e-11,898,5.195144936109697e-11,False,0.0
CD8+ T cells,TBX4,0.282064405098307,-0.05662381614469374,0.22434692741287368,0.5781030728421067,1.565753543918383e-14,898,3.2654839374710197e-14,False,0.0
CD8+ T cells,SIX1,0.17925284557599783,-0.03688598387891095,0.21674695295493882,0.5606379461043685,2.4582318214989517e-09,898,4.36419743299024e-09,False,0.0
CD8+ T cells,FOXE1,0.1867942140110476,-0.031394134634893635,0.2158616584424107,0.5615711066960162,1.3955511555297321e-09,898,2.5028368684722056e-09,False,0.0
CD8+ T cells,BARHL2,0.18635446695674346,-0.047594303722194545,0.2157795569725934,0.5589689781588226,6.6294298812037846e-09,898,1.1581465155159979e-08,False,0.0
CD8+ T cells,FOXF2,0.1910467228187366,-0.03652502896792639,0.21493912311773156,0.5610878099179383,1.87298677503726e-09,898,3.3427898067052288e-09,False,0.0
CD8+ T cells,CENPB,0.1610914580799712,-0.05259597731967712,0.21219895835013844,0.5576412521590359,1.4324833872423745e-08,898,2.4832167029917082e-08,False,0.0
CD8+ T cells,HES1,0.15294586890177553,-0.04431739449397683,0.21078500437293868,0.5625532176618593,7.622765305949424e-10,898,1.3774769284444561e-09,False,0.0
CD8+ T cells,MYBL2,0.16382715701431022,-0.05472750094359068,0.21019825702745806,0.5624843767897921,7.955194144111767e-10,898,1.436265752212236e-09,False,0.0
CD8+ T cells,TFAP2B(var.3),0.13681659104009064,-0.049689981691004574,0.21007199803005325,0.5575478655661907,1.511309345497133e-08,898,2.6153796458004282e-08,False,0.0
CD8+ T cells,HOXC11,0.16853992807145207,-0.03841258391098131,0.20248809151131014,0.5561613144769533,3.3156278548902826e-08,898,5.6651310392255414e-08,False,0.0
CD8+ T cells,ETV5,0.14856648114819207,-0.06338351953159137,0.20228486503457238,0.5607879007088917,2.2457030400942305e-09,898,3.997410690814455e-09,False,0.0
CD8+ T cells,RFX7,0.16968437903171907,-0.03801796650635457,0.20184101033750446,0.5542092243382953,9.719408444108918e-08,898,1.6317313927329746e-07,False,0.0
CD8+ T cells,CDX2,0.17163416737113518,-0.020254458688649994,0.20065293778690318,0.5559835696023537,3.662168888735514e-08,898,6.241421787625901e-08,False,0.0
CD8+ T cells,SOHLH2,0.18360108451584936,-0.013807931042208711,0.19700861813145265,0.5557462943014994,4.179932194076013e-08,898,7.11186108378114e-08,False,0.0
CD8+ T cells,E2F3,0.16070385097530934,-0.04340686116390256,0.1948035591272308,0.5531799968739473,1.689052964237628e-07,898,2.8019304195594274e-07,False,0.0
CD8+ T cells,MSC,0.17499916507407792,-0.05019681146277319,0.19203162503297821,0.5672602122894499,3.701485200529024e-11,898,6.972164395409884e-11,False,0.0
CD8+ T cells,HOXA13,0.17113966510545303,-0.01176089310559867,0.18759716581928867,0.5482742383349989,2.0529485094550227e-06,898,3.2244680393070736e-06,False,0.0
CD8+ T cells,DPRX,0.16236610176915983,-0.025326510423484983,0.1867244966583479,0.5575718470175256,1.490674048901397e-08,898,2.5807732998951872e-08,False,0.0
CD8+ T cells,ZBED1,0.15937654326658784,-0.03284134298300437,0.18613055171020115,0.5566135764356567,2.5711858756307404e-08,898,4.40805849694999e-08,False,0.0
CD8+ T cells,TFDP1,0.11812616079924732,-0.03959091809780462,0.18254028119757493,0.5543934583114914,8.794739154902538e-08,898,1.4795640174942066e-07,False,0.0
CD8+ T cells,POU4F1,0.15098327984209597,-0.025585486795221785,0.18139947284176924,0.5489845124965932,1.450028795448607e-06,898,2.301614949542983e-06,False,0.0
CD8+ T cells,FOXH1,0.17188500090322803,-0.013470777947876055,0.1810259903225423,0.5482106169552811,2.1174049724147883e-06,898,3.323126655698306e-06,False,0.0
CD8+ T cells,ASCL1,0.14440894360763043,-0.07833332178513273,0.1801682787714112,0.569390329437429,8.788039662113686e-12,898,1.6963935340129755e-11,False,0.0
CD8+ T cells,MEIS1,0.15216748663606167,-0.035363806226834354,0.17908064114939404,0.5535158782599962,1.4118689124686143e-07,898,2.3519027398839593e-07,False,0.0
CD8+ T cells,MEIS3,0.1522350302958404,-0.027569493682087623,0.17651678047279676,0.5525100679775398,2.4073740105598884e-07,898,3.957836345682775e-07,False,0.0
CD8+ T cells,NFATC3,0.15030753885150808,-0.030555009873046955,0.16550082054305254,0.5512310102172268,4.680618530204672e-07,898,7.58117797166057e-07,False,0.0
CD8+ T cells,TFCP2,0.14692908279930966,-0.022795701966620716,0.16518512175935746,0.5511233758209415,4.946513545063486e-07,898,7.999038290698188e-07,False,0.0
CD8+ T cells,CUX1,0.15748792369736722,-0.01306920719763865,0.16372272773908064,0.5510161646267386,5.225814486711314e-07,898,8.440577011271049e-07,False,0.0
CD8+ T cells,HES6,0.13347882829387495,-0.03331443075155226,0.16087795522271692,0.5473378331940528,3.2235200047850478e-06,898,5.0278958902699705e-06,False,0.0
CD8+ T cells,OSR1,0.12293813762405735,-0.037420175913421345,0.15830394994191194,0.5423687354101082,3.08243932948514e-05,898,4.593572569833103e-05,False,0.0
CD8+ T cells,MEIS2,0.12746474081950324,-0.04026473402958246,0.15811682226531287,0.5441773600428393,1.3916080405443409e-05,898,2.1032671393509166e-05,False,0.0
CD8+ T cells,CUX2,0.15482885194946633,-0.00770330982315182,0.15801458634079696,0.5458563437710015,6.472921934172392e-06,898,9.984537607953297e-06,False,0.0
CD8+ T cells,HOXD11,0.1221314842668024,-0.02438313730733796,0.1438966306759897,0.5428513268513822,2.5004905090330916e-05,898,3.742872585848276e-05,False,0.0
CD8+ T cells,ZNF652,0.12503094801120723,-0.01519283902779659,0.14277513215582113,0.5395500684740969,0.0001002232085667719,898,0.0001456025500399135,False,0.0
CD8+ T cells,OTX1,0.10706550133908206,-0.03626925093470228,0.14023172996627895,0.540982607522953,5.5551325833775946e-05,898,8.164208656863693e-05,False,0.0
CD8+ T cells,HOXA9,0.11197218786284127,-0.02953322464452305,0.1395968116584689,0.5394918076540893,0.0001026164852716944,898,0.00014902595097246072,False,0.0
CD8+ T cells,TFAP2A(var.3),0.08648451805770858,-0.03334928506741013,0.13496471428372198,0.536669755101419,0.0003100566257107681,898,0.00043649586208273063,False,0.0
CD8+ T cells,HOXC12,0.10470393980416416,-0.025827455001813878,0.12854784804309854,0.5337419020281536,0.0009041409392303367,898,0.001241314638658277,False,0.0
CD8+ T cells,SOX18,0.11575382444994065,-0.01115453948244458,0.12661101978951522,0.5376387468027083,0.00021385815514142766,898,0.0003037101073015852,False,0.0
CD8+ T cells,MYOG,0.09842606053378831,-0.054459424248709636,0.12389091576939723,0.5484876732518792,1.8501952978493823e-06,898,2.9150662675617603e-06,False,0.0
CD8+ T cells,NKX6-1,0.1010595627003451,-0.020165853029946997,0.1231832407925364,0.5356320635954234,0.00045714864300186453,898,0.0006371420632399394,False,0.0
CD8+ T cells,HOXB9,0.10200950312076622,-0.021565747860567464,0.12072722992654654,0.5336947855296487,0.0009192608879905893,898,0.0012603624374144101,False,0.0
CD8+ T cells,PBX1,0.10494266213395594,-0.017931102514757994,0.11781305467231915,0.5315810321955217,0.0018948671610136583,898,0.0025555441778204206,False,0.0
CD8+ T cells,NR1I3,0.08642189533543475,-0.0294093407570383,0.11637754113336563,0.5305553314151934,0.0026527688137463167,898,0.003532950171302698,False,0.0
CD8+ T cells,NFIA,0.10108909848223441,-0.011903929234213741,0.11389851881109465,0.5342930522067731,0.0007435873042244559,898,0.0010289173163105843,False,0.0
CD8+ T cells,HOXD12,0.09125455498031164,-0.023584704498444072,0.11333368370944483,0.5327737567310291,0.0012661319005171,898,0.0017254192217892172,False,0.0
CD8+ T cells,ZNF384,0.07594521704199121,-0.01682484174921026,0.11027100093305148,0.5295079062613031,0.00370403017451253,898,0.004883188688849038,False,0.0
CD8+ T cells,E2F6,0.05790781946930224,-0.015138361581021798,0.1056712895346546,0.5267309952640865,0.008558726621986928,898,0.011000193110723987,False,0.0
CD8+ T cells,PKNOX2,0.07886741235316358,-0.03638365642194681,0.10277123499387854,0.5317187139396559,0.0018098858273159204,898,0.00244582385639073,False,0.0
CD8+ T cells,ZNF317,0.07942045840788656,-0.013825631336254928,0.09403633385829427,0.527493746483896,0.0068465450261549566,898,0.008881411085547597,False,0.0
CD8+ T cells,LHX5,0.07640376425488016,-0.010373622447993102,0.08478764975674136,0.5224797892792191,0.02703197810631186,898,0.033426461924858736,False,0.0
CD8+ T cells,TGIF2,0.065500781863468,-0.02546840799481075,0.08426693582429141,0.5237890354547419,0.019292503475621055,898,0.024203866375926444,False,0.0
CD8+ T cells,PHOX2B,0.06186891923067176,-0.014883161675034963,0.08238352244038946,0.5184953416736119,0.06888790496327574,898,0.08171224376470643,False,0.0
CD8+ T cells,SOX14,0.08133642299921101,-0.0010981182371932287,0.08133734068875255,0.5232131984879836,0.022419046589068892,898,0.02794438154632555,False,0.0
CD8+ T cells,POU4F3,0.062467081750642445,-0.010393426571058226,0.07547683776400578,0.5215244811119268,0.034251894767623484,898,0.04195675635174224,False,0.0
CD8+ T cells,HOXA10,0.06497723655916247,-0.007208878419270599,0.075422858904894,0.5190029020377462,0.0616121383050201,898,0.07344592916152266,False,0.0
CD8+ T cells,LMX1B,0.0622592510780975,-0.00979216895827593,0.07307771810524248,0.5216280245547491,0.033396989650171134,898,0.0409467333710886,False,0.0
CD8+ T cells,NFATC2,0.05140848397495194,-0.016791371970064577,0.06872081737792711,0.5228145421263817,0.024833605586404475,898,0.0308400147951481,False,0.0
CD8+ T cells,ETV1,0.05075801668946106,-0.024922991229021873,0.06744116275066946,0.5168894308383407,0.09667321334583004,898,0.11311157350989831,False,0.0
CD8+ T cells,INSM1,0.06182662692886301,0.0057522443820760055,0.06297738952225634,0.5153359970612847,0.13145012969700795,898,0.1515234258558673,False,0.0
CD8+ T cells,TBX2,0.07424581880399996,-0.031124121778284285,0.06155902997077083,0.5626553504310736,7.154400722374767e-10,898,1.2939966617223204e-09,False,0.0
CD8+ T cells,CLOCK,0.05729880153542281,0.002059881011904574,0.053901431874499514,0.5161654731427494,0.11183627650905073,898,0.1298764565888689,False,0.0
CD8+ T cells,GATA1,0.03499846801975095,-0.011578205331271293,0.04736163092887363,0.5127120030831682,0.21118349796597868,898,0.23734678688065272,False,0.0
CD8+ T cells,ZBTB12,0.03868091725863725,-0.006493136532647939,0.04627221507866932,0.5094643503029844,0.3519126626984326,898,0.38440567853073926,False,0.0
CD8+ T cells,CDX4,0.04773873487049758,0.00307018487660765,0.04505967614057484,0.5134341269030692,0.18638660287594289,898,0.21117899614563565,False,0.0
CD8+ T cells,SP1,0.04796661700716476,0.017026787245145506,0.040457450606958247,0.506852629185257,0.5003096554259652,898,0.5331190060188188,False,0.0
CD8+ T cells,GSC,0.027980042252821972,-0.008774182897798473,0.03620598505028147,0.5095638027923438,0.346875183765638,898,0.3790053992751205,False,0.0
CD8+ T cells,TBX19,0.02455680252038132,-0.013472553224981518,0.03612465936417521,0.5135265260243889,0.1833758343655324,898,0.20800073614884892,False,0.0
CD8+ T cells,KLF4,0.013143624798920749,-0.00654513527507231,0.03280434002783214,0.5059238416817938,0.5601295375777324,898,0.5923377179925524,False,0.0
CD8+ T cells,MIXL1,0.030391380199479033,-0.0027489655280426616,0.032605265101088306,0.5086104695681025,0.3970509043318262,898,0.43080395787786774,False,0.0
CD8+ T cells,ELF2,0.0019062564265596128,-0.028375243757244095,0.030253473713679535,0.5123998210137326,0.22261191751766507,898,0.2499133791000202,False,0.0
CD8+ T cells,HOXD9,0.02686409762929316,0.0009821902809315755,0.02662026156509696,0.509018295308156,0.37507202616856994,898,0.408600274065168,False,0.0
CD8+ T cells,ZKSCAN1,0.02323810979173903,-0.0033469213039993718,0.026352801249208163,0.5068180676818627,0.5024733340039693,898,0.5351426979152566,False,0.0
CD8+ T cells,TBXT,0.01188830293516973,-0.014291727537288638,0.023857091303995437,0.5110053701522906,0.2790494755636901,898,0.30991879718108434,False,0.0
CD8+ T cells,THAP11,0.013136279280115825,-0.009122099765839034,0.02279168109748915,0.5075930917620611,0.45516444560822444,898,0.488875855304188,False,0.0
CD8+ T cells,HES2,0.022533641900632465,0.0001501583537421645,0.02254430791560037,0.5099278976505514,0.3288270229159139,898,0.3604535721261955,False,0.0
CD8+ T cells,PAX4,0.02209092362416479,0.0003384658973861218,0.021591879342570175,0.5053731147052567,0.5971656588305245,898,0.6277298663622505,False,0.0
CD8+ T cells,ZFP42,-0.01598818190820048,-0.02924901318096537,0.013475913498852963,0.5059402054956458,0.5590463280838306,898,0.5913467825953408,False,0.0
CD8+ T cells,NKX2-5,0.0051534209249868655,-0.007035472123856647,0.012255761409340843,0.5020521068974604,0.840046667077609,898,0.8572077717518299,False,0.0
CD8+ T cells,PROP1,0.01687252630638829,0.006226150544574444,0.01112357159794421,0.5049815117116945,0.6241596523813986,898,0.6535722565086479,False,0.0
CD8+ T cells,NFATC4,-0.0010722647577353101,-0.012818559862935976,0.01051974747435309,0.5043935429519079,0.6656452667557935,898,0.6935876253654238,False,0.0
CD8+ T cells,NR1I2,0.0165104428723587,0.007173191454087201,0.009248749583466885,0.5064622957979419,0.5250304712373882,898,0.5575520437339824,False,0.0
CD8+ T cells,ZNF75D,0.015447318082071917,0.009201755192743011,0.006381305275604966,0.5006958852907935,0.9454363281388681,898,0.9498970408864814,False,0.0
CD8+ T cells,REST,0.00011144456925626093,-0.004318890325461187,0.004772090357112694,0.4979971256114565,0.8438342791806527,898,0.8604217473701917,False,0.0
CD8+ T cells,HSF1,0.0048261619077260825,-8.500707903644557e-05,0.0047044314496998045,0.4986756596168723,0.8963668398041286,898,0.9069017839078529,False,0.0
CD8+ T cells,HOXD13,0.005069862691027257,0.0021683411743880924,0.00295127571189345,0.4992376719822729,0.9402354218604545,898,0.9451631924688106,False,0.0
CD8+ T cells,HOXC8,-0.005285457449946893,-0.008286178754435209,0.0029082842381410287,0.49851159827626973,0.8836143225146367,898,0.8962405487325695,False,0.0
CD8+ T cells,KLF5,0.0023112486841499794,0.0010343014439788663,0.0022058240460192595,0.4982500593893589,0.863348398043402,898,0.8781064903176482,False,0.0
CD8+ T cells,CDX1,0.007572156025723533,0.009299838549411044,-0.0017281804715544584,0.5005622945001221,0.95590016827385,898,0.9596953054183617,False,0.0
CD8+ T cells,PITX3,0.005251551825293246,0.007591635892301429,-0.002306079499936804,0.4997503107713958,0.9804123490958246,898,0.9821115039469439,False,0.0
CD8+ T cells,MEIS1(var.2),-0.006184645541963747,-0.003268715884886945,-0.002879019532874454,0.49789019655197514,0.8356126046672703,898,0.8533287729641029,False,0.0
CD8+ T cells,ZNF354C,0.009982503979362867,0.014060704144681968,-0.004414739040378626,0.49551518646565884,0.6591337517072617,898,0.6869796907283826,False,0.0
CD8+ T cells,PITX1,0.006734679799378658,0.01217546318168198,-0.0052829216935672985,0.4992270919302134,0.9394074814958953,898,0.9447781929237863,False,0.0
CD8+ T cells,NFIC,-0.0075093146707525225,-0.0017775616326251719,-0.005863454392213366,0.5007620458830055,0.9402575011584189,898,0.9451631924688106,False,0.0
CD8+ T cells,GSC2,-0.002288527828558413,0.0038716581634997715,-0.006042572647564784,0.5018802868520141,0.8532808461625365,898,0.8683662121811003,False,0.0
CD8+ T cells,THAP1,-0.02057081705955495,-0.013841518881823988,-0.006858457515652669,0.5016849085573154,0.8683796944904056,898,0.8825582124863555,False,0.0
CD8+ T cells,HOXB13,-0.005374778868087255,0.0033005644313030456,-0.009401713361403684,0.4996676452979709,0.9739275876252964,898,0.9758571123159855,False,0.0
CD8+ T cells,TFAP2E,-0.02164976869613497,-0.009829112891024946,-0.01354962837635861,0.4963387377179702,0.7187672874351754,898,0.7452882506910787,False,0.0
CD8+ T cells,MYBL1,-0.020054169382921753,-0.005555291814958137,-0.014069857248524852,0.49940836348883283,0.9536011656803609,898,0.9576247992908267,False,0.0
CD8+ T cells,HOXA7,-0.015758075712280675,-5.821397749202161e-05,-0.01549884242889809,0.4978494280847059,0.8324826280345644,898,0.8512066497416849,False,0.0
CD8+ T cells,SOX12,-0.019872088301894145,-0.004045948203875915,-0.015604661076784892,0.4942388089852009,0.5709512168951524,898,0.6031510766469416,False,0.0
CD8+ T cells,RFX4,-0.021232867754358987,-0.003174694008557023,-0.016780502531787585,0.49550220826846586,0.6582099284694043,898,0.6861936023156944,False,0.0
CD8+ T cells,SMAD3,-0.028372742081152737,-0.008160600575622705,-0.01980110604901611,0.49303000277056297,0.4929990203488319,898,0.5256058066749338,False,0.0
CD8+ T cells,FERD3L,-0.036257012272991544,-0.015241463856724445,-0.020694940239266497,0.4980766876029439,0.8499628378421454,898,0.8660160266706926,False,0.0
CD8+ T cells,HSF4,-0.015223937326958464,0.0070039861856025995,-0.021318436984535616,0.49396810071983854,0.5529955084911173,898,0.5854055016627578,False,0.0
CD8+ T cells,SMAD5,-0.02867442154678774,-0.006325894907774429,-0.02187847272221475,0.4957296088540647,0.6744713180635671,898,0.7024223816950302,False,0.0
CD8+ T cells,TBX21,-0.047769535385411274,-0.0038155064288695763,-0.026092825531775728,0.5345857669804193,0.0006695020089069326,898,0.000928945517159619,False,0.0
CD8+ T cells,HOXA1,-0.031122288396032018,-0.003399308525095802,-0.027004354182610393,0.4950323128896633,0.6251221878254307,898,0.654396991446751,False,0.0
CD8+ T cells,TLX2,-0.023069353097748827,0.005854670570031912,-0.02887132051093078,0.4879625810361454,0.2364260724152989,898,0.26468729634540655,False,0.0
CD8+ T cells,ALX3,-0.02719760824018644,0.003078358698453482,-0.030290840242983483,0.49467738740990735,0.6006169320145897,898,0.6311937940080596,False,0.0
CD8+ T cells,TGIF2LX,-0.048492252919552385,-0.016318442955355117,-0.030487956195520215,0.49190738871336975,0.42605265645934287,898,0.45992770758657986,False,0.0
CD8+ T cells,TBX18,-0.0638630413352812,-0.021515836786796416,-0.032826510074711567,0.504556616820985,0.654029156474715,898,0.6823625495349915,False,0.0
CD8+ T cells,RFX5,-0.0378677516980733,0.004289834527670683,-0.038833770012469813,0.4909151208975496,0.37155639046564226,898,0.40498845792672106,False,0.0
CD8+ T cells,MNT,-0.02077130930223567,0.01843247755836079,-0.039078778108106865,0.48843473349272065,0.2553179363830841,898,0.28497003327060916,False,0.0
CD8+ T cells,TBR1,-0.07386216131852882,-0.007271780102699954,-0.039950409478053756,0.5255709983562831,0.011899853762075172,898,0.01514050576143275,False,0.0
CD8+ T cells,ZNF410,-0.04207728120780559,0.0014404202395197161,-0.043277767252515094,0.4880314219082125,0.23911724540669688,898,0.2673303053096147,False,0.0
CD8+ T cells,YY1,-0.048688685567555644,-0.0066596782996382825,-0.04332870981853699,0.48462633795338345,0.13050520146339945,898,0.15051996725225603,False,0.0
CD8+ T cells,BHLHE22(var.2),-0.07065323507479866,-0.020694050089414797,-0.04484056260529293,0.4964936296801213,0.7301906459732337,898,0.7557818760828098,False,0.0
CD8+ T cells,KLF10,-0.0008864365550914005,0.03580850347761589,-0.045708131884601814,0.4854449518480671,0.1522595869300322,898,0.174170847814224,False,0.0
CD8+ T cells,SOX21,-0.05280217764089055,-0.004823621379154293,-0.04897585109833797,0.48556175562280396,0.1555765190815185,898,0.1778142927129446,False,0.0
CD8+ T cells,HES7,-0.02490093102829156,0.025262065160949584,-0.049711654326589756,0.4864200094458705,0.1816502638206594,898,0.20610122473875153,False,0.0
CD8+ T cells,TBX3,-0.07450014612001614,-0.001731923220691025,-0.054600715945303635,0.49965226895564446,0.9727215549640643,898,0.9751316678356304,False,0.0
CD8+ T cells,ZNF341,-0.03893332292405901,0.017335750901114128,-0.05790126806216559,0.48477389441277324,0.13423737736247385,898,0.15460416419259015,False,0.0
CD8+ T cells,ZSCAN29,-0.04730533077683802,0.011254096140486627,-0.05806652630543922,0.48553890271035544,0.1549232751412973,898,0.17711770873740856,False,0.0
CD8+ T cells,EN2,-0.052519148320418735,0.008981199736362435,-0.0600281879814677,0.48059815946593026,0.056350456574895486,898,0.0675537621635636,False,0.0
CD8+ T cells,NFIX(var.2),-0.03162568456715891,0.03321365302429538,-0.061208529490774426,0.483103233658898,0.09652844224995179,898,0.1129748560437677,False,0.0
CD8+ T cells,TBX6,-0.08965879950909907,0.0007348184702317379,-0.06437303505749574,0.4986591547356595,0.8950826443457275,898,0.9062823771328361,False,0.0
CD8+ T cells,DMRT3,-0.06119818590411288,0.003678508031751821,-0.06578492428505461,0.4770635756738929,0.024072550771540663,898,0.029959255743356974,False,0.0
CD8+ T cells,LMX1A,-0.0583191933051635,0.009156434538446591,-0.0670296906385958,0.4814542972785849,0.06813580345528952,898,0.0808675449633621,False,0.0
CD8+ T cells,TBX20,-0.10494693277199155,0.004586822576598906,-0.07171596049112298,0.5085712528418019,0.3992045889919412,898,0.43302460242932816,False,0.0
CD8+ T cells,LBX2,-0.06639781742765387,0.014436898420770944,-0.0799346858158914,0.47836703808762315,0.033356684534791056,898,0.040909713739849835,False,0.0
CD8+ T cells,BARX2,-0.08164403421333026,0.0001182251330541298,-0.08109146214712126,0.47819973219772227,0.03201530410719236,898,0.03938398310054737,False,0.0
CD8+ T cells,RAX2,-0.06582293000713489,0.018289235802362167,-0.08292610445042789,0.4758743778224052,0.017647310157857088,898,0.02223638022382117,False,0.0
CD8+ T cells,EN1,-0.07647707184021862,0.008651879859826773,-0.08372854351191862,0.4714983272232357,0.0050573974716571855,898,0.006604980687645246,False,0.0
CD8+ T cells,ESX1,-0.07760873322240831,0.008591445934258191,-0.08556122507033961,0.47520190971350346,0.01472476019626312,898,0.01864675422662929,False,0.0
CD8+ T cells,KLF13,-0.03279364341130302,0.05273248056342645,-0.08872382055565282,0.47108612839499764,0.004456532231586198,898,0.005837206024278976,False,0.0
CD8+ T cells,PDX1,-0.08300640254323492,0.006276584944370518,-0.08877613723000843,0.47577295038999484,0.017176280357330733,898,0.02165635098964168,False,0.0
CD8+ T cells,RAX,-0.07364766357677215,0.01615145545407271,-0.0888830967117802,0.4705994460002607,0.0038308200919355832,898,0.005038848534451031,False,0.0
CD8+ T cells,MNX1,-0.08065491084929909,0.007990240907044326,-0.09050770289580735,0.4779122369164255,0.029818203627828898,898,0.03677063452550921,False,0.0
CD8+ T cells,RXRA::VDR,-0.06551385910841566,0.025800637887030582,-0.09059396535093933,0.47184619933495203,0.005620464776794069,898,0.007319086091699002,False,0.0
CD8+ T cells,PROX1,-0.06915587231878952,0.022015663787649305,-0.09185686419950678,0.47509215930680626,0.014290639902614583,898,0.01811968945345616,False,0.0
CD8+ T cells,MYF6,-0.11949368748335605,-0.014616844337879836,-0.09565923555952618,0.48184336105965286,0.07412514158907321,898,0.08759063167914434,False,0.0
CD8+ T cells,RFX2,-0.08858747192937828,0.017942128404105532,-0.09655863930901222,0.47481397447132184,0.013240462510167772,898,0.01680919714971409,False,0.0
CD8+ T cells,TGIF2LY,-0.10240815166166381,0.0003100741243773803,-0.09750669511188792,0.471605961619521,0.0052259113782142635,898,0.00681845773500642,False,0.0
CD8+ T cells,PAX6,-0.11803915027101779,-0.002435690176486093,-0.10292363229934383,0.47886895575732574,0.037672888689811404,898,0.04596637745445625,False,0.0
CD8+ T cells,NKX2-2,-0.09232554551935383,0.009435450287000212,-0.10363395666712223,0.4729360857644412,0.0077691683124622764,898,0.010036416025613785,False,0.0
CD8+ T cells,LHX6,-0.0863102339589926,0.02250979835743866,-0.10617225552502503,0.4704997113761798,0.0037128997458430344,898,0.004893287417485641,False,0.0
CD8+ T cells,SMAD2::SMAD3::SMAD4,-0.09568147443416725,0.011621728126175988,-0.1076173628425185,0.47053116939763673,0.003749732658153157,898,0.004940220884040271,False,0.0
CD8+ T cells,ZBTB32,-0.09930416923852592,0.00577657418579257,-0.10852135879767084,0.4687122468475677,0.002088235070236366,898,0.0028079093034816672,False,0.0
CD8+ T cells,NKX6-2,-0.09773107869882809,0.01211209885241982,-0.10906773899754596,0.46943507600427264,0.00264455075806468,898,0.00352316508631205,False,0.0
CD8+ T cells,NFYC,-0.07142174550438131,0.03667366040095288,-0.11132574711665585,0.4664067829701225,0.0009526550589996109,898,0.0013043798202072507,False,0.0
CD8+ T cells,TFAP2A(var.2),-0.09157144593923544,0.002964043112514076,-0.11214985611847963,0.46394797887149497,0.0003911401223475655,898,0.000547028321817577,False,0.0
CD8+ T cells,MEOX1,-0.11238757534591838,0.002100345529527105,-0.11337140887383666,0.47090626750998615,0.004215236047308937,898,0.005526521402272184,False,0.0
CD8+ T cells,BSX,-0.08614426962241166,0.027955091665257562,-0.11432631014082913,0.4626955828423719,0.0002433358545401636,898,0.00034460513387101925,False,0.0
CD8+ T cells,ARGFX,-0.09460383496863464,0.019258282123879315,-0.11491422216326226,0.46867683894000856,0.0020639650411463212,898,0.002777120903384774,False,0.0
CD8+ T cells,MSANTD3,-0.10016125501796716,0.010783489808906324,-0.1152300288527924,0.4686450987838301,0.0020424292708784574,898,0.0027490581603374043,False,0.0
CD8+ T cells,HESX1,-0.10968926789987858,0.01029438618900074,-0.1190642550931872,0.4662188812455458,0.0008917321821270064,898,0.0012246939609252775,False,0.0
CD8+ T cells,HMBOX1,-0.124125882548642,-0.0004211510865566231,-0.12402908592209103,0.46173350344176145,0.00016734969959135627,898,0.00023976518574597288,False,0.0
CD8+ T cells,TFAP2B(var.2),-0.10404596613056505,0.008688943231362063,-0.12444751987979888,0.46369278801581987,0.00035549783912589824,898,0.0004980416402712549,False,0.0
CD8+ T cells,PAX3,-0.11461983608359874,0.014021579555231936,-0.1277581231378889,0.4661802287886884,0.000879656601959844,898,0.001208930234894541,False,0.0
CD8+ T cells,TP63,-0.10866898338669638,0.022634948449202393,-0.1278599313111431,0.4662954808224566,0.0009161182349318464,898,0.0012564794503505934,False,0.0
CD8+ T cells,RORA(var.2),-0.128273888067892,0.01922575465503861,-0.12853077934383692,0.46982794860408206,0.0030008608931865223,898,0.003980814155354974,False,0.0
CD8+ T cells,RFX3,-0.12584148320547595,0.010066779223670197,-0.12861704447521158,0.4633289752923339,0.0003099075079777364,898,0.00043643779230000747,False,0.0
CD8+ T cells,VENTX,-0.13197722980093754,-0.0011127417894003088,-0.12973452966639998,0.4635953104695117,0.0003427033718654122,898,0.0004809496505610329,False,0.0
CD8+ T cells,BHLHE40,-0.11255155218467151,0.02242443531783588,-0.12988176618285183,0.46358021626190676,0.0003407611243645274,898,0.00047838983663389234,False,0.0
CD8+ T cells,HOXA2,-0.12706338721708793,0.008230105747556612,-0.13245393505203756,0.4631997575898472,0.00029507698409724317,898,0.0004158416850078181,False,0.0
CD8+ T cells,SIX2,-0.1197187686771511,0.00911538341460223,-0.13289167583614858,0.46286528687740625,0.0002597179787404803,898,0.00036690605516200535,False,0.0
CD8+ T cells,NR4A2::RXRA,-0.11243306962022867,0.02747481671449625,-0.13581065866946346,0.4575103698616919,2.9256245115843352e-05,898,4.364703825173385e-05,False,0.0
CD8+ T cells,SREBF2(var.2),-0.13643559450548645,0.005182560643628257,-0.13738081640305264,0.46502446390170876,0.0005814779681178072,898,0.000808196447614101,False,0.0
CD8+ T cells,TBX1,-0.17807012327933286,0.019868972714174378,-0.13973102252799174,0.47658295917567006,0.02126524603360692,898,0.026579915184421876,False,0.0
CD8+ T cells,MZF1(var.2),-0.11464276044020257,0.02370366271451171,-0.14537936816455418,0.45986111636195176,7.881817946741158e-05,898,0.00011508421296468686,False,0.0
CD8+ T cells,BCL6,-0.13446942245894875,0.01515609173947028,-0.14680433799164166,0.45788151808793914,3.432791804579023e-05,898,5.102525951993655e-05,False,0.0
CD8+ T cells,PHOX2A,-0.12562760431343822,0.02050790347747892,-0.148858625936515,0.4563696991823171,1.7757130265834e-05,898,2.6758044340992318e-05,False,0.0
CD8+ T cells,STAT1,-0.14026444274994643,0.030684884029318113,-0.15541305569320837,0.44876193641473355,4.663684140268987e-07,898,7.556774542061803e-07,False,0.0
CD8+ T cells,DUX4,-0.13206087155798768,0.02310377121030905,-0.15590546772355057,0.45665846406986105,2.017264544160216e-05,898,3.031891658867843e-05,False,0.0
CD8+ T cells,DRGX,-0.15183134767481463,0.009492391269736994,-0.15762309569572897,0.45551863979465107,1.2138689962752809e-05,898,1.8380666013958783e-05,False,0.0
CD8+ T cells,MEOX2,-0.13915480662242039,0.01897723330879858,-0.15916687808043348,0.45525907585079134,1.079459783930077e-05,898,1.640065447157751e-05,False,0.0
CD8+ T cells,SHOX,-0.13794325538944038,0.023922416726742782,-0.15994400893567598,0.4547004491020498,8.367553124874638e-06,898,1.2819053367377048e-05,False,0.0
CD8+ T cells,POU4F2,-0.15860222908249158,0.0009227568173209651,-0.16126121535948826,0.4546039590272672,8.005084761867173e-06,898,1.2277700131355035e-05,False,0.0
CD8+ T cells,PAX3(var.2),-0.15508714315220098,0.008625104453828676,-0.16188614359133957,0.4544651487442466,7.509865273940973e-06,898,1.1548808399226597e-05,False,0.0
CD8+ T cells,EMX1,-0.15266532727792098,0.01491101278987129,-0.16361909324017923,0.45511857275944123,1.0127572771724464e-05,898,1.541616231542407e-05,False,0.0
CD8+ T cells,RFX1,-0.15032472171973602,0.021394083401544927,-0.16372838791973024,0.4499131871461678,8.374906739346571e-07,898,1.3414438902373803e-06,False,0.0
CD8+ T cells,NFYA,-0.12060235239511224,0.04299557731775388,-0.16707303400971535,0.4492292925810418,5.92369872123065e-07,898,9.541116650517202e-07,False,0.0
CD8+ T cells,NR2F6(var.3),-0.1470880228194641,0.022614046101159743,-0.1671286444492255,0.4519500587686625,2.2889586520292328e-06,898,3.585414907514625e-06,False,0.0
CD8+ T cells,HOXB7,-0.15948652777469718,0.016350189963562484,-0.1720859216126613,0.44901712727040866,5.315596660760992e-07,898,8.582164441116909e-07,False,0.0
CD8+ T cells,SREBF1,-0.15828712194736558,0.020018739391013615,-0.1731849973996692,0.4510304406436509,1.4607526432248706e-06,898,2.3177275272501283e-06,False,0.0
CD8+ T cells,PAX9,-0.21006422933673286,-0.0009368547728785311,-0.17516423647268886,0.4619245086482756,0.00018038320731272468,898,0.00025779952553418726,False,0.0
CD8+ T cells,EMX2,-0.15675533563399657,0.021780125492076384,-0.1752600564882823,0.44986917412960026,8.191412637457905e-07,898,1.3125724962833538e-06,False,0.0
CD8+ T cells,ZNF143,-0.15050898678096497,0.02827092071049557,-0.17918171442102454,0.45027671773493216,1.0049545527084274e-06,898,1.6039629665713205e-06,False,0.0
CD8+ T cells,ISL2,-0.15205563518472945,0.028300821982238062,-0.1792396267520983,0.44622625060447363,1.2294597589665696e-07,898,2.052989758472448e-07,False,0.0
CD8+ T cells,PRRX1,-0.15404868611155398,0.029769981989726392,-0.18221432121891382,0.45419345300735864,6.62404349512433e-06,898,1.0213749992863202e-05,False,0.0
CD8+ T cells,ZNF136,-0.15707418374614035,0.027132372104847483,-0.18707537837798063,0.44764651679294076,2.613675767549989e-07,898,4.288293655923461e-07,False,0.0
CD8+ T cells,MAX,-0.1553748138628993,0.03789327431340146,-0.18979569997356238,0.4450728838626275,6.571717994100713e-08,898,1.112517615235627e-07,False,0.0
CD8+ T cells,TP73,-0.16882981620176038,0.027831704899742765,-0.19027656204998686,0.4467273218700115,1.607711045662188e-07,898,2.669182967069845e-07,False,0.0
CD8+ T cells,KLF2,-0.09714080128232275,0.0363300798149033,-0.1912894912885241,0.44472740989604465,5.434235492349704e-08,898,9.214969321897276e-08,False,0.0
CD8+ T cells,PAX1,-0.21518563686324962,0.013470110456694863,-0.19816743776681625,0.45513507764065403,1.0203837734496933e-05,898,1.5520574238261123e-05,False,0.0
CD8+ T cells,EOMES,-0.30572625017255683,0.03196386768848482,-0.19868859769450323,0.47303017769409034,0.007985423394334987,898,0.010292775741790175,False,0.0
CD8+ T cells,TFAP2B,-0.17054172907184367,0.014359871769825465,-0.20204776548827588,0.4409057540247929,6.1593328652356116e-09,898,1.077417240499061e-08,False,0.0
CD8+ T cells,NR4A1,-0.184003660780687,0.02520716151507311,-0.20902863241375824,0.4388409510648611,1.7937360418059557e-09,898,3.2070066394816162e-09,False,0.0
CD8+ T cells,ZBTB18,-0.20918059512692597,0.01503719318344486,-0.21015600975807558,0.4440114930400186,3.6520849660925014e-08,898,6.226858732747686e-08,False,0.0
CD8+ T cells,BHLHA15(var.2),-0.2439067955996834,0.0020598789982176923,-0.21221393771358948,0.44432875353444273,4.3579896131671745e-08,898,7.408582342384197e-08,False,0.0
CD8+ T cells,TFAP2C,-0.1800937843202096,0.018458995684818826,-0.21681064421759674,0.4349891067783995,1.6126166318747054e-10,898,2.9644011324693587e-10,False,0.0
CD8+ T cells,PRRX2,-0.20509730214282693,0.016094612689651816,-0.22160832321333127,0.43360523596901707,6.557844952439762e-11,898,1.2227207685516717e-10,False,0.0
CD8+ T cells,ZNF274,-0.20157651174145036,0.021110170767967007,-0.2226229678505198,0.4376098562072178,8.433257308596806e-10,898,1.5205418480651815e-09,False,0.0
CD8+ T cells,POU6F2,-0.1915036352214913,0.0305200493071176,-0.22391793923176742,0.4323861318370412,2.924077233298998e-11,898,5.528418918657826e-11,False,0.0
CD8+ T cells,HOXA5,-0.1985644910628412,0.03038842694523269,-0.22502370226080706,0.436622102546943,4.555341536303216e-10,898,8.287280510738675e-10,False,0.0
CD8+ T cells,VAX1,-0.2234266962236007,0.011121037393948718,-0.2260697922833056,0.4329860913224952,4.358924993707714e-11,898,8.187655768125076e-11,False,0.0
CD8+ T cells,HEY1,-0.1809597169059729,0.04835443978377398,-0.2263038199783205,0.4395773226882022,2.7979299783345843e-09,898,4.949901483315141e-09,False,0.0
CD8+ T cells,HES5,-0.18264823117628154,0.053347605297735856,-0.2282909245112181,0.43421972539263276,9.800531728089378e-11,898,1.8164430312345222e-10,False,0.0
CD8+ T cells,GBX2,-0.2074504629313835,0.025376909332713252,-0.22867005898592574,0.4349731661666299,1.5961538428466054e-10,898,2.935472021889712e-10,False,0.0
CD8+ T cells,MSGN1,-0.2134750578947346,0.0307112059755417,-0.23629578583423022,0.43255640014151875,3.276028121563596e-11,898,6.179398498762849e-11,False,0.0
CD8+ T cells,LBX1,-0.21458086755601735,0.023728312578552915,-0.23736407105518728,0.43423213932038257,9.880038846529601e-11,898,1.830340529901958e-10,False,0.0
CD8+ T cells,HOXA6,-0.22617095864564232,0.013836050644916545,-0.2384325677528566,0.4312684551374758,1.3772839674708315e-11,898,2.6397399016518162e-11,False,0.0
CD8+ T cells,HNF1A,-0.22207035337086337,0.014416775269516846,-0.24072009842023784,0.42960583522316576,4.396604852245039e-12,898,8.544026528426238e-12,False,0.0
CD8+ T cells,MSX1,-0.21316565534554033,0.03551397161404857,-0.245600729001931,0.4255704623003121,2.4664618546938326e-13,898,4.952508518159428e-13,False,0.0
CD8+ T cells,TWIST1,-0.2335544186082552,0.030306167007064823,-0.2501552284978627,0.43134886353312796,1.4545141469167007e-11,898,2.7824890016193714e-11,False,0.0
CD8+ T cells,OTX2,-0.23713909083622928,0.03462304583151252,-0.2523926835494337,0.4264792182385426,4.782669240683928e-13,898,9.555891233485023e-13,False,0.0
CD8+ T cells,TAL1::TCF3,-0.25162870731969533,0.01971365498408534,-0.25344627439705014,0.4296577480119377,4.557993343158778e-12,898,8.844911782455834e-12,False,0.0
CD8+ T cells,EVX2,-0.23492237769160518,0.02319900690995652,-0.25420210795898657,0.4287197911300229,2.3669221614489368e-12,898,4.633075503252249e-12,False,0.0
CD8+ T cells,LHX2,-0.22919020013879368,0.026874843553842082,-0.2547179926648902,0.42402394082393496,7.848746715162012e-14,898,1.6046502885065944e-13,False,0.0
CD8+ T cells,KLF6,-0.15187995583212624,0.06753536750949685,-0.2549218831799444,0.42372431374960995,6.27067301281656e-14,898,1.2852656033361601e-13,False,0.0
CD8+ T cells,STAT3,-0.23260794768229412,0.03969415893377418,-0.2566573440197796,0.42409771905362986,8.293688855711677e-14,898,1.6947608641519922e-13,False,0.0
CD8+ T cells,BCL6B,-0.23030651676108624,0.031401892005256296,-0.2570914395296851,0.4283257899913272,1.7928998762503236e-12,898,3.5179790976279386e-12,False,0.0
CD8+ T cells,MYC,-0.20169679448791897,0.06569147952899869,-0.2583918941367235,0.4266090002104725,5.25368980619102e-13,898,1.0486644773482422e-12,False,0.0
CD8+ T cells,ZNF16,-0.21572883350632216,0.0374129051152362,-0.2612109775548563,0.42513273027977044,1.7878339065892676e-13,898,3.605970082781743e-13,False,0.0
CD8+ T cells,HEY2,-0.21248081180542408,0.05944872924975149,-0.26143889059071757,0.4272333643493437,8.236589619094083e-13,898,1.6327898872540255e-12,False,0.0
CD8+ T cells,NKX6-3,-0.2334890805814677,0.026912659127969515,-0.2618040189902779,0.42232845221456006,2.1790473187760285e-14,898,4.532866556178823e-14,False,0.0
CD8+ T cells,PAX7,-0.23937925888904776,0.028379610875617002,-0.26276806004170916,0.42841282855293666,1.9065973950839987e-12,898,3.737448188231521e-12,False,0.0
CD8+ T cells,MAX::MYC,-0.21547798573242993,0.0573671294018693,-0.2661494195148267,0.42350523613829794,5.318639572867971e-14,898,1.0934560829178766e-13,False,0.0
CD8+ T cells,NEUROG2(var.2),-0.2525398068861787,0.015808971353024615,-0.2661972052752121,0.4232779766200599,4.4813253036965146e-14,898,9.241305901506677e-14,False,0.0
CD8+ T cells,TEAD2,-0.24109717936758215,0.04544831530280427,-0.273824022529044,0.4216502003438658,1.2951069925750507e-14,898,2.7094120434119207e-14,False,0.0
CD8+ T cells,DLX6,-0.2440317044380889,0.034778861143207114,-0.2741532456532216,0.41807541235400236,7.760646593573341e-16,898,1.6800201240020194e-15,False,0.0
CD8+ T cells,RBPJ,-0.22627454024467122,0.04323933441967205,-0.2756258865247741,0.41814961378577964,8.237757553382582e-16,898,1.780446958386e-15,False,0.0
CD8+ T cells,TEAD3,-0.25074495818146925,0.04366131906971912,-0.280628774718897,0.41992240730886926,3.3735538906912972e-15,898,7.165038867053538e-15,False,0.0
CD8+ T cells,MYB,-0.2557084287967625,0.04077884025868081,-0.2808285053490991,0.4189926323338805,1.6165509309911807e-15,898,3.456958280544565e-15,False,0.0
CD8+ T cells,IRF6,-0.2789402818546751,0.017225719402130923,-0.28175836570087665,0.4165769948476557,2.300224976423855e-16,898,5.060745108543184e-16,False,0.0
CD8+ T cells,ELF4,-0.27116562261894556,0.01816795549683074,-0.2817597255278664,0.42047778950831255,5.2146620512461666e-15,898,1.1023261577503651e-14,False,0.0
CD8+ T cells,RORC,-0.32546317503203714,0.029393683500922516,-0.28226794411412187,0.42745893105925226,9.680603966727222e-13,898,1.9143559945932717e-12,False,0.0
CD8+ T cells,PLAG1,-0.20069950894955374,0.03710556600116327,-0.2829901977274618,0.4183696788686172,9.829275347227992e-16,898,2.116511338737864e-15,False,0.0
CD8+ T cells,MLXIPL,-0.2671581890680923,0.031917194517761406,-0.2843156781482041,0.42072225924456735,6.310692891526023e-15,898,1.3319281919204117e-14,False,0.0
CD8+ T cells,RHOXF1,-0.2677272636002614,0.05360146018174103,-0.28479916507190034,0.41815991170311756,8.306216198691611e-16,898,1.793327147273546e-15,False,0.0
CD8+ T cells,ARNT2,-0.26110254338717775,0.04726671301621708,-0.289752431876311,0.41675784320419273,2.66689060413468e-16,898,5.854714804302179e-16,False,0.0
CD8+ T cells,SRF,-0.28050333684568257,0.027272326696785556,-0.29109314952331206,0.4116346998622618,3.579693723016361e-18,898,8.266804111486414e-18,False,0.0
CD8+ T cells,SOX13,-0.2622821159528082,0.05812662651154571,-0.2919958133122255,0.417606081244643,5.314707935148316e-16,898,1.156713733491667e-15,False,0.0
CD8+ T cells,ZNF684,-0.23659519383328237,0.0548557787132265,-0.29300435173623024,0.4163629956613322,1.930125829808675e-16,898,4.2557433827825067e-16,False,0.0
CD8+ T cells,NOTO,-0.2651206120824623,0.03486632426737679,-0.2959640881199457,0.4137758202643828,2.2362410025802536e-17,898,5.043384111727818e-17,False,0.0
CD8+ T cells,PITX2,-0.2743448894223856,0.052870073518518364,-0.296377664061951,0.41666967610369693,2.4814548200911116e-16,898,5.453539490542443e-16,False,0.0
CD8+ T cells,MGA,-0.34920756356062893,0.03341336972427512,-0.297748039902117,0.4180826067894028,7.805688179253836e-16,898,1.6888670787840118e-15,False,0.0
CD8+ T cells,OSR2,-0.2664233035868885,0.03489365747424066,-0.30091204795751325,0.4124592385860988,7.286329725703002e-18,898,1.668392194125317e-17,False,0.0
CD8+ T cells,ZNF263,-0.21224664909123178,0.03564472014753889,-0.3018588331560872,0.4116971927030933,3.77866711226453e-18,898,8.716355265805181e-18,False,0.0
CD8+ T cells,BHLHE41,-0.27022277784269527,0.053570425073175235,-0.30274415882665656,0.4142790075403326,3.4178338166794336e-17,898,7.65700754279346e-17,False,0.0
CD8+ T cells,HOXB2,-0.28292636463092824,0.028536326701271097,-0.305388983082398,0.41541699793985226,8.841623952576886e-17,898,1.9644816316378958e-16,False,0.0
CD8+ T cells,VSX1,-0.29664105765894433,0.022378247981063894,-0.30891039754898236,0.41080719872384824,1.7427592551410954e-18,898,4.066438261995889e-18,False,0.0
CD8+ T cells,GBX1,-0.2777392790553956,0.04235610107237727,-0.3103864068731683,0.41087589852855455,1.8505404481427452e-18,898,4.315438993190517e-18,False,0.0
CD8+ T cells,GMEB2,-0.28187041510010763,0.06365853017488568,-0.31138961229839185,0.41384155765451247,2.363995887811137e-17,898,5.31964814353941e-17,False,0.0
CD8+ T cells,NR2C2,-0.24382933282865446,0.05539068277012052,-0.312460538859302,0.4138370434989671,2.354997356144719e-17,898,5.302347970484994e-17,False,0.0
CD8+ T cells,NEUROD1,-0.29728623873306836,0.020796986892192025,-0.3129158367370922,0.4086093692426883,2.49547593645894e-19,898,5.956752589329128e-19,False,0.0
CD8+ T cells,DLX5,-0.2981044986636884,0.034633456493995116,-0.3168823404798849,0.40997715837294035,8.410355102770011e-19,898,1.980692476473077e-18,False,0.0
CD8+ T cells,POU6F1,-0.2884580048199152,0.040855405083591055,-0.322006352919959,0.4093458819333903,4.811139895663142e-19,898,1.1396880572513507e-18,False,0.0
CD8+ T cells,HOXB3,-0.2925011839304962,0.03284858315947829,-0.3226885371247622,0.4088844505962353,3.1907839150141983e-19,898,7.59853544446583e-19,False,0.0
CD8+ T cells,PRDM1,-0.2943522751955138,0.03315223419200637,-0.32561358077777414,0.40754656774647147,9.589270635382895e-20,898,2.306669975669393e-19,False,0.0
CD8+ T cells,SOX2,-0.2946039901366902,0.05632828185401863,-0.3260857604988972,0.4090324302577075,3.640744530502953e-19,898,8.659877936751881e-19,False,0.0
CD8+ T cells,POU3F3,-0.3517154668616659,0.026965618937209865,-0.32777494850908534,0.4117619426216974,3.996343400044438e-18,898,9.213222448193616e-18,False,0.0
CD8+ T cells,HSF2,-0.31060012045302055,0.054758956345400234,-0.3278861204703529,0.4005101277901008,1.2982524977545785e-22,898,3.3341892998986044e-22,False,0.0
CD8+ T cells,TCF21(var.2),-0.31998779721202525,0.02837693040644556,-0.3299892220706837,0.40468304138972794,6.907117706246312e-21,898,1.7082028263736294e-20,False,0.0
CD8+ T cells,NR1H4::RXRA,-0.30011480720343514,0.05386846669720832,-0.33113211259362335,0.405804385840674,1.953212469769896e-20,898,4.77504389890574e-20,False,0.0
CD8+ T cells,MLX,-0.30815838821647074,0.03996993749640478,-0.3331959220211428,0.40588521743840855,2.104215994443914e-20,898,5.1348962083957036e-20,False,0.0
CD8+ T cells,RXRB(var.2),-0.27612183198845935,0.07656863238122416,-0.3354131709417912,0.4015725060842353,3.6277342390106433e-22,898,9.219731614973029e-22,False,0.0
CD8+ T cells,TEAD1,-0.2948415476534716,0.06104187417227833,-0.3373017065970649,0.39978560582506634,6.40197906849611e-23,898,1.659347041072086e-22,False,0.0
CD8+ T cells,VDR,-0.29592214824651536,0.05841134257056989,-0.3423090296271353,0.4000038370322136,7.925528277979671e-23,898,2.0529249303908928e-22,False,0.0
CD8+ T cells,HAND2,-0.34111513941505434,0.0353752479561477,-0.36168466159131646,0.3996752911489259,5.746090331055881e-23,898,1.4931715786417528e-22,False,0.0
CD8+ T cells,THRB(var.2),-0.3131272232569674,0.06056362693339482,-0.3627708870734853,0.39572131409325007,1.1051246277203418e-24,898,2.970986208476082e-24,False,0.0
CD8+ T cells,EVX1,-0.333565426503678,0.03809044633301691,-0.36328745258738726,0.39326645988072473,8.816471505942713e-26,898,2.4349108336548954e-25,False,0.0
CD8+ T cells,LHX1,-0.33368822423395467,0.04604133662852108,-0.3638828804263368,0.39559632841158715,9.72990078198472e-25,898,2.6192400907458537e-24,False,0.0
CD8+ T cells,MZF1,-0.335576175483142,0.05096791895373304,-0.36559723845489783,0.3993969652460807,4.372324732712945e-23,898,1.1420546073955183e-22,False,0.0
CD8+ T cells,GFI1,-0.34924148843114666,0.07263017417714827,-0.3662764915472892,0.3909728456615862,7.881752737588117e-27,898,2.2207222546157047e-26,False,0.0
CD8+ T cells,BHLHE23,-0.3461251556706831,0.030961174340780676,-0.36631881624448004,0.3967614037443792,3.1703026198055724e-24,898,8.422222192864968e-24,False,0.0
CD8+ T cells,NFIC::TLX1,-0.3600355558806015,0.07291069449683696,-0.3675654057369107,0.3922376556184591,3.0034597236217604e-26,898,8.374912502945307e-26,False,0.0
CD8+ T cells,SREBF1(var.2),-0.33958631707398873,0.046657960935778155,-0.3680041016090494,0.395810750799993,1.2104439988074522e-24,898,3.245497958366436e-24,False,0.0
CD8+ T cells,IRF5,-0.41824977209486536,0.017978687908498596,-0.37574991495195803,0.38686327130695525,9.179982948580018e-29,898,2.705186526580827e-28,False,0.0
CD8+ T cells,HIC2,-0.31902342718327664,0.06629140868164624,-0.37677787926034606,0.390250862909046,3.647428543066765e-27,898,1.0348875094844414e-26,False,0.0
CD8+ T cells,TFEC,-0.3410925872971346,0.07563910666772139,-0.376829558486837,0.39147871321739103,1.3483302307931085e-26,898,3.777939136972934e-26,False,0.0
CD8+ T cells,ZNF449,-0.30810984456620727,0.07211732847514249,-0.3839273737842569,0.39297854139734556,6.529160567545424e-26,898,1.8106225946736661e-25,False,0.0
CD8+ T cells,TEAD4,-0.3614832129892393,0.05942701776395932,-0.384151448765607,0.3879390510003651,2.9912806658857754e-28,898,8.657168507992738e-28,False,0.0
CD8+ T cells,POU5F1,-0.5749359657407888,0.02322213180547926,-0.3846445344743685,0.40178199111501334,4.436906927101484e-22,898,1.1240905088949658e-21,False,0.0
CD8+ T cells,ZBTB6,-0.31394766430027743,0.0631744172583678,-0.38574018747223826,0.386741953376673,8.029441547816354e-29,898,2.3695930344613397e-28,False,0.0
CD8+ T cells,NFIC(var.2),-0.39247126130567844,0.0982447047680742,-0.3906066298608462,0.3854935072336521,2.0074700490188655e-29,898,5.976617967866321e-29,False,0.0
CD8+ T cells,ZNF682,-0.28062851553561763,0.09450945513131985,-0.391260544785476,0.3852783795084423,1.5785267462386722e-29,898,4.706499053265783e-29,False,0.0
CD8+ T cells,SREBF2,-0.35889214860421836,0.052115358706582064,-0.3956054050465067,0.3849148489196779,1.0505078773611102e-29,898,3.148411016150409e-29,False,0.0
CD8+ T cells,ETV4,-0.38107298905442627,0.04981429770093845,-0.39935361560679417,0.39023181881533886,3.5738023577442504e-27,898,1.0147090764514552e-26,False,0.0
CD8+ T cells,ZNF282,-0.3650206861317289,0.05054140755777971,-0.4013126317426719,0.38641947338989946,5.620808908774049e-29,898,1.6624117576681141e-28,False,0.0
CD8+ T cells,NR6A1,-0.3760355963798758,0.06620912797779235,-0.4024824004635854,0.3830248284197691,1.238936219827646e-30,898,3.768974395054629e-30,False,0.0
CD8+ T cells,THRB,-0.36111351662054625,0.08017561037969147,-0.40252304677849293,0.38578001504342335,2.763031689275821e-29,898,8.210174593510265e-29,False,0.0
CD8+ T cells,POU2F1,-0.5242040873220014,0.03586133425374055,-0.4032248844420884,0.3935055690572694,1.1307261636603977e-25,898,3.110073458987063e-25,False,0.0
CD8+ T cells,RELB,-0.383085084605946,0.07034699739181925,-0.4033480087423788,0.3860253311838429,3.6299802014485735e-29,898,1.0767521917200094e-28,False,0.0
CD8+ T cells,GSX1,-0.3575661444330255,0.04899801305850261,-0.40366537855567264,0.38501303180279006,1.172784603712492e-29,898,3.5044952042989235e-29,False,0.0
CD8+ T cells,KLF3,-0.28033104872974146,0.08493794594623644,-0.4083509137077786,0.37903036503154547,1.2078183572326482e-32,898,3.8029829364694906e-32,False,0.0
CD8+ T cells,POU2F3,-0.6148451529414295,0.03824339657699881,-0.40966478166965814,0.39338622607003826,9.987378813460921e-26,898,2.75452860799338e-25,False,0.0
CD8+ T cells,NFIB,-0.3901215067223544,0.10583048974464096,-0.4106535280390845,0.37894600674979106,1.0934851606714935e-32,898,3.448356165297633e-32,False,0.0
CD8+ T cells,BACH2(var.2),-0.3756481421213479,0.07192057339299016,-0.4148527523717834,0.3831670243194487,1.4568397296997863e-30,898,4.4252053651391405e-30,False,0.0
CD8+ T cells,DMRTC2,-0.40215106498102704,0.04423657894981426,-0.4176165676013918,0.3795518910643984,2.2302159847682545e-32,898,6.967918049708384e-32,False,0.0
CD8+ T cells,TP53,-0.38826582899205975,0.05624986394151369,-0.4190823404124985,0.38451901390529186,6.732932898865307e-30,898,2.02538635753227e-29,False,0.0
CD8+ T cells,MAFA,-0.3870322892754411,0.06390384247331209,-0.42283542907892746,0.3780795710197985,3.921991896135842e-33,898,1.2475140889752845e-32,False,0.0
CD8+ T cells,TFAP2C(var.2),-0.3115673953728172,0.05211359169801814,-0.4262868058398822,0.37629789025297894,4.655464912467464e-34,898,1.5044737249076167e-33,False,0.0
CD8+ T cells,CREB3L1,-0.3709931852801392,0.07080847919295398,-0.426335616511421,0.3807814341810729,9.371029813061138e-32,898,2.8898770292412625e-31,False,0.0
CD8+ T cells,RARG(var.3),-0.3792087964649225,0.081362172494585,-0.4268882943056321,0.3770478043429562,1.1458862571784202e-33,898,3.6708280257671325e-33,False,0.0
CD8+ T cells,MAF,-0.3940374769954444,0.060932088256722326,-0.4275476918063027,0.37970269207308643,2.6616443766020045e-32,898,8.283856267485931e-32,False,0.0
CD8+ T cells,ZBTB26,-0.4324099833412504,0.0712729312745869,-0.4293921552778777,0.37659300317175853,6.640231583053972e-34,898,2.137341048928908e-33,False,0.0
CD8+ T cells,NEUROG1,-0.4071428759866957,0.04260911411747298,-0.4310247668085104,0.37866556483653396,7.852757275756712e-33,898,2.4802697843646884e-32,False,0.0
CD8+ T cells,ATOH1(var.2),-0.4518349547907291,0.03469429878011164,-0.4388811594812933,0.37512773649519837,1.12949747645284e-34,898,3.6854409594582184e-34,False,0.0
CD8+ T cells,MYF5,-0.47105909572611643,0.03996733772707459,-0.4408011664637956,0.3761438446949926,3.866495349800003e-34,898,1.2525092222010257e-33,False,0.0
CD8+ T cells,ZNF140,-0.42660192613488945,0.07075455203962168,-0.4419279144149701,0.37259712910992704,5.0483750770995594e-36,898,1.690871321353048e-35,False,0.0
CD8+ T cells,NEUROD2,-0.42291501447603635,0.04032217414963148,-0.442543273607273,0.3719918090647629,2.378663433618569e-36,898,8.000060060200108e-36,False,0.0
CD8+ T cells,ZNF24,-0.3999389808628275,0.05709279522233562,-0.4455855273793842,0.3705058054861661,3.694325599839705e-37,898,1.2603070300970866e-36,False,0.0
CD8+ T cells,POU3F1,-0.5229356374074282,0.042386304521638114,-0.4475937877430391,0.3764103209395312,5.330402143031867e-34,898,1.7184706829248553e-33,False,0.0
CD8+ T cells,OLIG3,-0.4339586422958189,0.03513621189728734,-0.44869726491585127,0.3704864792577374,3.6054177719995263e-37,898,1.2310143717730028e-36,False,0.0
CD8+ T cells,PPARA::RXRA,-0.4178701675015458,0.05824471873733941,-0.4512854773581904,0.37248893044419856,4.414142274858203e-36,898,1.4796702273468344e-35,False,0.0
CD8+ T cells,ATF6,-0.39248006424216775,0.09028872586170314,-0.4525871377645849,0.36739653978692055,7.004784237758603e-39,898,2.4666107072211755e-38,False,0.0
CD8+ T cells,BARX1,-0.4176670217772683,0.055794661893137296,-0.4552540704545002,0.3708069843014598,5.397654241365837e-37,898,1.836745926035843e-36,False,0.0
CD8+ T cells,POU5F1B,-0.6698659813377981,0.041347756675811136,-0.4607373579710705,0.37308776139076616,9.266728746788839e-36,898,3.093497071741555e-35,False,0.0
CD8+ T cells,TFE3,-0.44371242427984936,0.08489237563565762,-0.4651977896459559,0.36656621730129113,2.3914906774160817e-39,898,8.48025528556132e-39,False,0.0
CD8+ T cells,POU6F1(var.2),-0.4262242890017887,0.05323715505929072,-0.4662601816155908,0.36836581362293147,2.4354667130857465e-38,898,8.494739932021491e-38,False,0.0
CD8+ T cells,CREB3L4,-0.4012477574491066,0.0861945814671852,-0.46654799073525205,0.36450070900455533,1.6037875223194262e-40,898,5.809242896422917e-40,False,0.0
CD8+ T cells,POU2F2,-0.6589102814622954,0.03701799339024798,-0.4680079734646312,0.37015017466960615,2.358336655804264e-37,898,8.086296702867841e-37,False,0.0
CD8+ T cells,POU1F1,-0.5699589550361086,0.04420252012232143,-0.4687247244295333,0.37031226106715764,2.8941068872893703e-37,898,9.906562153953292e-37,False,0.0
CD8+ T cells,DMRTA2,-0.4602483723139778,0.053511236107638055,-0.47136396014784965,0.36477663676226707,2.306467016038815e-40,898,8.309853559121145e-40,False,0.0
CD8+ T cells,PPARG,-0.4387922216530869,0.07158356417612763,-0.4757507903407581,0.3628606598679722,1.8224397103816045e-41,898,6.678977416851424e-41,False,0.0
CD8+ T cells,HNF1B,-0.4536014209788294,0.037780162424151616,-0.4791620990969222,0.3664525170084917,2.063161841319527e-39,898,7.32884355573205e-39,False,0.0
CD8+ T cells,MITF,-0.46712801053066877,0.0716081044154691,-0.48016976729940514,0.36493336260010845,2.8342331423493615e-40,898,1.0202230688563627e-39,False,0.0
CD8+ T cells,POU3F2,-0.5773070980673711,0.043982724908037354,-0.48024841268117563,0.365040150592229,3.2610035657815533e-40,898,1.1717602510792332e-39,False,0.0
CD8+ T cells,NR2F1(var.3),-0.4491644380398466,0.07575840288525852,-0.4851976000682851,0.36279054938965793,1.6596880697975706e-41,898,6.088030761922911e-41,False,0.0
CD8+ T cells,RARA(var.2),-0.4936291218535484,0.09513799973703178,-0.4872873850916942,0.3604320441845545,6.9403500843863526e-43,898,2.607303290754613e-42,False,0.0
CD8+ T cells,MYCN,-0.42510122035729425,0.09845459014964923,-0.4875703695190179,0.3572148619543021,8.38134418796022e-45,898,3.2575330052341066e-44,False,0.0
CD8+ T cells,GABPA,-0.5107904440764227,0.06838798850985614,-0.49046634985469284,0.3602393461697108,5.342123635354493e-43,898,2.008757642067312e-42,False,0.0
CD8+ T cells,PPARD,-0.4689783393286215,0.09282692990412525,-0.49349206733296935,0.35735860959495047,1.0231486931948749e-44,898,3.957609572338876e-44,False,0.0
CD8+ T cells,HNF4A(var.2),-0.476601462477836,0.08809594353201732,-0.4939367549925399,0.35735691678662096,1.0207494107400901e-44,898,3.952107287898952e-44,False,0.0
CD8+ T cells,RORA,-0.4928286271613042,0.050765927498712046,-0.4968714167857991,0.36361607558502046,4.978384962660185e-41,898,1.8097525210173502e-40,False,0.0
CD8+ T cells,NEUROG2,-0.4899054745866463,0.04346369357363166,-0.503746064780345,0.35503918004878676,3.996288200656527e-46,898,1.60088931285706e-45,False,0.0
CD8+ T cells,OLIG1,-0.4955592032756605,0.03531494410347938,-0.5074806571921266,0.35586484731151,1.2751269177175632e-45,898,5.048105194799668e-45,False,0.0
CD8+ T cells,XBP1,-0.4606709115646097,0.08827508711302642,-0.5079339988445877,0.3525916613390227,1.2337030995480236e-47,898,5.057307741409628e-47,False,0.0
CD8+ T cells,RORB,-0.5284591464966991,0.07001638129009466,-0.5082121578718334,0.35630568281398917,2.3627825928617686e-45,898,9.281377058950209e-45,False,0.0
CD8+ T cells,PAX5,-0.4469241416208678,0.07996578050976828,-0.5086567211484787,0.3584559725945617,4.659976894478673e-44,898,1.7753546624350953e-43,False,0.0
CD8+ T cells,GSX2,-0.4721468296688804,0.05481968894626036,-0.5087795983587692,0.3572989381013349,9.418680340763903e-45,898,3.6536894207795543e-44,False,0.0
CD8+ T cells,BHLHE22,-0.4976724648204285,0.03803955506802716,-0.5090740146002474,0.35391148756660495,8.106469819124847e-47,898,3.286450589997909e-46,False,0.0
CD8+ T cells,TFEB,-0.5041639381421572,0.0960605199894068,-0.5093293369145063,0.352631019132684,1.3052624699022914e-47,898,5.345234770470315e-47,False,0.0
CD8+ T cells,NR1H2::RXRA,-0.49623990296115406,0.07441707191214245,-0.5106096031679533,0.35113344803050217,1.5114341647425406e-48,898,6.240063908722775e-48,False,0.0
CD8+ T cells,RARA::RXRA,-0.46864709775941094,0.09640248330007085,-0.5143375925322812,0.3525541374210516,1.1691181661474338e-47,898,4.7974159231567115e-47,False,0.0
CD8+ T cells,DBP,-0.7372137779855572,0.14565252440887974,-0.5162443519225364,0.3553170827495496,5.909848342787616e-46,898,2.3581110843115083e-45,False,0.0
CD8+ T cells,RXRG,-0.4856352924654921,0.08773714528271888,-0.5168869184020456,0.35094357136287435,1.1481665217854667e-48,898,4.7499813365480557e-48,False,0.0
CD8+ T cells,OLIG2,-0.49942505975719537,0.04393564235962658,-0.5173033000402675,0.35207225131658165,5.853869182674646e-48,898,2.411889481985908e-47,False,0.0
CD8+ T cells,JUNB(var.2),-0.506045827821205,0.12015155971099575,-0.5178485332812264,0.3542737485491222,1.355112253290407e-46,898,5.460940415152377e-46,False,0.0
CD8+ T cells,RXRB,-0.48614646224320074,0.09501060790844332,-0.5189095165299473,0.350317937617756,4.629911199967456e-49,898,1.931198011862714e-48,False,0.0
CD8+ T cells,HNF4A,-0.5034846355796965,0.08822489737579968,-0.5216327795073514,0.34827090914528414,2.309814101093419e-50,898,9.80640907977332e-50,False,0.0
CD8+ T cells,EWSR1-FLI1,-0.4961015499881893,0.08716942871005617,-0.5294586630894315,0.343278958448891,1.3031381516090008e-53,898,5.787592712854025e-53,False,0.0
CD8+ T cells,IRF7,-0.6263098036618505,0.04293029829710161,-0.5310389480141454,0.34438069453668685,6.933100760407337e-53,898,3.0424431319531548e-52,False,0.0
CD8+ T cells,RARB(var.3),-0.4804513234925002,0.10981284754096934,-0.5347599461883238,0.34337135757021064,1.499918337602869e-53,898,6.646954648347435e-53,False,0.0
CD8+ T cells,CREB3L4(var.2),-0.5180250739254192,0.11551345583168543,-0.5394909297797778,0.3449441175756953,1.6225790212555751e-52,898,7.081936051779997e-52,False,0.0
CD8+ T cells,NRL,-0.5553200266344954,0.07991093214811112,-0.5452904340054084,0.3434969075213167,1.8155185903144796e-53,898,8.027965263838672e-53,False,0.0
CD8+ T cells,TEF,-0.8421763621976746,0.15346644482300908,-0.5453945106831805,0.3495897479013409,1.6011134339711387e-49,898,6.713062128339096e-49,False,0.0
CD8+ T cells,HOXB6,-0.5083354894887709,0.056513100927861985,-0.5469323865076214,0.34405102011451283,4.209558803803355e-53,898,1.8512907521943887e-52,False,0.0
CD8+ T cells,TFAP4,-0.5226315556404759,0.06781942277392354,-0.5500997626868145,0.34323155981566444,1.2123985689335823e-53,898,5.390510560335466e-53,False,0.0
CD8+ T cells,POU3F4,-0.6929592637305808,0.057534720804645174,-0.5568412064019955,0.33752326906116287,1.7376801814342577e-57,898,8.081211510440237e-57,False,0.0
CD8+ T cells,MXI1,-0.556905037523484,0.08289804866690449,-0.559527213202858,0.33910872512911894,2.0951428437169306e-56,898,9.621961345832805e-56,False,0.0
CD8+ T cells,RARA::RXRG,-0.5407395359494878,0.127142193673326,-0.5660554461143911,0.3366511906367386,4.372682098065153e-58,898,2.0643957723187408e-57,False,0.0
CD8+ T cells,EBF1,-0.5716209704510349,0.07341001362927115,-0.5682375521889844,0.3331410114981184,1.572687505282169e-60,898,7.620471432780425e-60,False,0.0
CD8+ T cells,MEF2A,-0.5799607942553201,0.06847763824070247,-0.572386667971413,0.32981379672644723,6.796986860580996e-63,898,3.3909505348841813e-62,False,0.0
CD8+ T cells,NFKB1,-0.6659452332847806,0.08697590049395533,-0.5779886110371134,0.333746049408561,4.184115368106412e-60,898,2.012952530244773e-59,False,0.0
CD8+ T cells,ATOH7,-0.5624482053298019,0.06064000091150897,-0.5780578948236668,0.3368172269203923,5.6895769411698916e-58,898,2.676747477206207e-57,False,0.0
CD8+ T cells,ZNF528,-0.5756967831075839,0.09462952287007961,-0.5830275766179055,0.33165275084174894,1.3957578910169869e-61,898,6.853442265843118e-61,False,0.0
CD8+ T cells,JUN::JUNB(var.2),-0.59491108762241,0.13216964214559712,-0.5851289116712035,0.3310784656159593,5.450709396628816e-62,898,2.6927436164542354e-61,False,0.0
CD8+ T cells,MAFF,-0.5721320067235542,0.07482898012750354,-0.5966660112373596,0.33120006568096316,6.65325897013478e-62,898,3.2748279553729095e-61,False,0.0
CD8+ T cells,ESR2,-0.5815435433429749,0.1046832742092999,-0.6016368115359478,0.32760877280988693,1.73734196282433e-64,898,8.830760780888492e-64,False,0.0
CD8+ T cells,FOSB::JUNB(var.2),-0.6306846029333245,0.14329786113211843,-0.6023953122064305,0.32448130942109904,8.83829675341662e-67,898,4.608215034062325e-66,False,0.0
CD8+ T cells,MEF2C,-0.6262341433823129,0.07003446334753674,-0.605802342349922,0.3204937583335543,9.177054269749428e-70,898,4.89201074774785e-69,False,0.0
CD8+ T cells,CREB3,-0.5556820889634868,0.10976303364787479,-0.6082896140341078,0.32824978289733175,5.068866250127311e-64,898,2.557186140650262e-63,False,0.0
CD8+ T cells,ELF1,-0.6440350839578363,0.09167967870869345,-0.6096373287623408,0.3258711050596348,9.34604199904248e-66,898,4.817081009952341e-65,False,0.0
CD8+ T cells,PRDM4,-0.5765561691882434,0.06733973140995902,-0.6129747193748197,0.32489745813543935,1.7943720028389822e-66,898,9.307729645495542e-66,False,0.0
CD8+ T cells,NR2F1(var.2),-0.6018120883753169,0.10707464647131819,-0.613744169298989,0.32560223066996274,5.930649403193278e-66,898,3.0684664303478267e-65,False,0.0
CD8+ T cells,IRF2,-0.7798003930556648,0.059823550931267955,-0.627329693081304,0.3156119812459408,1.6567820801768485e-73,898,9.207885022521331e-73,False,0.0
CD8+ T cells,ZNF460,-0.3730544359759413,0.06585033707815059,-0.6302147616954171,0.3188280349373068,4.9729562983564414e-71,898,2.6827441577533548e-70,False,0.0
CD8+ T cells,DUXA,-0.6048898539789651,0.08395614601267741,-0.6308280259186227,0.3172839116060632,3.2551595252922173e-72,898,1.7797804647746367e-71,False,0.0
CD8+ T cells,NFYB,-0.5999141589041507,0.13777292325447477,-0.6429714707087929,0.3139671358190907,8.61952405021818e-75,898,4.843693653775383e-74,False,0.0
CD8+ T cells,FOSB::JUN,-0.7093420380995068,0.16254838458644774,-0.6447402941564768,0.3140301929293653,9.658451835338929e-75,898,5.419985593034855e-74,False,0.0
CD8+ T cells,NFKB2,-0.804022934875336,0.10044197531602642,-0.6530796733812249,0.3077742786802641,1.0008340155228795e-79,898,5.963732587342519e-79,False,0.0
CD8+ T cells,ESRRB,-0.6725476345411111,0.12054023690073899,-0.6543510525588122,0.3107876185741701,2.641063186029665e-77,898,1.533104971402586e-76,False,0.0
CD8+ T cells,FOSL2::JUNB(var.2),-0.7232366264615139,0.16897950204928042,-0.658623641626969,0.311292075456367,6.659254823349429e-77,898,3.854555796176221e-76,False,0.0
CD8+ T cells,EBF3,-0.719954731703423,0.09422738891640632,-0.6633821269506693,0.3038902710355416,6.655543695677716e-83,898,4.0493729011597046e-82,False,0.0
CD8+ T cells,ESR1,-0.654444614467097,0.10626625031056824,-0.6644929016277691,0.3124950979092124,5.983635532402898e-76,898,3.4194617745906956e-75,False,0.0
CD8+ T cells,NR1D2,-0.644787678038302,0.09049560974847554,-0.6729726877878259,0.3080327140852374,1.620031233394418e-79,898,9.610918431545183e-79,False,0.0
CD8+ T cells,FOSL1::JUND(var.2),-0.7179960546420711,0.14149561419217502,-0.6775767782698617,0.3036187163660145,3.969020570799319e-83,898,2.4221202457698406e-82,False,0.0
CD8+ T cells,TFAP2A,-0.5968775968624558,0.10730726485591749,-0.6841231717587537,0.30278585466789076,8.094893288655277e-84,898,4.992673513094398e-83,False,0.0
CD8+ T cells,RXRG(var.2),-0.6541973015517412,0.13644245813966577,-0.6847199036030901,0.3093353300948029,1.8176856346816423e-78,898,1.0658487069452064e-77,False,0.0
CD8+ T cells,ATF7,-0.7403579298817834,0.16912202817709276,-0.6857709034460662,0.3032413611758924,1.9328693712364795e-83,898,1.190318032880182e-82,False,0.0
CD8+ T cells,TFAP4(var.2),-0.6891033445656544,0.06939545101835329,-0.6911078886704418,0.30732780048335323,4.34861938528924e-80,898,2.6027387622603944e-79,False,0.0
CD8+ T cells,JDP2(var.2),-0.7746014936844818,0.17377803786651885,-0.6925290585934714,0.3012384867873489,4.146394666475848e-85,898,2.5809712031632743e-84,False,0.0
CD8+ T cells,FOSL2::JUND(var.2),-0.8262327415746117,0.17499202746059134,-0.6971181204930161,0.29767484311898806,4.048975061117216e-88,898,2.5880178668689186e-87,False,0.0
CD8+ T cells,FOSL1::JUN(var.2),-0.7573666494000222,0.16596079900762012,-0.6985453160781784,0.29897195750148264,5.119413332828592e-87,898,3.2414939506454594e-86,False,0.0
CD8+ T cells,PKNOX1,-0.6609356042276473,0.12334619316080248,-0.7114712017120183,0.29820539746293173,1.1452323578656395e-87,898,7.285550503025751e-87,False,0.0
CD8+ T cells,HOXB4,-0.6908541902610377,0.07317886317236733,-0.7129937649226609,0.301733915358455,1.0763697192037597e-84,898,6.679435404752164e-84,False,0.0
CD8+ T cells,NR2C1,-0.7636502949659622,0.14567412397077678,-0.7134420375957435,0.2914523618343948,1.6726549539130824e-93,898,1.1112581188066225e-92,False,0.0
CD8+ T cells,ESRRA,-0.7517497256114385,0.13139627688072572,-0.7289884373322555,0.2899006208656683,7.169619507285355e-95,898,4.810660120477039e-94,False,0.0
CD8+ T cells,ZNF135,-0.7328517491925793,0.13741145346257233,-0.7411770118288264,0.28214995686160105,7.445835895342297e-102,898,5.248406277448595e-101,False,0.0
CD8+ T cells,USF1,-0.8559489833409343,0.15444118179822305,-0.7415244090494746,0.2847903146535696,1.9021208222838865e-99,898,1.3178049395480489e-98,False,0.0
CD8+ T cells,PBX3,-0.7022160420209286,0.13677769481139815,-0.7436073598081101,0.28756595604453894,6.003381122632315e-97,898,4.061819401700726e-96,False,0.0
CD8+ T cells,CREM,-0.8053145468185073,0.16479619879915083,-0.7477214474419936,0.2832801885562771,8.053241031833466e-101,898,5.617829864620381e-100,False,0.0
CD8+ T cells,FOSL2::JUN(var.2),-0.8872402586927794,0.18640935883398765,-0.7522794214186256,0.28339769766781797,1.0307973596097633e-100,898,7.178323781378833e-100,False,0.0
CD8+ T cells,THRB(var.3),-0.804507493776204,0.1492065245538405,-0.7540651997724335,0.28116869229992275,9.328334440879602e-103,898,6.633117952161488e-102,False,0.0
CD8+ T cells,FOS::JUN(var.2),-0.891898560094233,0.17965754692411748,-0.7573266285999922,0.28129508865519354,1.2196381815314563e-102,898,8.642129741639707e-102,False,0.0
CD8+ T cells,RELA,-0.9817619024927604,0.13510176925356351,-0.7612190161628151,0.27665792237119563,5.901601327367198e-107,898,4.341432540095943e-106,False,0.0
CD8+ T cells,NR5A1,-0.8691330943292085,0.1676115799328613,-0.7645512323247973,0.27778237030407915,6.693305873121847e-106,898,4.888288007698735e-105,False,0.0
CD8+ T cells,MAFG,-0.8255556036131062,0.1193863988325753,-0.7818760394317783,0.27671717066272883,6.70924792477366e-107,898,4.926609274706756e-106,False,0.0
CD8+ T cells,HOXC4,-0.778206539228269,0.07724709195632147,-0.791127852136629,0.2812753392246825,1.1696171380241294e-102,898,8.302229720080048e-102,False,0.0
CD8+ T cells,IRF9,-1.1084647746767453,0.10528785706615365,-0.8007358489861126,0.26511480343956084,4.340978203623472e-118,898,3.471066761237266e-117,False,0.0
CD8+ T cells,ETV6,-0.9787970824315435,0.14798261458806614,-0.8025505141931745,0.26682891294056044,2.1192289770238132e-116,898,1.6681712920308071e-115,False,0.0
CD8+ T cells,MEF2D,-0.9618959756532854,0.10729214532068578,-0.8193123612955984,0.2641312818001098,4.6041037150778334e-119,898,3.718204317605771e-118,False,0.0
CD8+ T cells,NR4A2,-0.9562528191120571,0.18152477556906862,-0.8201189260031148,0.26384689000075046,2.402273729074999e-119,898,1.9478155326327545e-118,False,0.0
CD8+ T cells,HLF,-2.211106925965534,0.30437413632192356,-0.8291787413412883,0.27507176096643554,1.880283938870529e-108,898,1.3958951957192952e-107,False,0.0
CD8+ T cells,HOXA4,-0.8616626786808611,0.09201962926210018,-0.8379841784165207,0.26666908362078157,1.4765526939848753e-116,898,1.1645481871077594e-115,False,0.0
CD8+ T cells,RARA,-0.9258380853915132,0.13353008396650884,-0.8391111226571719,0.2615174446719704,1.1316705944444365e-121,898,9.30638053886624e-121,False,0.0
CD8+ T cells,IRF4,-1.1851234378384528,0.11438998938785692,-0.8523351837308528,0.2525332876651264,7.348888211275311e-131,898,6.463826457134762e-130,False,0.0
CD8+ T cells,NR1D1,-0.9163716360062286,0.15107979782146777,-0.8602160730917514,0.2579911838542199,3.0761582576643437e-125,898,2.587554326509342e-124,False,0.0
CD8+ T cells,CEBPG(var.2),-3.050039850269203,0.4131970032479191,-0.866776297148367,0.26740884086078176,7.84661691700299e-116,898,6.128844024361795e-115,False,0.0
CD8+ T cells,MEF2B,-1.0932155788728326,0.1284641378225754,-0.8743686605547655,0.2491114166943629,1.8961534095581387e-134,898,1.6861179549609294e-133,False,0.0
CD8+ T cells,ELF3,-1.247450743889969,0.18325438675016342,-0.8744481661090334,0.24599509762707772,9.272770977676797e-138,898,8.507399404916172e-137,False,0.0
CD8+ T cells,JUND(var.2),-1.1970783937384442,0.21949957483067986,-0.8746623375995329,0.24750226130979353,3.745001715848876e-136,898,3.382204674626016e-135,False,0.0
CD8+ T cells,REL,-1.1161041991202132,0.1651854361050541,-0.8767726899381095,0.24719275952021297,1.7554217554777295e-136,898,1.5924745342293484e-135,False,0.0
CD8+ T cells,CEBPB,-2.9544441966583928,0.4702809129830768,-0.8792955182158417,0.25641856491609594,7.602920517207879e-127,898,6.503470700343146e-126,False,0.0
CD8+ T cells,IKZF1,-1.297054246755907,0.1740572042222304,-0.8813409021812012,0.24266054735264528,2.3965579203357007e-141,898,2.2708368491049754e-140,False,0.0
CD8+ T cells,NR1H4,-1.062566809054207,0.16405283566667664,-0.8852459086225413,0.2463333771582601,2.130867321728624e-137,898,1.9417768431788318e-136,False,0.0
CD8+ T cells,CREB1,-1.2335994701474224,0.24080788788026886,-0.8860535598807331,0.24218331647108146,7.283208381929895e-142,898,6.917338289504309e-141,False,0.0
CD8+ T cells,IRF8,-1.2727811388764396,0.12897156746467778,-0.9153742636723139,0.2374416192727357,4.6875244129537546e-147,898,4.570053921641179e-146,False,0.0
CD8+ T cells,NR2C2(var.2),-1.1640604608822338,0.1722647079537971,-0.9169890934789839,0.23834148796723625,4.606843736006106e-146,898,4.459160228679594e-145,False,0.0
CD8+ T cells,NR2F1,-1.2904479137490523,0.22708060556174217,-0.9427817806202856,0.2280705144952356,1.3605174476745156e-157,898,1.4223911093775427e-156,False,0.0
CD8+ T cells,JUN,-1.6407927500292054,0.3022374353765751,-0.945224744758143,0.22833304085367195,2.7159097776822593e-157,898,2.824825439717846e-156,False,0.0
CD8+ T cells,NR2F2,-1.127293516509039,0.18128518987457576,-0.9494122396748836,0.2280195891779892,1.1896936304762294e-157,898,1.25025985166411e-156,False,0.0
CD8+ T cells,IRF3,-1.2030049560569749,0.12170987623352592,-0.9559075670026812,0.22712620958208513,1.125787354372548e-158,898,1.1861811551539919e-157,False,0.0
CD8+ T cells,ELF5,-1.4456972593879367,0.2240841845344975,-0.956239898246759,0.22247225628215278,4.602582596341898e-164,898,5.046625795338569e-163,False,0.0
CD8+ T cells,ATF2,-1.3865430277330972,0.2510232561904767,-0.96064679684794,0.2237889790277976,1.573085230985661e-162,898,1.6972540918847958e-161,False,0.0
CD8+ T cells,ZKSCAN5,-1.1671900082864106,0.1853063481574744,-1.0184402341314536,0.2093807819984505,1.0423091871005802e-179,898,1.262629632038607e-178,False,0.0
CD8+ T cells,EHF,-2.0312189789611805,0.29583145216344514,-1.063206399831163,0.1949624281191263,9.01696198714967e-198,898,1.220154789297912e-196,False,0.0
CD8+ T cells,SPIC,-3.8131115178768,0.5021518576864398,-1.1013937497281123,0.19947065883535917,4.972795664828723e-192,898,6.448695916633657e-191,False,0.0
CD8+ T cells,MAF::NFE2,-3.141745258292613,0.4601374252444474,-1.1396697654903993,0.16098155798178876,8.578440303478475e-244,898,1.5025268167910785e-242,False,0.0
CD8+ T cells,IRF1,-1.6976304893513186,0.18927124844123422,-1.1487753652082746,0.17990334628707885,1.438604093168252e-217,898,2.1964498720599047e-216,False,0.0
CD8+ T cells,MAFK,-2.4315475687840795,0.3865901506196866,-1.1641729199383393,0.16388218505442095,1.1247270872162844e-239,898,1.9282397435919857e-238,False,0.0
CD8+ T cells,FOS,-4.0062745835607005,0.6283894142729072,-1.1775270669962288,0.16142747190925644,3.7043420072097144e-243,898,6.4325183524336935e-242,False,0.0
CD8+ T cells,STAT1::STAT2,-1.8831904565758766,0.20997317898729173,-1.1851437790608919,0.16416361443920363,2.8098030861815482e-239,898,4.776665246508632e-238,False,0.0
Dendritic cells,ZKSCAN5,1.6218741713472855,-0.01909371173573361,1.2140226210119542,0.7954189043231774,1.452645345835098e-79,355,8.63054782562233e-79,True,1.2140226210119542
Dendritic cells,BHLHA15(var.2),1.2149496680558405,-0.07515405354941447,1.1383273718165032,0.6589101993733171,2.9994630549633105e-24,355,7.989353206307803e-24,True,1.1383273718165032
Dendritic cells,STAT1::STAT2,1.9709417779583454,-0.08691016786235216,1.1231325377166326,0.7905396584795009,5.0935030033303714e-77,355,2.9524803941940807e-76,True,1.1231325377166326
Dendritic cells,MYF5,1.1792658265173857,-0.06236200928744792,1.0855561279310253,0.6732080523916284,1.680563828152481e-28,355,4.90588834682896e-28,True,1.0855561279310253
Dendritic cells,BHLHE22(var.2),1.0913705802950906,-0.0728033652373791,1.0676287599262866,0.6511115525677473,4.410158068381839e-22,355,1.1187147049951672e-21,True,1.0676287599262866
Dendritic cells,IRF1,1.687955458961498,-0.07462239328833885,1.0342909827671154,0.7770117206736925,3.486367340150206e-70,355,1.8658521505618694e-69,True,1.0342909827671154
Dendritic cells,MYOG,1.1237076290617667,-0.08776013997592748,0.9998477795066857,0.6164192932872808,9.83397577328383e-14,355,2.0024290880073668e-13,True,0.9998477795066857
Dendritic cells,ATOH1(var.2),1.025641389667299,-0.05878555033350278,0.9878622954152099,0.655503007376963,2.7360768628096255e-23,355,7.188420121381652e-23,True,0.9878622954152099
Dendritic cells,TAL1::TCF3,0.9849543133167122,-0.04978093729479072,0.9814792502861113,0.6732207396327712,1.6654151969181278e-28,355,4.865176813524004e-28,True,0.9814792502861113
Dendritic cells,EHF,2.1345276068616035,-0.029216363655894074,0.957585094662459,0.7501151033258935,1.4814081916036537e-57,355,6.905273667313806e-57,True,0.957585094662459
Dendritic cells,ZBTB18,0.9513575690843479,-0.04822478469347045,0.951255636691561,0.6708135025633235,9.17454005459483e-28,355,2.632637522048984e-27,True,0.951255636691561
Dendritic cells,ASCL1,1.0545616218398686,-0.10229387063711497,0.9505685104065996,0.6238012643837423,2.471132223305348e-15,355,5.2622110397333885e-15,True,0.9505685104065996
Dendritic cells,SPIC,3.6220991243498957,-0.08842391461666749,0.9127696799470713,0.7507651574970744,7.595492567825302e-58,355,3.5568707094237465e-57,True,0.9127696799470713
Dendritic cells,ELF3,1.4348098404189944,-0.02168521184735676,0.873164417598817,0.7205294586053718,3.83728537606123e-45,355,1.5029677281262087e-44,True,0.873164417598817
Dendritic cells,ETV6,1.2158406870558167,-0.01687904046108142,0.8654602586575163,0.7211184136942075,2.2490767698696077e-45,355,8.84330865975941e-45,True,0.8654602586575163
Dendritic cells,IKZF1,1.3840724742344361,-0.03343521059733747,0.8314176632060143,0.7246875349525147,8.567104788224873e-47,355,3.4662505973157834e-46,True,0.8314176632060143
Dendritic cells,ELF5,1.4755676974592415,-0.006298698448865705,0.8258320994498379,0.722988112388924,4.086701880378511e-46,355,1.635489199605485e-45,True,0.8258320994498379
Dendritic cells,IRF3,1.08752415086075,-0.05992553764457467,0.8052654944266289,0.7216552843194046,1.3802868338593522e-45,355,5.459081651803459e-45,True,0.8052654944266289
Dendritic cells,TFAP4,0.8310101701758381,-0.027138227332015496,0.7983124805257983,0.6658264151699339,2.919977048773268e-26,355,8.153365865656757e-26,True,0.7983124805257983
Dendritic cells,NHLH1,0.8744601571523772,-0.0957752444154938,0.7794650183418191,0.6010032936745756,1.0643952741352583e-10,355,1.9709580224948534e-10,True,0.7794650183418191
Dendritic cells,TWIST1,0.7522680026846468,-0.028155757557128427,0.7456799396505255,0.6406111911483122,2.476980231201073e-19,355,5.916093279480248e-19,True,0.7456799396505255
Dendritic cells,NEUROD1,0.6996272218884552,-0.04162134545759562,0.7334831445656133,0.656636178335868,1.3185210552901082e-23,355,3.477663748177169e-23,True,0.7334831445656133
Dendritic cells,NEUROG2(var.2),0.6822318866449655,-0.040793771065778715,0.7220963492471769,0.6537511664749669,8.371811003262225e-23,355,2.164367240843384e-22,True,0.7220963492471769
Dendritic cells,HAND2,0.7104502384713504,-0.03310169758044563,0.7171046774829422,0.6425102708225172,8.146999030677156e-20,355,1.9667516753054755e-19,True,0.7171046774829422
Dendritic cells,NEUROG2,0.6921446338020074,-0.04060022094444388,0.6904227012091906,0.6779647661958476,5.385251890610571e-30,355,1.6236012778994315e-29,True,0.6904227012091906
Dendritic cells,ELF1,0.8220153747448704,-0.017356830591696057,0.6902563955704678,0.6742981535056016,7.700821785767538e-29,355,2.2742718938113473e-28,True,0.6902563955704678
Dendritic cells,ATOH7,0.6597852466472144,-0.030888951493477694,0.6360891371408319,0.6603922694636469,1.1299280785270348e-24,355,3.0356500701994574e-24,True,0.6360891371408319
Dendritic cells,OSR2,0.5751160268795145,-0.01990799858499446,0.5958291221327863,0.6552288961933268,3.26197500943033e-23,355,8.547895652950203e-23,True,0.5958291221327863
Dendritic cells,FERD3L,0.5508023937819011,-0.041295456026870334,0.5869327876188667,0.6019341365247309,7.171664138420024e-11,355,1.334094395588387e-10,True,0.5869327876188667
Dendritic cells,PRDM4,0.5873251927074256,-0.023073135426331895,0.5749721368255014,0.660376243474835,1.1419739666539496e-24,355,3.0659765554624285e-24,True,0.5749721368255014
Dendritic cells,ETV4,0.5905059010849139,-0.01879804112893356,0.5640734479808243,0.641497628654468,1.4767069532211553e-19,355,3.5374519435954966e-19,True,0.5640734479808243
Dendritic cells,EWSR1-FLI1,0.6114660042954275,0.003027835347032281,0.5485073260307274,0.6562241768734965,1.720358779968529e-23,355,4.528673795545002e-23,True,0.5485073260307274
Dendritic cells,MYF6,0.5481324775311383,-0.04945806922920843,0.5480012354821187,0.6079809424283046,5.069463784650053e-12,355,9.832718347408492e-12,True,0.5480012354821187
Dendritic cells,GABPA,0.6267399023842505,-0.016750942613516055,0.5420742538514345,0.6378710809362517,1.201058771746095e-18,355,2.8203620374258275e-18,True,0.5420742538514345
Dendritic cells,MSC,0.5661505897314157,-0.05216164973394124,0.5292135874702142,0.5740452433696644,2.201587857078116e-06,355,3.449893288047272e-06,False,0.0
Dendritic cells,ZNF263,0.4121789070882575,-0.006583096130803061,0.5103680520635839,0.6398452824330122,3.862760254203714e-19,355,9.166409377424181e-19,True,0.5103680520635839
Dendritic cells,ZNF148,0.24679595336626908,-0.024722411387192198,0.5067512457393692,0.6290978536860609,1.535628740109822e-16,355,3.395166056002372e-16,True,0.5067512457393692
Dendritic cells,RBPJ,0.4845397470460822,-0.004015033949529716,0.5003116601318466,0.6436831728786849,4.069804059083276e-20,355,9.877880757679025e-20,True,0.5003116601318466
Dendritic cells,IRF2,0.6198740883665849,-0.05310761446991775,0.49633759665688787,0.6440407527540495,3.290021054885033e-20,355,8.009281099918679e-20,False,0.0
Dendritic cells,TCF21(var.2),0.4892282076899928,-0.02809263565223005,0.4898662884225854,0.639366172142491,5.094354082888069e-19,355,1.2053658841733993e-18,False,0.0
Dendritic cells,EBF3,0.5757553124407266,-0.01269189011260158,0.4720891487371204,0.6389131040837892,6.612671989088172e-19,355,1.558233597428698e-18,False,0.0
Dendritic cells,RELB,0.5308755074468005,0.00270806996459263,0.4683395933209765,0.6282528166510024,2.4103798823638152e-16,355,5.300215763067389e-16,False,0.0
Dendritic cells,ZBTB26,0.5490772353435958,-0.0024413967175335514,0.4682227623896503,0.6351035929933041,5.7370632174516444e-18,355,1.318123667110128e-17,False,0.0
Dendritic cells,ZNF528,0.5452837011976206,0.004320733481171503,0.46528329784294625,0.6337276950788528,1.2340404269668804e-17,355,2.8097510227957223e-17,False,0.0
Dendritic cells,IRF5,0.48416137101965473,-0.048067064087172845,0.45734293432611817,0.6205643485185142,1.2768248237639274e-14,355,2.6739302468679348e-14,False,0.0
Dendritic cells,PRDM1,0.4414763427544362,-0.01888689203409959,0.4573380937173162,0.6302674169945595,8.188974381875788e-17,355,1.821472806435923e-16,False,0.0
Dendritic cells,NHLH2,0.468818627954152,-0.0878442667646233,0.4470871909610257,0.5596325374315348,0.00013755596750299103,355,0.00019799055301213152,False,0.0
Dendritic cells,TFAP2C,0.38504625000706555,-0.01809888883917217,0.4409220014196643,0.6193356893762718,2.3553915667546505e-14,355,4.889643036987848e-14,False,0.0
Dendritic cells,E2F6,0.280920989809364,-0.01982078414359101,0.43644359188896326,0.6194044675782561,2.2763887184129384e-14,355,4.73292330662834e-14,False,0.0
Dendritic cells,TFAP2A,0.4716076709848789,0.017028178687981125,0.4340195839191283,0.6259096835368022,8.288231081601333e-16,355,1.7903995171467695e-15,False,0.0
Dendritic cells,BHLHE22,0.4238996502297125,-0.0352151240409252,0.43275254884839814,0.6221455794146173,5.754470478135402e-15,355,1.2151663650592817e-14,False,0.0
Dendritic cells,ZNF16,0.41016388854994296,-0.005214554929978841,0.4288039277583652,0.617675997909944,5.3345714849075854e-14,355,1.0961745164010202e-13,False,0.0
Dendritic cells,EBF1,0.4746546660902778,-0.01212746122290069,0.4240862778959466,0.6244810334091786,1.740943523141245e-15,355,3.717075195055133e-15,False,0.0
Dendritic cells,MXI1,0.48170093746596737,-0.0019802489415625198,0.4184608377017814,0.6257614431402925,8.955152010452542e-16,355,1.9303433689020235e-15,False,0.0
Dendritic cells,OLIG1,0.39577464647912397,-0.036356050170530625,0.40961938628437194,0.6117213414420385,9.14783053459702e-13,355,1.8098837331530337e-12,False,0.0
Dendritic cells,TFAP2B,0.3488520225950607,-0.019394584920796525,0.40290475910457696,0.6123510292524377,6.819124091766658e-13,355,1.3571163834376733e-12,False,0.0
Dendritic cells,MAZ,0.2688053826670908,-0.027111564573819972,0.4028439917721126,0.6104102152323685,1.6778932562818865e-12,355,3.293913689915824e-12,False,0.0
Dendritic cells,NEUROD2,0.3980186538799936,-0.024033550123229358,0.40086710255849867,0.6117276850626099,9.120868461652262e-13,355,1.8054321817928108e-12,False,0.0
Dendritic cells,IRF4,0.5600915819532016,-0.042678532955384416,0.38389256111544934,0.6125960933313523,6.079752697829442e-13,355,1.2111609756483468e-12,False,0.0
Dendritic cells,IRF8,0.565449226234886,-0.03859077687071964,0.38118251663670977,0.6071312311465092,7.421616622736122e-12,355,1.435366197685963e-11,False,0.0
Dendritic cells,ZNF75D,0.3664720031453116,-0.0051661981732099,0.3807801417347163,0.6073121912701764,6.8446328719477824e-12,355,1.3256766203877802e-11,False,0.0
Dendritic cells,ZNF684,0.3801217481094155,0.010148845860030753,0.37147826891037816,0.6073752936011232,6.653960482054665e-12,355,1.2893641815322402e-11,False,0.0
Dendritic cells,TFAP4(var.2),0.38492936807038336,-0.024612663120310616,0.36618787914662837,0.6032355803661604,4.105237980842748e-11,355,7.721893477680036e-11,False,0.0
Dendritic cells,IRF9,0.5269251428063869,-0.04164009122623751,0.36546927706878896,0.605894892884628,1.2856126521788544e-11,355,2.4663768566693433e-11,False,0.0
Dendritic cells,ATF2,0.6786472182140096,0.0587344059496655,0.3500090710833324,0.6106185530869226,1.5244143684133052e-12,355,2.9984348734079885e-12,False,0.0
Dendritic cells,OLIG2,0.34421840137473114,-0.02653233084782495,0.34954173518919035,0.5969383683874016,5.732176882011947e-10,355,1.0404839688030657e-09,False,0.0
Dendritic cells,TFAP2A(var.2),0.27280722121848033,-0.018452004937277198,0.34612987343050045,0.6036355623369231,3.453699018150522e-11,355,6.511494048199913e-11,False,0.0
Dendritic cells,FOSB::JUNB(var.2),0.4943944188902686,0.046145374379135386,0.3439958281307218,0.6063536368143673,1.0492614475857334e-11,355,2.016775209943885e-11,False,0.0
Dendritic cells,MEF2D,0.43830624210573005,-0.020435831091938764,0.34195639445509507,0.6063179122143075,1.0660252397973337e-11,355,2.0470517893782687e-11,False,0.0
Dendritic cells,OLIG3,0.33187229219440695,-0.02727797413695325,0.34117152354885794,0.5913680017762137,5.1736054041517465e-09,355,9.073431931165136e-09,False,0.0
Dendritic cells,KLF5,0.1902061478491265,-0.006789487444506819,0.34106029296769474,0.5889113512412629,1.3125208044702783e-08,355,2.2801456311235493e-08,False,0.0
Dendritic cells,MZF1(var.2),0.3021545184786921,-0.002737624684945166,0.3207188141577354,0.5939969316908921,1.8601928505952822e-09,355,3.3214211268793083e-09,False,0.0
Dendritic cells,ZNF282,0.3223899400808735,-0.005127786371208774,0.314578136068259,0.5861822588965105,3.589443998284663e-08,355,6.122635083077465e-08,False,0.0
Dendritic cells,CREM,0.4635203085686224,0.04897226748081241,0.31221394423449766,0.5945084278338039,1.5196178871784202e-09,355,2.7241355655843544e-09,False,0.0
Dendritic cells,MYOD1,0.3829926467627503,-0.08811727318292259,0.30968623456414096,0.5358533087824088,0.021892583295653193,355,0.027330265971679365,False,0.0
Dendritic cells,SRF,0.3083522055498505,-0.01731294091658119,0.3073841364802368,0.5899633906318079,8.835690955180811e-09,355,1.5382618590646113e-08,False,0.0
Dendritic cells,MEF2C,0.34237576740166903,-0.015532725437887267,0.306850984737195,0.5976622088820704,4.267870661053794e-10,355,7.771289241504793e-10,False,0.0
Dendritic cells,MYCN,0.3617360985395759,0.0316514547563035,0.30464575013317796,0.5914895321913703,4.937657272538153e-09,355,8.670903352729759e-09,False,0.0
Dendritic cells,FOSL2::JUND(var.2),0.49966108293153383,0.05476477164859615,0.30362521872929105,0.5972174876925415,5.117143194934898e-10,355,9.296794506828288e-10,False,0.0
Dendritic cells,TFAP2B(var.2),0.2605754645143324,-0.013908622688095682,0.3033260219502818,0.5921238942485063,3.866239066126996e-09,355,6.813067622626231e-09,False,0.0
Dendritic cells,MEF2B,0.4201246571760726,-0.013838560999632347,0.300768553788854,0.5917452802628262,4.4748283396374025e-09,355,7.871806722683884e-09,False,0.0
Dendritic cells,VAX1,0.2860129953845627,-0.02540978041750416,0.2999867733881525,0.5889160254879997,1.3102278384927732e-08,355,2.2771399632911344e-08,False,0.0
Dendritic cells,FOSL2::JUN(var.2),0.49488741558418353,0.059154758065307615,0.29819087431240143,0.5938607107859912,1.962775240584063e-09,355,3.499950913795998e-09,False,0.0
Dendritic cells,DLX6,0.29669267337054805,-0.005917036833883104,0.2970409946525747,0.5868947476491043,2.768217106890114e-08,355,4.743840073899789e-08,False,0.0
Dendritic cells,ZNF341,0.2871395744020683,-5.719483838418499e-06,0.29593000696777144,0.5813317262827886,1.9946778312954964e-07,355,3.2900393417943654e-07,False,0.0
Dendritic cells,FOSL1::JUN(var.2),0.4545583575427023,0.055542382277738084,0.2958395620437251,0.5915162421727235,4.8872218287267905e-09,355,8.593524345514382e-09,False,0.0
Dendritic cells,FOSL2::JUNB(var.2),0.4687621612239485,0.06140181716013753,0.2953971767020306,0.5887317266166634,1.4036512625374219e-08,355,2.4353229023269335e-08,False,0.0
Dendritic cells,POU4F2,0.26229865108353045,-0.027054234981012084,0.29263831075508706,0.5760945666889806,1.144559094591368e-06,355,1.82318350264436e-06,False,0.0
Dendritic cells,SIX2,0.26705798173066125,-0.015450539422969835,0.2916496874797846,0.5807360936986146,2.4464945706978127e-07,355,4.0172552893844767e-07,False,0.0
Dendritic cells,RFX3,0.2887000063808403,-0.016122673816767054,0.2887161522876386,0.5814963265428771,1.884782124441508e-07,355,3.115126011229715e-07,False,0.0
Dendritic cells,XBP1,0.330545240183724,0.019653608962900547,0.2847666254812933,0.5832491690691738,1.023945664562658e-07,355,1.7161906208867083e-07,False,0.0
Dendritic cells,ZNF449,0.30459920397140444,0.021865453733847705,0.28401750290446254,0.5803694992045434,2.7721426480602574e-07,355,4.5372528940339e-07,False,0.0
Dendritic cells,BHLHE23,0.2725083096365586,-0.019337836845695077,0.28221829119779734,0.5794029317543282,3.844148220330273e-07,355,6.251376084990468e-07,False,0.0
Dendritic cells,JDP2(var.2),0.45314673479752976,0.06108149801309836,0.2806256318445498,0.5849826468589897,5.53367962110368e-08,355,9.379668096768114e-08,False,0.0
Dendritic cells,TFAP2E,0.2230064374225889,-0.02088417621617863,0.27998577791358403,0.5784240109377373,5.332892465697687e-07,355,8.606654533790522e-07,False,0.0
Dendritic cells,TFAP2C(var.2),0.2449333134025981,0.005291673054574171,0.2790024243141836,0.5772734784909528,7.797293676766496e-07,355,1.251898818103065e-06,False,0.0
Dendritic cells,FOSB::JUN,0.43897232520808344,0.058116939938745275,0.2768223117741438,0.5883945131020806,1.5916159194188315e-08,355,2.7484754630681147e-08,False,0.0
Dendritic cells,CREB3L4(var.2),0.3651040811884522,0.037580272031338124,0.27565848441510055,0.5803838558195207,2.758636914926975e-07,355,4.516974891863432e-07,False,0.0
Dendritic cells,ATF7,0.43112245110450126,0.061296598228520335,0.2734265483180606,0.5841232532089539,7.519006140112893e-08,355,1.2696952772494475e-07,False,0.0
Dendritic cells,IRF6,0.26336953354167625,-0.024653873243139897,0.2734148395443101,0.5813320601575555,1.9944487730983565e-07,355,3.2900393417943654e-07,False,0.0
Dendritic cells,ZNF24,0.2811588700193862,-0.0009797413993818094,0.2729948020791044,0.5761726933844384,1.1160023364450453e-06,355,1.779095923268973e-06,False,0.0
Dendritic cells,FOS::JUN(var.2),0.44886673244297254,0.05427807021892952,0.2722086907621345,0.5884566138087265,1.5552558523116545e-08,355,2.6879817080106597e-08,False,0.0
Dendritic cells,HNF1B,0.2519764804726616,-0.023533142637256473,0.26623822222370264,0.5768581382809123,8.931895980869575e-07,355,1.4289620853538277e-06,False,0.0
Dendritic cells,BCL6,0.2588160113428394,-0.011021813109335669,0.2648480222975135,0.5722970750901044,3.7966675895277715e-06,355,5.905927361487645e-06,False,0.0
Dendritic cells,STAT3,0.277184167378689,0.0007186647131775306,0.26013829044243125,0.5705949815283785,6.379883603249786e-06,355,9.848534551220387e-06,False,0.0
Dendritic cells,JUNB(var.2),0.36011480292474096,0.043404824456190615,0.2590840242288979,0.5797431501418133,3.427730677682365e-07,355,5.587670556769882e-07,False,0.0
Dendritic cells,CREB3,0.31100143834976274,0.030468337218555335,0.25250525543671437,0.5693072265523924,9.377041001080772e-06,355,1.432220003411582e-05,False,0.0
Dendritic cells,RFX5,0.2617085024980234,-0.011028541620272135,0.2515241430951753,0.574542382897599,1.8813881708800583e-06,355,2.9630582091789475e-06,False,0.0
Dendritic cells,NEUROG1,0.2497977544085072,-0.013978447150378423,0.2509717828983573,0.5758638592250432,1.2330499352604464e-06,355,1.9610534740816694e-06,False,0.0
Dendritic cells,REL,0.3969004763244818,0.01906039975206263,0.2501945575186122,0.5741043392034082,2.1609478158995497e-06,355,3.388835218267278e-06,False,0.0
Dendritic cells,FOSL1::JUND(var.2),0.36162291103459615,0.04075261205963839,0.24808834142638014,0.5820428795363147,1.5602857768236138e-07,355,2.592573409867902e-07,False,0.0
Dendritic cells,RFX1,0.24925773619204053,-0.0064706888800167865,0.24381000608210576,0.5747226752717324,1.7767223865757789e-06,355,2.8025804195265503e-06,False,0.0
Dendritic cells,CREB1,0.48920633783944384,0.07342620514418115,0.24159985597857564,0.5787318434728318,4.813219106998496e-07,355,7.792830935140421e-07,False,0.0
Dendritic cells,SMAD5,0.22567511690897302,-0.01846638751376928,0.2392662498970891,0.5729935378538864,3.0601452055226855e-06,355,4.7767544373243776e-06,False,0.0
Dendritic cells,PAX3(var.2),0.2238111587321414,-0.017854052547358442,0.2389468128003378,0.5687065858467147,1.1197210963680152e-05,355,1.6986844979021333e-05,False,0.0
Dendritic cells,POU3F4,0.29297422760291975,-0.032251295910540295,0.23820775044501213,0.586292437569592,3.448553576697956e-08,355,5.8897626725706756e-08,False,0.0
Dendritic cells,POU2F2,0.3061738389448044,-0.04837893869336593,0.23633046907452715,0.5880502882173926,1.8086289448799994e-08,355,3.113920302546586e-08,False,0.0
Dendritic cells,ASCL1(var.2),0.27980241465155137,-0.14965366787308043,0.23373606639944236,0.5332440774789784,0.03355255004727023,355,0.04112499772531213,False,0.0
Dendritic cells,ATF6,0.2805388483672911,0.030899705237931063,0.23210607892504237,0.564822286808441,3.408202005219916e-05,355,5.0715650287310705e-05,False,0.0
Dendritic cells,RELA,0.3557686978983245,0.006942430993863375,0.2319131439287117,0.5696611338053209,8.440774835349332e-06,355,1.2926334210379787e-05,False,0.0
Dendritic cells,ZNF140,0.2635828438855141,0.009704396651924189,0.22380769707206025,0.5745393780246967,1.8831818135410766e-06,355,2.9647290340806213e-06,False,0.0
Dendritic cells,BCL6B,0.22126974103065006,-0.004442275053673535,0.22127060773013554,0.5601196607164619,0.00012121011739792042,355,0.000175148619639995,False,0.0
Dendritic cells,DRGX,0.20877438598173337,-0.01606335433829502,0.21963526579310091,0.564358200882431,3.8776483661248214e-05,355,5.744769421216048e-05,False,0.0
Dendritic cells,CREB3L1,0.24527125268423725,0.016444110426064838,0.21920238274519993,0.5604909294572699,0.00011000089476171758,355,0.00015940674076142885,False,0.0
Dendritic cells,DMRTC2,0.2245210118796032,-0.010860858283796276,0.21867256188907708,0.5671554036796338,1.758884632850413e-05,355,2.652421626728577e-05,False,0.0
Dendritic cells,MEF2A,0.24320242373398399,-0.00789133310355982,0.21858925481416472,0.5662502691865309,2.2792342601079923e-05,355,3.4192739400804365e-05,False,0.0
Dendritic cells,ZNF682,0.2570153873191038,0.04774360191506145,0.2169469125722113,0.5621753276563494,7.035200194703422e-05,355,0.00010294546107692603,False,0.0
Dendritic cells,VSX1,0.20392310991964507,-0.019215655355776566,0.21532178902072452,0.5648302998028469,3.400591526081738e-05,355,5.0621020288913584e-05,False,0.0
Dendritic cells,HOXB6,0.21348137765704217,-0.010211774316063245,0.21387544753813267,0.5614524887859813,8.534298941935019e-05,355,0.00012443161628493364,False,0.0
Dendritic cells,LHX2,0.2057274311952764,-0.007905182266792588,0.21206379423616306,0.559573775472558,0.00013966252828066867,355,0.00020087969762658565,False,0.0
Dendritic cells,MZF1,0.22766163471106873,0.0023910710340735173,0.21195318183847522,0.5608481754578675,0.00010014415997221902,355,0.00014553996812054532,False,0.0
Dendritic cells,MSGN1,0.21585996519791772,-0.0030694120734628162,0.2114976758424363,0.5597296949887067,0.00013413848520340803,355,0.00019327788858012425,False,0.0
Dendritic cells,ELF4,0.19664930283381574,-0.020137417438169516,0.21052801023405385,0.5581574787113102,0.00020063471297523676,355,0.00028543180333959493,False,0.0
Dendritic cells,CREB3L4,0.24704756006691164,0.027545058206579074,0.20820167387434474,0.5577231076395555,0.00022386210079577775,355,0.00031769416338818545,False,0.0
Dendritic cells,PAX7,0.2004899243075345,-0.007361366523577076,0.20349732398764758,0.5655477966769444,2.7808679310527455e-05,355,4.154871362274523e-05,False,0.0
Dendritic cells,GSX1,0.20535796970978598,-0.0008541142425046852,0.20339150635496184,0.5610518390656849,9.490435212644803e-05,355,0.00013812338442575854,False,0.0
Dendritic cells,JUN,0.5169253115568377,0.08639586816804375,0.2015095226042084,0.578240045941168,5.668853106414838e-07,355,9.137920186675073e-07,False,0.0
Dendritic cells,DMRTA2,0.21229270590068192,-0.007852228410453879,0.20010632566082345,0.5576256162076166,0.00022941125478552647,355,0.0003251131127363363,False,0.0
Dendritic cells,SOX14,0.20115973792694403,-0.0008344369414693908,0.19939864689059447,0.5615296138571383,8.361013979199e-05,355,0.00012194903590425074,False,0.0
Dendritic cells,MEOX1,0.1833381408643623,-0.017711147926679698,0.19912417491997106,0.5524315264587406,0.0008019111545505802,355,0.001106216342076934,False,0.0
Dendritic cells,PKNOX2,0.18891633528055105,-0.033596651241709505,0.19847369876324666,0.5368599412046535,0.018443886537580573,355,0.023167949373191866,False,0.0
Dendritic cells,FOS,0.9501270657432158,0.12155699323147948,0.1984336197142708,0.5664369051812356,2.1612009329828816e-05,355,3.2458125370633776e-05,False,0.0
Dendritic cells,JUND(var.2),0.39283217179775415,0.06143153077492686,0.19795002235996184,0.5702884844923518,6.996437626322158e-06,355,1.0767435008025658e-05,False,0.0
Dendritic cells,EVX1,0.19530963649882688,-0.008082338580603457,0.1977694222976905,0.558792842392747,0.0001707048910107878,355,0.00024431269509361423,False,0.0
Dendritic cells,RFX2,0.2155881776258981,-0.0017127167509501644,0.19702583257276787,0.5538668540817024,0.0005733873657820082,355,0.0007972251828020636,False,0.0
Dendritic cells,HOXA4,0.21633680627172153,-0.014717280821009305,0.19693229961749545,0.5563839359494647,0.0003123612961848853,355,0.0004392818228585491,False,0.0
Dendritic cells,DPRX,0.18077617965145895,-0.014021365138147748,0.1936241464433301,0.5557946469858621,0.00036088322185391045,355,0.0005050617487446979,False,0.0
Dendritic cells,PLAG1,0.16908766711084242,0.0062412062524753115,0.19322053278596438,0.558564138177411,0.00018095848094026905,355,0.00025843911538451413,False,0.0
Dendritic cells,POU6F1(var.2),0.19190868048245407,-0.0036295947679076163,0.1884158304696985,0.5551419218165459,0.0004228117711373876,355,0.0005903024244381885,False,0.0
Dendritic cells,POU5F1B,0.24746574950015796,-0.04302368153550389,0.18650418263172874,0.5732055483308766,2.8646140706063626e-06,355,4.474991710298588e-06,False,0.0
Dendritic cells,TCF4,0.20771820970328958,-0.15616601067531422,0.18572304100011927,0.5296108522654238,0.05834156357423233,355,0.06975471815051537,False,0.0
Dendritic cells,POU6F1,0.18725864151640012,-0.0003555219078744721,0.18270307631247845,0.5462284671642513,0.0031211277908194256,355,0.004137641887829422,False,0.0
Dendritic cells,JUN::JUNB(var.2),0.27706945369755936,0.048685236736966425,0.1810907161840125,0.5582209149170237,0.0001974384164451021,355,0.0002810822775991848,False,0.0
Dendritic cells,MEIS1(var.2),0.17115775185969354,-0.010918342633895026,0.17988397741156767,0.5522645890752838,0.0008333862220065868,355,0.001147288415868884,False,0.0
Dendritic cells,PRRX1,0.18348242295608777,0.003737377924536441,0.1780147643889148,0.5487956302470506,0.0018104899777286792,355,0.00244582385639073,False,0.0
Dendritic cells,NFYB,0.2619146838817144,0.05403304832249429,0.17795895619444158,0.5593841346049511,0.0001466701339648632,355,0.00021036063878831498,False,0.0
Dendritic cells,NR1H4,0.2830070279955027,0.02849124040342056,0.1775252606207748,0.5587584532917548,0.00017221095822004244,355,0.0002463810243841201,False,0.0
Dendritic cells,POU2F1,0.21468396875581958,-0.03127399629304801,0.17587942153517863,0.5671190113300402,1.77741789342848e-05,355,2.677376320480875e-05,False,0.0
Dendritic cells,POU5F1,0.22556730751001422,-0.048957376191635635,0.17545137381130893,0.5651958926726174,3.0700335153858904e-05,355,4.576770671794883e-05,False,0.0
Dendritic cells,EN2,0.1744540859602613,-0.004527178498137253,0.17477140563767285,0.5425141103823367,0.006566265169438172,355,0.008526029806016317,False,0.0
Dendritic cells,PAX3,0.16973258037352254,-0.006222274484611942,0.17471929007312684,0.558115744365446,0.00020276398294962765,355,0.00028835960457440895,False,0.0
Dendritic cells,POU1F1,0.20250705021003843,-0.02782724316716653,0.17414715591865265,0.5654673328581182,2.844608193676377e-05,355,4.2469685430312256e-05,False,0.0
Dendritic cells,VENTX,0.15361913753688516,-0.021552012548579077,0.17362606396811106,0.5490470379465366,0.001714145710665229,355,0.0023187674842365487,False,0.0
Dendritic cells,ZNF143,0.17419050666209937,0.003102518441898791,0.17131792394146222,0.5471589761396398,0.0025694513405665692,355,0.0034276294506865607,False,0.0
Dendritic cells,GBX1,0.17893829887552634,0.002539539311697115,0.17039330615237103,0.5408837998954972,0.008952974112999194,355,0.011485013716295098,False,0.0
Dendritic cells,MAX::MYC,0.1966299114661179,0.022466904082038976,0.1694339223484973,0.5501945655204189,0.0013314333016298686,355,0.0018119674195743183,False,0.0
Dendritic cells,GSX2,0.17094573662147589,-0.006154671684425651,0.16908730162815058,0.5459219701282246,0.0033252381914360397,355,0.004398141131922268,False,0.0
Dendritic cells,HSF2,0.1982482009674082,0.009834085798310545,0.1683542398405267,0.5475980214581313,0.0023414665183908493,355,0.0031307248953765287,False,0.0
Dendritic cells,HOXA6,0.15110782303332226,-0.017485245258936265,0.16714251556270204,0.5572369859789291,0.00025284060563121017,355,0.0003576898917426141,False,0.0
Dendritic cells,BSX,0.17634864205551185,0.009566928002241466,0.16710371032203128,0.5438562869453297,0.005049061049608174,355,0.006596222475529439,False,0.0
Dendritic cells,THAP1,0.14178357913950299,-0.021105927979983664,0.16610431906721754,0.5450058177678134,0.004009914366303565,355,0.00526244356992028,False,0.0
Dendritic cells,MYC,0.20350763029741747,0.031432927485620765,0.16586667986554982,0.5480313909055852,0.0021347391918296434,355,0.0028675812649876288,False,0.0
Dendritic cells,BACH2(var.2),0.19756776886156263,0.018996375108858266,0.16431303900445776,0.5479579384568642,0.0021685557743773318,355,0.002910108345980326,False,0.0
Dendritic cells,RUNX3,0.1934429025236224,-0.0263799629728599,0.16177733473959993,0.5509648146076888,0.0011205741734933927,355,0.001530669515852217,False,0.0
Dendritic cells,USF1,0.26147769706219326,0.04239562873271687,0.15695148030832545,0.5595070005191752,0.00014209322144724957,355,0.00020423061242471463,False,0.0
Dendritic cells,EMX2,0.15662061173532518,-0.0028960884118665784,0.1564442267436034,0.5416590571042708,0.0077353161252253005,355,0.00999587641094269,False,0.0
Dendritic cells,HOXD9,0.14935573496526058,-0.0025060941287055223,0.15626292608765097,0.5474581279307944,0.0024120153055212546,355,0.0032239887433561268,False,0.0
Dendritic cells,PPARG,0.1787040751624774,0.012753975806471257,0.15318006177732785,0.5446315441541032,0.0043247056660730655,355,0.0056682083333111834,False,0.0
Dendritic cells,LBX1,0.142741909983121,-0.006644031956171041,0.1484738750074454,0.5421688838733479,0.007017663789945796,355,0.009094640517014956,False,0.0
Dendritic cells,HESX1,0.14147258998658532,-0.00799571499861996,0.14828978101295298,0.5424920746477204,0.006594278113401368,355,0.008559656479570719,False,0.0
Dendritic cells,HOXA10,0.13617291732048958,-0.0055586954439217715,0.14811099862824748,0.5458825729057288,0.0033523383062481647,355,0.004432536204928129,False,0.0
Dendritic cells,MAF::NFE2,0.5665831884855419,0.07228879471619423,0.14790303954001663,0.5711318521535758,5.423111508634408e-06,355,8.393997384825865e-06,False,0.0
Dendritic cells,TP53,0.16203675811565932,0.004486270284269311,0.1474159453747195,0.542830289786604,0.006175939128890329,355,0.00802693534066504,False,0.0
Dendritic cells,KLF17,0.10368188901808964,-0.029900530590396955,0.14659316837075334,0.5368769688177661,0.018389892941510593,355,0.0231073002612894,False,0.0
Dendritic cells,EMX1,0.1407739031152243,-0.008221010375516594,0.14535764685484162,0.5392761928928078,0.012036778551221154,355,0.01530028464286547,False,0.0
Dendritic cells,NFIC,0.13210321647046022,-0.008020869734418946,0.14340067025398,0.5383483549155548,0.014216573317920474,355,0.0180314281016634,False,0.0
Dendritic cells,SOX2,0.16879998606886,0.014244053426387508,0.14297446731560984,0.5449978047734075,0.004016429957234541,355,0.005267577182162383,False,0.0
Dendritic cells,ZNF274,0.1352028936434551,-0.007392325085328647,0.14228727810294553,0.5402227278570081,0.010123568147556014,355,0.012925199345222982,False,0.0
Dendritic cells,HOXC4,0.14053742121190832,-0.016466956602348523,0.14125636964720248,0.5403552761394729,0.009878483504781346,355,0.012632220056999155,False,0.0
Dendritic cells,POU2F3,0.1834325874538293,-0.03737775788890418,0.1375047573948265,0.5545272583706577,0.0004900768833590253,355,0.0006825649122446185,False,0.0
Dendritic cells,RUNX2,0.14515648834034264,-0.06290182182722094,0.13663040751155614,0.5415258410722722,0.00793336307064403,355,0.010232192216712063,False,0.0
Dendritic cells,ESX1,0.13128373417769137,-0.005745821247098381,0.13601692381289582,0.5423151210212561,0.0068231557327631575,355,0.00885390894636297,False,0.0
Dendritic cells,HOXA5,0.1394993721366896,0.0014285945505170075,0.13543531679991735,0.5403095352964057,0.009962455368028825,355,0.01273557485593827,False,0.0
Dendritic cells,GSC,0.125444348273408,-0.010509667593842217,0.13396458695638908,0.5383139658145626,0.014303665497645763,355,0.018130523372015903,False,0.0
Dendritic cells,ISL2,0.1392105827578411,0.004437711443980837,0.1337877746176976,0.5411973083016292,0.008441322867566731,355,0.010852746209779152,False,0.0
Dendritic cells,NKX6-2,0.12987316068639249,-0.004534143934362329,0.13343171362861933,0.5362456116335323,0.02048697171636149,355,0.025662627728915973,False,0.0
Dendritic cells,SIX1,0.11197188315522767,-0.020144473146021285,0.13224833049659435,0.5357504753541994,0.022274633970672537,355,0.027781494773533012,False,0.0
Dendritic cells,MSX1,0.13878945803058387,0.004700044544286762,0.13210906321936447,0.5309353334657704,0.047951081695803414,355,0.05786163929055193,False,0.0
Dendritic cells,POU3F2,0.1456477854862235,-0.026422556298217624,0.13166719133438926,0.550789864229826,0.0011655603267062224,355,0.0015910448994107204,False,0.0
Dendritic cells,TFDP1,0.08333883502452161,-0.02797661508830749,0.12868029951994586,0.5329839890355527,0.03496357869869933,355,0.042763796679243495,False,0.0
Dendritic cells,HOXB2,0.12228163629471027,-0.008558977520844118,0.1277843179023646,0.5356843681503505,0.022523288090050882,355,0.028065667881843507,False,0.0
Dendritic cells,TEAD2,0.1446374093792653,0.010776040488160266,0.12752099250228643,0.5330440864935971,0.03463311513541696,355,0.042398058649893204,False,0.0
Dendritic cells,KLF4,0.06806453580890927,-0.007588862510863189,0.1260821737550442,0.5336647596852896,0.03137340349315228,355,0.03860607984589237,False,0.0
Dendritic cells,CEBPB,0.6077742729722451,0.09998183851890684,0.12602321060146432,0.5787098077382155,4.848735052418759e-07,355,7.844055186759816e-07,False,0.0
Dendritic cells,LMX1A,0.12361882107985894,-0.002841581465555195,0.12563717619604278,0.5361641461904054,0.0207722068272628,355,0.02598773927739805,False,0.0
Dendritic cells,RARA(var.2),0.17950617736995073,0.028922096187425778,0.12333031840990152,0.5371216990219139,0.017629014434747674,355,0.022220246854513737,False,0.0
Dendritic cells,DUXA,0.142742365355057,0.008164654266910187,0.12108775415798397,0.5349151206873813,0.02559880878752517,355,0.03175131218710203,False,0.0
Dendritic cells,RARA::RXRA,0.16656109490787113,0.03330886816291456,0.11988111594438085,0.5366829875781893,0.01901326082051878,355,0.02386833797077846,False,0.0
Dendritic cells,TFEC,0.16037729475629062,0.027718386275178475,0.1192159284370325,0.5471933652406319,0.002550886888029852,355,0.003403986922483107,False,0.0
Dendritic cells,HNF4A,0.15895268268286528,0.0222697564041223,0.1190519692863536,0.5333038410622559,0.033235293044594244,355,0.040785561315871494,False,0.0
Dendritic cells,HOXA1,0.1108503088537344,-0.011157261600073359,0.11887349464535628,0.5353418126394971,0.023850777557699484,355,0.029692383384139112,False,0.0
Dendritic cells,PKNOX1,0.17071919404792738,0.0378771319577973,0.1178371550889016,0.5306558802858635,0.050003364097965054,355,0.06024824631934682,False,0.0
Dendritic cells,HNF4A(var.2),0.161030187977197,0.024923023373798942,0.1177734209902346,0.5366011882602955,0.01928161608942219,355,0.024197710514206633,False,0.0
Dendritic cells,INSM1,0.1116710677427907,0.007263873306333576,0.11727010155235539,0.5377407028397718,0.015826395821533744,355,0.019991756944716055,False,0.0
Dendritic cells,SP2,0.09290242299234039,0.005183335583486702,0.1165298102163375,0.529617863635529,0.05828199021590414,355,0.06970408880093058,False,0.0
Dendritic cells,NKX6-3,0.10997581390468392,-0.004298456458709181,0.1145593007114961,0.5314955753246515,0.044049437477591574,355,0.05337282921220038,False,0.0
Dendritic cells,ZBTB7C,0.06445701548334204,-0.05176048303273221,0.11414122874385133,0.5363601306785838,0.020091784502537232,355,0.025175397986146063,False,0.0
Dendritic cells,IRF7,0.11401239840159123,-0.031291789778782574,0.11386390088854338,0.5346787373524065,0.02661409944073107,355,0.032919794049892356,False,0.0
Dendritic cells,POU4F3,0.10219892410517731,-0.007375949744837562,0.11350825363465385,0.5314264632479003,0.0445157712390809,355,0.05389312101535647,False,0.0
Dendritic cells,ZBTB33,0.05636102380683197,-0.053828158089024816,0.11349094244947534,0.5334564218307355,0.03243693397194765,355,0.039878406214068726,False,0.0
Dendritic cells,HEY1,0.1340979499982931,0.02033938006662964,0.11202966737363235,0.5317793688765281,0.042177547025491154,355,0.051277150019572476,False,0.0
Dendritic cells,HSF4,0.11667773977567455,2.344122427092561e-05,0.11190603948582893,0.5354997354042472,0.023230581959859574,355,0.028938095631031967,False,0.0
Dendritic cells,GMEB2,0.14750795075572107,0.023353737338196966,0.11141990805471051,0.535244988957092,0.02423808458013157,355,0.03014672308982857,False,0.0
Dendritic cells,MEOX2,0.10804668393386398,-0.0016014352736517397,0.11026362883249106,0.5405853158538764,0.009465660017044738,355,0.012123475919266545,False,0.0
Dendritic cells,SOX13,0.14090706520382434,0.020540505085832016,0.1092916448000876,0.5371040036592675,0.017683089821613186,355,0.022274527216141638,False,0.0
Dendritic cells,HNF1A,0.09305586598537445,-0.01406281685128333,0.1087723435967631,0.5316398092239581,0.04308949273724947,355,0.05230725701017443,False,0.0
Dendritic cells,ZNF136,0.11103358163536689,0.003995899835376934,0.10855539928941715,0.5322083979520121,0.039475704974201546,355,0.04809355685806066,False,0.0
Dendritic cells,EVX2,0.10263353911006241,-0.007616716961471712,0.10828046840111431,0.5317112584240777,0.042620550754099644,355,0.05176906284932067,False,0.0
Dendritic cells,NR2C2,0.12252252651524784,0.020718242502582293,0.10585926729459412,0.5314464957339151,0.04438017527413631,355,0.05374504314850509,False,0.0
Dendritic cells,KLF15,0.025255823298565815,-0.035196286276075205,0.10579299981147255,0.5290486071579411,0.06328609256165864,355,0.07531045014837377,False,0.0
Dendritic cells,NFYA,0.12486407054353638,0.022138133205236794,0.10479626336179795,0.5284853604261578,0.06858167322378693,355,0.0813728591974903,False,0.0
Dendritic cells,HLF,0.36169311814095073,0.03422476658387811,0.10471494014468333,0.5698688039103412,7.933707006531302e-06,355,1.2172839798417006e-05,False,0.0
Dendritic cells,PBX3,0.1660384454793208,0.0462474183905681,0.10359908854061092,0.5347224749468722,0.026423661107670655,355,0.03269423022679984,False,0.0
Dendritic cells,ZNF652,0.09563638128096152,-0.004931302041733339,0.10232264786887894,0.5275531820769348,0.0781423104724608,355,0.09214916589087042,False,0.0
Dendritic cells,ARGFX,0.10495658218944524,0.0035333707012938265,0.1023191931948854,0.5333592642735636,0.03294337474814211,355,0.04046414518244778,False,0.0
Dendritic cells,PAX5,0.12739474778593965,0.02189010983816088,0.10068585592620825,0.5255048603819193,0.10297240469282018,355,0.12003063940857116,False,0.0
Dendritic cells,PDX1,0.09092374223998675,-0.006787995309726141,0.09713969633263943,0.5303817691022275,0.05208745602371141,355,0.06261017441233997,False,0.0
Dendritic cells,TEAD1,0.12339968281447618,0.02053928618276731,0.09700268252502513,0.5273157971176592,0.08074301375700031,355,0.09513285779290137,False,0.0
Dendritic cells,TCF12(var.2),0.037881480389679194,-0.157294130144253,0.09684261646451643,0.5189799458121254,0.22495830037155395,355,0.25226753971821153,False,0.0
Dendritic cells,SMAD3,0.08260747193580871,-0.014131107724315868,0.09478609125764506,0.5299781145090288,0.05528837557575616,355,0.06633949216474182,False,0.0
Dendritic cells,CLOCK,0.10054290155111052,0.0037954598122721677,0.09440864052067612,0.5262577479813096,0.0932015482906501,355,0.10914427333834162,False,0.0
Dendritic cells,POU4F1,0.08074715743002989,-0.011266337365288471,0.09440483028775855,0.5291230612309629,0.06261206812932903,355,0.07457416180490586,False,0.0
Dendritic cells,NR2C1,0.16965324167030646,0.047880368490330984,0.09340174212935161,0.5306762466466453,0.04985134717981697,355,0.06008297607671715,False,0.0
Dendritic cells,TGIF2LX,0.073728098582756,-0.023531741947162475,0.09217483087545769,0.5133691803541409,0.3926998763466196,355,0.42642611371401584,False,0.0
Dendritic cells,PRRX2,0.08117054036832055,-0.01018632767368742,0.09133815331144013,0.5313904047730736,0.04476072486054279,355,0.054173464787842095,False,0.0
Dendritic cells,NR5A1,0.18224027363335793,0.056649163937719134,0.09024447602181336,0.5292329060292775,0.06162850457324998,355,0.07344592916152266,False,0.0
Dendritic cells,MNX1,0.08364100129869101,-0.00462791320178953,0.09010389252292182,0.521854941430019,0.16233598902757918,355,0.18506943127798967,False,0.0
Dendritic cells,HOXB3,0.08586176661227657,-0.004010936927346302,0.0887284482201224,0.5202610232927731,0.19519853528363407,355,0.2206070597088222,False,0.0
Dendritic cells,HOXA2,0.08099128677864838,-0.009231524683673503,0.08827154150442772,0.5258921551115392,0.09784899833115628,355,0.11432198880966164,False,0.0
Dendritic cells,TGIF2LY,0.078859168764898,-0.013927912761156569,0.08805426437414655,0.5171629993305811,0.2725170396333635,355,0.3031630306177038,False,0.0
Dendritic cells,MEIS2(var.2),0.08339704359054739,-0.008048145860715875,0.08748252672465871,0.5274763908805447,0.07897603970231183,355,0.09310520298238743,False,0.0
Dendritic cells,MAFA,0.10685834939126411,0.014100654578769918,0.08628526453113239,0.528801205955658,0.06556898292831141,355,0.07793540097765804,False,0.0
Dendritic cells,HOXB4,0.08569799341276538,-0.008668472754921934,0.0860908482666595,0.5266306860959523,0.08864493856961257,355,0.10407934458869775,False,0.0
Dendritic cells,HOXD12,0.0708058365907193,-0.015333310291347978,0.08497168939901181,0.5258757952479605,0.0980612184836238,355,0.11453686200483311,False,0.0
Dendritic cells,OSR1,0.06096555946607034,-0.024492022600995547,0.08427758012049164,0.5238331494239825,0.12757559067146304,355,0.14726700138566035,False,0.0
Dendritic cells,GBX2,0.08324359800923006,-0.0018391218126372609,0.08337504659780229,0.5197535336470643,0.20662255872349233,355,0.2326084787410267,False,0.0
Dendritic cells,STAT1,0.10128717255461307,0.009519030304740848,0.08334699399031893,0.5220572695387687,0.15848251401496016,355,0.1808801838376668,False,0.0
Dendritic cells,HOXB7,0.0798520255156981,-0.005037095108141297,0.08297680219840721,0.5259659414350272,0.09689639820885458,355,0.11327443720110536,False,0.0
Dendritic cells,CDX2,0.07472153346738165,-0.00382687672986187,0.0819954586231658,0.5254233949387924,0.10407677857275112,355,0.12124809850427615,False,0.0
Dendritic cells,RAX,0.08620339264588127,0.0036460570194643293,0.08169615745260966,0.5197057895553957,0.20772179504098853,355,0.2337809131393156,False,0.0
Dendritic cells,LHX1,0.0894475672417171,0.003798079840304115,0.08159179743599017,0.5291050319935495,0.06277473765519531,355,0.07474590598967636,False,0.0
Dendritic cells,E2F7,0.058646478971736395,-0.023345138765946204,0.0786833500561094,0.5224385545225841,0.1514094910459246,355,0.17324739840831757,False,0.0
Dendritic cells,NOTO,0.07997539155199139,0.001038898911421559,0.07757599932494022,0.52436133930524,0.11935146593503194,355,0.13808865632631948,False,0.0
Dendritic cells,THRB(var.2),0.09924489806733877,0.019161916049965203,0.0772867174152256,0.5245840337747715,0.11601104919308246,355,0.1343867268280651,False,0.0
Dendritic cells,HOXC8,0.06569420145496688,-0.01107963463246144,0.07441677771632553,0.5194473704858045,0.21374516251078435,355,0.2400924285171109,False,0.0
Dendritic cells,RFX4,0.07026179203547556,-0.008186687912712728,0.07290457551144755,0.5213280870478292,0.1727015995049226,355,0.1963886092177956,False,0.0
Dendritic cells,NFIB,0.14006371037818466,0.05160295790248469,0.07269386931006237,0.5265672498902386,0.08940708416246199,355,0.10491330119527877,False,0.0
Dendritic cells,TEAD4,0.0929408623416553,0.013216895440686407,0.07228133942567358,0.5206553293924981,0.1866473421966025,355,0.2114152145933521,False,0.0
Dendritic cells,PAX1,0.0697841004591306,-0.013236577648576702,0.0718288764893129,0.5166922359092329,0.2858874772987543,355,0.31673075935124856,False,0.0
Dendritic cells,THAP11,0.05916358898017633,-0.009626235729044889,0.0704430966263407,0.5221343946099257,0.15703198608792246,355,0.17937645841663868,False,0.0
Dendritic cells,PITX1,0.080930869333179,0.008703376816731232,0.07013844233875262,0.5247499695339275,0.11357012830039187,355,0.1317765239757343,False,0.0
Dendritic cells,TGIF2,0.055628177806291326,-0.01919828300567444,0.06929742503530766,0.5091490033003521,0.5586018033174842,355,0.5910310921084051,False,0.0
Dendritic cells,KLF13,0.10784943837733865,0.04131029502908421,0.06900840427820767,0.5273825720710419,0.08000444451584088,355,0.09429012016052786,False,0.0
Dendritic cells,RARA::RXRG,0.13701004734558536,0.05564037060174306,0.06797836214164549,0.525757603580473,0.09960534459469436,355,0.11620623536047676,False,0.0
Dendritic cells,NR2F1(var.3),0.09333681995986635,0.019148109035284983,0.06785167318695495,0.5234158059653404,0.13438025166562093,355,0.15472467223651173,False,0.0
Dendritic cells,MAX,0.08447319065743926,0.015362681272693817,0.0677630011070921,0.5207017379850992,0.18565938580348607,355,0.21053191562805623,False,0.0
Dendritic cells,ZNF410,0.061854020516742686,-0.005733424017694009,0.06721491280790866,0.5179609600235048,0.2508442673270085,355,0.2800540578380453,False,0.0
Dendritic cells,DLX5,0.06789756218855189,-0.0021814589087746443,0.06644004870587766,0.5250978670410515,0.1085839563698535,355,0.12628073799149964,False,0.0
Dendritic cells,HOXA9,0.04913477483026845,-0.017782042871610535,0.06596089408435882,0.5160178088800672,0.30580307610534485,355,0.3375705779637862,False,0.0
Dendritic cells,PBX1,0.06038805204505733,-0.008148319441887222,0.06567731210192637,0.5215153907920678,0.1689612161052756,355,0.19235145761450337,False,0.0
Dendritic cells,MAFK,0.25956283933123675,0.09198389525436944,0.0652929273382938,0.5374281960579407,0.01671511944501467,355,0.02109462672318445,False,0.0
Dendritic cells,MYBL1,0.05588643890869621,-0.009683750563675505,0.06363438919165205,0.5206977314878962,0.1857445241978971,355,0.21056944379509435,False,0.0
Dendritic cells,CDX1,0.06978103332160462,0.0065711099669291066,0.06323303170179602,0.5171880399380996,0.2718180332975687,355,0.30255179167041624,False,0.0
Dendritic cells,NR1D2,0.08232757060420492,0.012578727143720997,0.0625567539114197,0.5200029380979488,0.20094900510361247,355,0.22672606655025546,False,0.0
Dendritic cells,NFIX(var.2),0.08793128026918322,0.024010087440668352,0.06033568826592987,0.5156442030158908,0.3172223694692097,355,0.3486774536464065,False,0.0
Dendritic cells,LHX6,0.06968911028653137,0.008942292756516066,0.05924215450768218,0.5183923262223572,0.23964282845345142,355,0.26784389058637137,False,0.0
Dendritic cells,PPARA::RXRA,0.06987287218346096,0.007079711943942134,0.05897420668890475,0.5154128278024196,0.32443280785615436,355,0.3559260142586769,False,0.0
Dendritic cells,SNAI1,0.0043747658447432685,-0.10128665205307268,0.05854595481474895,0.5087610408211983,0.5754005486601725,355,0.6073755856715518,False,0.0
Dendritic cells,NR2C2(var.2),0.11930387488473947,0.03226009661383764,0.057555058916832734,0.5238034345697272,0.1280510447865524,355,0.14777368146217656,False,0.0
Dendritic cells,PHOX2B,0.04374022983255229,-0.009180653121268097,0.05678966088188351,0.5184954935253335,0.23701692929159757,355,0.2652020176752776,False,0.0
Dendritic cells,PAX6,0.046512012118002426,-0.016799604065242002,0.05634345694535741,0.5233577117558975,0.1353493073672748,355,0.155707505717371,False,0.0
Dendritic cells,RREB1,0.009314784059659964,-0.052644671335539385,0.05557039904581157,0.51075026668247,0.49189725089136394,355,0.5245693930169896,False,0.0
Dendritic cells,SOHLH2,0.059036703293472104,0.004138430316327427,0.054692829871272594,0.5135030641356734,0.3879774525171036,355,0.4215243751031689,False,0.0
Dendritic cells,HIC2,0.08040464782137097,0.024686226448470742,0.054135700125548865,0.5180310737245567,0.24899914508586185,355,0.27807080900286973,False,0.0
Dendritic cells,NKX6-1,0.04335356540685022,-0.009935791422652992,0.054115420130014906,0.5171008986239352,0.27425587955997544,355,0.3048459584339727,False,0.0
Dendritic cells,LMX1B,0.047576171030937996,-0.004537171388465303,0.052845561703551605,0.5104814974951045,0.5027870741111369,355,0.5353359215404367,False,0.0
Dendritic cells,POU6F2,0.05815843644983991,0.005725821958254531,0.05276162061080167,0.5171085777435742,0.2740404519706928,355,0.3046902084840405,False,0.0
Dendritic cells,POU3F1,0.04808921357682077,-0.01802422488062485,0.051873600497296356,0.5205678542035668,0.18852008394583497,355,0.21323798144949632,False,0.0
Dendritic cells,HOXB9,0.04174528507781533,-0.011076811190173827,0.05157290962853568,0.5185085146412433,0.23668695598945533,355,0.2649060647118496,False,0.0
Dendritic cells,NFYC,0.07338103186046066,0.023623904401057702,0.0512175785499312,0.5175896912826967,0.2607736094380084,355,0.29081863941184727,False,0.0
Dendritic cells,TFE3,0.08223383011101842,0.028741690953557587,0.04661723709854328,0.522562755935876,0.14915818991452695,355,0.17076797860616189,False,0.0
Dendritic cells,ZBTB12,0.04130626638662785,-0.0036962285952020324,0.04609385741667238,0.5169483178554556,0.27856032649931584,355,0.3094604835299923,False,0.0
Dendritic cells,GSC2,0.04722922061268275,0.001391655592641831,0.04496409756218858,0.5069908368070221,0.6549184888325974,355,0.6831142577511443,False,0.0
Dendritic cells,GFI1,0.07902138693873421,0.02745894820196625,0.04449619850170968,0.5152081625703016,0.3308991181823747,355,0.3625285221136984,False,0.0
Dendritic cells,SHOX,0.04642550822185758,0.005747239407660337,0.0401495143504707,0.51004278605138,0.5208326284261755,355,0.5533519601597261,False,0.0
Dendritic cells,OTX1,0.016891503709625375,-0.023250104360905664,0.03923838973518369,0.5087937605483559,0.573974613455021,355,0.606028519321246,False,0.0
Dendritic cells,PAX9,0.018383940388555148,-0.024008475567076762,0.035458717241460255,0.5104504471417816,0.504053313532423,355,0.5365429377932606,False,0.0
Dendritic cells,TEAD3,0.0493136346069133,0.012088081071938836,0.0353568727295203,0.5086024503069144,0.5823355795256968,355,0.6135754569690024,False,0.0
Dendritic cells,NFIC(var.2),0.08986234962810577,0.04636759187729123,0.034382571736306565,0.5112560869543443,0.471750768337601,355,0.5046810176345673,False,0.0
Dendritic cells,TGIF1,0.011102143533762415,-0.026172324437569488,0.034321216228944,0.5001243683506753,0.9936643332933317,355,0.9939099857861113,False,0.0
Dendritic cells,NR1H4::RXRA,0.05300422533661444,0.01622828958688878,0.0342309581320672,0.5114991477846574,0.4622340481833971,355,0.49567955445269674,False,0.0
Dendritic cells,NKX2-5,0.026341806830421383,-0.0071425372027836415,0.033668547020513855,0.5086842496248082,0.5787536895636605,355,0.6107557193465233,False,0.0
Dendritic cells,HOXB13,0.03173643760466,0.0011807122019093905,0.03311466782143055,0.5037515838184256,0.8104525835661328,355,0.8314125641756018,False,0.0
Dendritic cells,ALX3,0.03146702256612436,-0.0013385897410299666,0.032821032322789864,0.4993651371307136,0.9676319235753311,355,0.970269829686689,False,0.0
Dendritic cells,CDX4,0.036658615178295925,0.006411237992337666,0.030509938282677188,0.5077534067746529,0.6201104466170675,355,0.6498230683793461,False,0.0
Dendritic cells,NFATC2,0.018449565652195094,-0.01101527409371965,0.029683992504677077,0.5079206780328767,0.6125842244350233,355,0.6426019632004418,False,0.0
Dendritic cells,HES2,0.030047828914916645,0.001274574043666353,0.02897978558708659,0.5104310824053006,0.5048438622908262,355,0.5372431001653558,False,0.0
Dendritic cells,CEBPG(var.2),0.17135802912584308,0.05475989780225703,0.028226149143038476,0.5517170344575453,0.0009448482592307811,355,0.001294128658377705,False,0.0
Dendritic cells,HMBOX1,0.01169709628426104,-0.014097674337664047,0.025844511802680627,0.5074315514993482,0.6347040083185602,355,0.6633976795807013,False,0.0
Dendritic cells,RARG(var.3),0.060341740653307475,0.033225337503239014,0.02492615122712506,0.5085486964694412,0.5846950147811928,355,0.6157407677784242,False,0.0
Dendritic cells,ZFP42,-0.007990066656600467,-0.02873208767820445,0.021078449294368716,0.5111415679092929,0.4762717661487187,355,0.5092482996399883,False,0.0
Dendritic cells,NR2F2,0.0762214084871497,0.04642611248451438,0.020775717169256146,0.5126229702500888,0.4196530283109985,355,0.4538669212901095,False,0.0
Dendritic cells,THRB(var.3),0.07616488978767767,0.05077042071143306,0.01957459421685481,0.5060873716877536,0.6971445325211281,355,0.724543225938989,False,0.0
Dendritic cells,NFKB2,0.034167219496035406,0.006963019403291395,0.019269928616490486,0.4977805674869413,0.8871700479806414,355,0.89939614485835,False,0.0
Dendritic cells,DMRT3,0.014427443049187036,-0.003678981962985151,0.01835637970385166,0.5088935891036631,0.5696344316317759,355,0.6019171873549661,False,0.0
Dendritic cells,SP9,0.0038241773295284473,-0.008110146770214256,0.01778859088085573,0.5044787630607636,0.7746226895758096,355,0.7976898452592837,False,0.0
Dendritic cells,FIGLA,-0.025688478818900577,-0.05002416593746591,0.016339870853860537,0.50293759713669,0.8510326713075101,355,0.8666695666021107,False,0.0
Dendritic cells,HOXD13,0.01782969534505814,0.001818191309667716,0.01628614046113368,0.5055354766980453,0.7234189238684547,355,0.7493479175554961,False,0.0
Dendritic cells,HOXC12,0.00254709172960773,-0.013128127225813697,0.015425404430873578,0.5057785375283584,0.7118050093173853,355,0.738452068640549,False,0.0
Dendritic cells,MYB,0.025860670126103918,0.009849645377239102,0.015110923180112245,0.504453722453245,0.7758490308464421,355,0.7987494093650649,False,0.0
Dendritic cells,BARX1,0.022016403522827372,0.0068225971527598765,0.014472645255103963,0.4990810097040701,0.9531561422110981,355,0.957415529142528,False,0.0
Dendritic cells,HEY2,0.04552941126546526,0.03109133088740379,0.013837820749160038,0.5047572146163696,0.7610243013148932,355,0.7856862268742174,False,0.0
Dendritic cells,DUX4,0.019122985675735157,0.006756174867870229,0.01241206352371473,0.49834247871965703,0.9156133709332727,355,0.9245250059386128,False,0.0
Dendritic cells,MAF,0.025902112825201655,0.01398091742369456,0.011109953888270248,0.5054777163633692,0.7261883339575281,355,0.7518316272241963,False,0.0
Dendritic cells,DBP,0.07269912247364634,0.054753451057783994,0.010367557586553751,0.5216833297998253,0.16565951018508185,355,0.1887520073806931,False,0.0
Dendritic cells,PBX2,0.003969560574878838,-0.004158116676231874,0.007877747826707427,0.5053715441874908,0.7312882499595835,355,0.7565308768438954,False,0.0
Dendritic cells,POU3F3,-0.0045008819991355625,-0.012015654882274168,0.0064727507884304964,0.5086278247891998,0.5812233556251566,355,0.6128823812508167,False,0.0
Dendritic cells,E2F8,-0.021296888502386962,-0.027821633788037852,0.006386308639113581,0.497917122266609,0.8940703678134947,355,0.9054840320834542,False,0.0
Dendritic cells,TFAP2B(var.3),-0.026169692707970336,-0.030828632903100537,0.005237019222573072,0.49613089226362084,0.8046327572945937,355,0.8258610187757296,False,0.0
Dendritic cells,EN1,0.004910726632186279,-0.0002514849891513684,0.005075661848248124,0.5040881295834745,0.7938157893378606,355,0.8155862579128959,False,0.0
Dendritic cells,PHOX2A,0.009317259981425957,0.005424697651338752,0.003961074785177194,0.4963088475143858,0.8134492709347743,355,0.8342752218509751,False,0.0
Dendritic cells,NR4A2,0.06872213375664875,0.06517069921725525,0.0024844108624841143,0.5081253432649947,0.6034308511468757,355,0.6339862954402127,False,0.0
Dendritic cells,MIXL1,0.0028164401362725565,0.0005441850530267654,0.0022354587090224858,0.4986062397855188,0.9290042918455226,355,0.9354781893496725,False,0.0
Dendritic cells,ZNF317,-0.0023136283563133754,-0.004385281978383655,0.0020883639052064196,0.5035779689396305,0.8190691719536308,355,0.8387633180775474,False,0.0
Dendritic cells,MLX,0.005393339820798776,0.004371437518293709,0.0009731271074980117,0.5041702627761353,0.7897695079122471,355,0.8118413183467864,False,0.0
Dendritic cells,GLIS1,-0.02077394168655806,-0.021701923216721465,0.0009273882477474326,0.5033372452326856,0.8310524301979991,355,0.8499590830589243,False,0.0
Dendritic cells,GLI3,-0.01420761839811681,-0.014869113424876415,0.0006837631488457951,0.4978767234198125,0.8920280936284771,355,0.9038681860307585,False,0.0
Dendritic cells,HOXD11,-0.00878276104668496,-0.00944512656879983,0.000649913170728279,0.5010752436868455,0.9452015886170648,355,0.9498970408864814,False,0.0
Dendritic cells,TEF,0.052621566145379495,0.05173747614053739,0.0004778133553853645,0.5189615826999451,0.22540723774904192,355,0.25270093763719137,False,0.0
Dendritic cells,SOX21,-0.010126814811993411,-0.009707123791668342,-0.00042836770731728994,0.5021145958362477,0.8924668694745899,355,0.904086368025586,False,0.0
Dendritic cells,OTX2,0.0055208328608107125,0.006922309417736027,-0.0012978022519023293,0.49710847758114407,0.853342575292154,355,0.8683662121811003,False,0.0
Dendritic cells,RARB(var.3),0.04596763846933572,0.04967391470137859,-0.003314574335540103,0.5015016017641942,0.923526622144983,355,0.9306133573604305,False,0.0
Dendritic cells,TFAP2A(var.3),-0.024260930491519807,-0.02097706871895505,-0.0036954162348915485,0.4944000854719403,0.7203336205283484,355,0.7465342798815824,False,0.0
Dendritic cells,MITF,0.01250644028164335,0.016754016415691533,-0.0037464115904662066,0.5023953845152221,0.8782915943573283,355,0.8912886357586532,False,0.0
Dendritic cells,PITX3,0.0036953116596933687,0.007506510801677065,-0.003755817405977315,0.495329592823028,0.765255913026046,355,0.7893502073620633,False,0.0
Dendritic cells,SOX12,-0.009762818972944618,-0.00548987195461679,-0.004213103630776679,0.4957970174967072,0.7881591456211371,355,0.8103918432485694,False,0.0
Dendritic cells,SP4,0.005177335837394783,0.010368282884713493,-0.0068561475370090864,0.4967649204459899,0.836150321735033,355,0.8536624278929962,False,0.0
Dendritic cells,MNT,0.005642716986250482,0.01479793499610929,-0.009125400452557962,0.4950871997422487,0.7534578872668597,355,0.7784705341883846,False,0.0
Dendritic cells,ZBTB7B,-0.065353898348392,-0.05537709486415768,-0.00935693463631797,0.49723668549163896,0.8597766949868666,355,0.8746936152670008,False,0.0
Dendritic cells,RAX2,-0.00032978042705102725,0.010120102919170629,-0.010299303454894061,0.49028908546693223,0.5347018322742411,355,0.5670782734945162,False,0.0
Dendritic cells,LBX2,-0.004278341060257947,0.006620652739116272,-0.010774509472724373,0.4927834638505443,0.6445334144167675,355,0.6729760502529655,False,0.0
Dendritic cells,HOXD10,-0.021197077036083197,-0.009904743350850731,-0.010959655824141058,0.4950214264131667,0.7502662690497136,355,0.7753709641315814,False,0.0
Dendritic cells,HOXC11,-0.028543962521556054,-0.016800637109158488,-0.011468479495113195,0.4905051024411254,0.543828424094388,355,0.5761533919575528,False,0.0
Dendritic cells,RXRG(var.2),0.04113054526904575,0.05630037266688914,-0.012863911963220353,0.49855448919664724,0.9263752527694671,355,0.9330630502129111,False,0.0
Dendritic cells,KLF16,-0.015605774272726934,-0.006315826408691069,-0.013285959161476643,0.4967428847113736,0.835050186463823,355,0.8529697183621883,False,0.0
Dendritic cells,HES1,-0.03621582381036904,-0.023662380515465032,-0.013386735887834627,0.5017329769776655,0.9117867835115583,355,0.9208909950293971,False,0.0
Dendritic cells,ZBTB6,0.009722040368123817,0.025284167709520213,-0.015810306542091514,0.4975358372827936,0.8748251729181769,355,0.8879936401472512,False,0.0
Dendritic cells,ZKSCAN1,-0.016388512386305013,3.142677685778103e-05,-0.016276070221872323,0.49205428135960483,0.6114610268385853,355,0.6417157367368963,False,0.0
Dendritic cells,TP73,-0.008714500502083233,0.00843759051886083,-0.01656781878996907,0.5025175826799126,0.8721344596183137,355,0.8857068332368718,False,0.0
Dendritic cells,NFKB1,-0.013141737562024771,0.011050640730599451,-0.018293507528270705,0.4904570244746898,0.5417904717442947,355,0.5742950612201771,False,0.0
Dendritic cells,PROP1,-0.011888277036559721,0.008121500458692187,-0.020906721661328426,0.4965422259764585,0.8250473949905548,355,0.8440307863797181,False,0.0
Dendritic cells,NRL,-0.009543278672761179,0.01606345601377782,-0.02168758449832525,0.49533159607162947,0.7653536489079027,355,0.7893502073620633,False,0.0
Dendritic cells,PITX2,-0.004317225101329468,0.020448887586210166,-0.022342499595657976,0.49141057080899525,0.5829067115749478,355,0.6140173275272686,False,0.0
Dendritic cells,ESR2,0.008004411348775936,0.03571199462574472,-0.023898878764401693,0.4934592263787776,0.6758260321637684,355,0.7036521168642837,False,0.0
Dendritic cells,HOXA13,-0.017788429301102318,0.00795991720884111,-0.02636735642241431,0.4924566004537358,0.6296160956714083,355,0.6585901559168867,False,0.0
Dendritic cells,ZFP57,-0.10330787281522046,-0.07245190468935853,-0.02725516194870289,0.48589629515864896,0.3672203482716637,355,0.4005860148576844,False,0.0
Dendritic cells,GCM2,-0.04791755633975119,-0.01980726133796061,-0.02727778214898269,0.4963786273406708,0.8169129319189472,355,0.8369789117609674,False,0.0
Dendritic cells,SOX8,-0.02039008367599606,0.008296469400729652,-0.027887273445328126,0.48975555358940415,0.5124964908929477,355,0.5446705548076876,False,0.0
Dendritic cells,SP1,-0.0003513064491529212,0.02105110754712123,-0.027984486616724775,0.4892003198520267,0.4899090103532686,355,0.5225868325571645,False,0.0
Dendritic cells,NKX2-2,-0.02865365972758171,0.0002070823625093565,-0.029377962470203654,0.4985020708582418,0.9237131100245894,355,0.9306133573604305,False,0.0
Dendritic cells,GRHL2,-0.044200377575662024,-0.012443763492245248,-0.030209198567456817,0.486015822325204,0.37129488767432295,355,0.4048124806063893,False,0.0
Dendritic cells,NR1D1,0.004405341737576043,0.04363616197134521,-0.03059386985418288,0.49069307393489775,0.5518326684822479,355,0.584327395100543,False,0.0
Dendritic cells,SOX4,-0.03569776884462418,-0.004067336143692378,-0.03074110831781948,0.4964130164416629,0.8186212243157743,355,0.8385168287548412,False,0.0
Dendritic cells,SNAI3,-0.1425829181669203,-0.0883616461295293,-0.030817882902182184,0.48749054717066176,0.4238465259232339,355,0.45766827965983575,False,0.0
Dendritic cells,KLF3,0.02037836728276538,0.048776643730579994,-0.0315082894827534,0.49291167176103917,0.6504242835256886,355,0.6789516643820784,False,0.0
Dendritic cells,TFAP2C(var.3),-0.06867389739617608,-0.037142031301640024,-0.03470076703848743,0.49205695235774016,0.611580791116528,355,0.6417157367368963,False,0.0
Dendritic cells,MLXIPL,-0.03584007146112644,0.0029358190243881223,-0.03672730928530009,0.4953803417875989,0.7677330367244029,355,0.7914007303406201,False,0.0
Dendritic cells,TFCP2,-0.04361258110528547,-0.0038549826571467596,-0.038646979846442185,0.4942618613184381,0.7137308024558564,355,0.7402601452797731,False,0.0
Dendritic cells,LHX5,-0.03947858431153627,8.72469037596494e-05,-0.038646996625672225,0.488328906710382,0.45556697793455503,355,0.48917834201783694,False,0.0
Dendritic cells,HSF1,-0.038471912247092434,0.002052906999993134,-0.038820005671464854,0.4913664993397627,0.5809747047796974,355,0.6127798893479289,False,0.0
Dendritic cells,NR2F1(var.2),-0.010216048137801043,0.0365588124893287,-0.03981623915928268,0.49294773023586586,0.6520850540050854,355,0.6805097055724982,False,0.0
Dendritic cells,NR3C1,-0.05373992239823579,-0.01210630388665489,-0.040944936172769626,0.49244591646119457,0.6291309994609673,355,0.658252915391537,False,0.0
Dendritic cells,SMAD2::SMAD3::SMAD4,-0.04090118373207775,0.002410795070645778,-0.04341731778036429,0.48788084677318383,0.43845050078259096,355,0.4724289550376466,False,0.0
Dendritic cells,MTF1,-0.08448909361613471,-0.03616069314764214,-0.04523307380037357,0.4882190619120674,0.45133630845314243,355,0.4852794855172507,False,0.0
Dendritic cells,HOXC13,-0.048374390972974794,-0.0013745039898068068,-0.0459012787941285,0.4882621317569993,0.4529924874435586,355,0.48693081939336824,False,0.0
Dendritic cells,SCRT1,-0.09629858384600523,-0.03552263037468259,-0.04689284237077636,0.4801319473078843,0.20400315599785634,355,0.22985150909699992,False,0.0
Dendritic cells,GLI2,-0.07041849657979407,-0.02293576941934732,-0.04799346224379318,0.4840920359182474,0.30913184146862893,355,0.3408031146000198,False,0.0
Dendritic cells,RXRB,-0.01792874841800699,0.037906711084894094,-0.0492527464529424,0.4872942288077165,0.4166096837403732,355,0.4509370734118647,False,0.0
Dendritic cells,GRHL1,-0.0657426618247657,-0.012183067174030383,-0.05004853140709259,0.4842015468417951,0.3124742410340198,355,0.3438321401206538,False,0.0
Dendritic cells,NFIA,-0.04873569722215177,0.001672343910872035,-0.050784328185461185,0.4867530178105494,0.3970403899206537,355,0.43080395787786774,False,0.0
Dendritic cells,ZIC1,-0.10927267015796872,-0.05797540005391968,-0.051431203076319,0.49116216798241147,0.5720566159275611,355,0.6041610723160825,False,0.0
Dendritic cells,NR1I3,-0.06718958758645155,-0.015491071510210865,-0.0519128225375128,0.4896276795536762,0.5072467631659943,355,0.539374613342868,False,0.0
Dendritic cells,ETV5,-0.09417529696544819,-0.03952881032222016,-0.05205968163411892,0.48264969692518034,0.267318231863392,355,0.29778897745575,False,0.0
Dendritic cells,HOXC10,-0.06398604523033913,-0.00919459358672618,-0.0527345995206266,0.4895906194545488,0.5057305980262896,355,0.5379037853875835,False,0.0
Dendritic cells,ZNF460,-0.015806210768643768,0.02257092357608092,-0.05413089642448649,0.4890604263246899,0.4843036678118757,355,0.5174260998064032,False,0.0
Dendritic cells,KLF10,-0.010568506310020348,0.03385422853690707,-0.05533204686665355,0.4818530717313243,0.24597113448639019,355,0.27476510495083784,False,0.0
Dendritic cells,SOX18,-0.05197298998987968,0.004070571426814825,-0.0558745704461974,0.4909161022791961,0.5614041593977845,355,0.5935305014171508,False,0.0
Dendritic cells,ZBTB32,-0.05696486493503951,-0.002767848797156673,-0.055944751986754165,0.484124421770638,0.3101178250472866,355,0.34161086853833966,False,0.0
Dendritic cells,BARHL2,-0.08240067668317035,-0.021229214416655696,-0.056304049864752646,0.48016266378644035,0.2047033531044108,355,0.2305120419316577,False,0.0
Dendritic cells,ETV1,-0.07796400238789451,-0.014636028556010379,-0.05642479003497265,0.4876314423222993,0.4290853398748329,355,0.4628310544211074,False,0.0
Dendritic cells,ZIC3,-0.11501084060167069,-0.05648003626747251,-0.06124656428863535,0.48430037377280155,0.3155109147252606,355,0.34689053287456645,False,0.0
Dendritic cells,HES6,-0.08092163055525937,-0.013558486392999532,-0.06490242621933871,0.48861002926412334,0.46649541881035383,355,0.49958720606317936,False,0.0
Dendritic cells,RXRB(var.2),-0.025392909086212057,0.04331988403666603,-0.0650174915912563,0.475975206459809,0.12454209442633185,355,0.14388843919158728,False,0.0
Dendritic cells,ZNF382,-0.06925958075682936,-6.948827795582292e-05,-0.06539889761371842,0.47601527143183864,0.12517157862574727,355,0.14457442395654393,False,0.0
Dendritic cells,ZIC5,-0.13422915513694314,-0.06913648762024564,-0.06561512543340718,0.47763623342520456,0.1527775448468605,355,0.1747139475552283,False,0.0
Dendritic cells,RXRA::VDR,-0.04782918308486509,0.0191795839748713,-0.06646070165162692,0.48322129052613655,0.2833988226863595,355,0.3143178828368999,False,0.0
Dendritic cells,REST,-0.06396934907744083,-0.001337456925863082,-0.06746918848399401,0.478392459772264,0.16714348402536394,355,0.19038922758069327,False,0.0
Dendritic cells,ZSCAN29,-0.06427100672508625,0.0081991057583035,-0.07185620292276093,0.48248409504079115,0.2627789255303108,355,0.2929742443360809,False,0.0
Dendritic cells,THRB,-0.04231238593549836,0.03836046312897183,-0.07305270858974663,0.47978438367552717,0.19620141592477358,355,0.221616674715699,False,0.0
Dendritic cells,RHOXF1,-0.0599459609049501,0.024178222126690244,-0.07429282404049926,0.4753014471801772,0.11432210622714159,355,0.13257301283892658,False,0.0
Dendritic cells,KLF6,-0.01690070852701183,0.04773447224248034,-0.07487998790356921,0.47938940982626826,0.1876034323586261,355,0.21237926338080615,False,0.0
Dendritic cells,ZNF740,-0.10350088017010947,-0.03488035651487921,-0.0750953754934291,0.47997936653940476,0.20055082535996027,355,0.22640308019151764,False,0.0
Dendritic cells,RFX7,-0.09189185857965823,-0.013644144297131724,-0.07590636630758614,0.48015598629110207,0.20455098786363135,355,0.23040459267713043,False,0.0
Dendritic cells,NR3C2,-0.09340183887872298,-0.013535236908538134,-0.07684429331172538,0.4794024309421779,0.18788237545349862,355,0.2126355499538057,False,0.0
Dendritic cells,FOXH1,-0.07076618739683706,0.008668532205338678,-0.07747184925925028,0.4704051737233881,0.05847792121992392,355,0.06989709579196815,False,0.0
Dendritic cells,ZEB1,-0.2894367103195802,-0.13905846008149905,-0.07790409584265208,0.4752042896230053,0.11290444039936534,355,0.1310416999012714,False,0.0
Dendritic cells,OVOL2,-0.10732973339878711,-0.025724633101495708,-0.0794691456303968,0.47701923285594805,0.14176870295733168,355,0.16281469547696964,False,0.0
Dendritic cells,BARX2,-0.08652342877233238,-0.004938634148282987,-0.08090131985827004,0.4778475761526609,0.15669435744361732,355,0.17904133584209989,False,0.0
Dendritic cells,KLF2,-0.032099838934796225,0.025003277625835405,-0.08171333958722023,0.47366779794566855,0.09227714542029138,355,0.10809303137536158,False,0.0
Dendritic cells,SREBF2(var.2),-0.09017507716111764,-0.005878378304246612,-0.0817143466905726,0.4823475402611235,0.2590760820970298,355,0.28908489469514137,False,0.0
Dendritic cells,MEIS2,-0.10693539507993853,-0.019607017650851245,-0.08224009223459902,0.47849763032384185,0.16921926090475636,355,0.19259103505503355,False,0.0
Dendritic cells,TFEB,-0.06009304308929147,0.03874547334851429,-0.08290151189542232,0.48283466354605054,0.27245174704670616,355,0.3031630306177038,False,0.0
Dendritic cells,PPARD,-0.05904792755230335,0.03942103238439392,-0.08555746739450712,0.4786952841858547,0.17317262554826018,355,0.1967583383791802,False,0.0
Dendritic cells,HOXC9,-0.09612552212842733,-0.005561259152034457,-0.08689080636311076,0.47531480217085376,0.11451806493763794,355,0.13276220364976593,False,0.0
Dendritic cells,TP63,-0.07690540781016786,0.012847807958914345,-0.08734651232949203,0.4773591173686662,0.14775519552477726,355,0.1693054435268334,False,0.0
Dendritic cells,ARNT2,-0.07441646581588607,0.019565152773849945,-0.08798288796576854,0.48403427558357137,0.30737848300301607,355,0.339054891556762,False,0.0
Dendritic cells,E2F1,-0.12192126157086307,-0.02625946016171017,-0.0879912736324329,0.4781877945401459,0.1631588937613807,355,0.18595517863621022,False,0.0
Dendritic cells,E2F4,-0.13332075060324772,-0.03535688701227737,-0.08865072052220807,0.47046994542816933,0.05903173309238395,355,0.07051738768579435,False,0.0
Dendritic cells,OVOL1,-0.12418122936457057,-0.031244034768039237,-0.0897562576215185,0.47302508901935975,0.08460012898734531,355,0.09950352380313929,False,0.0
Dendritic cells,SP3,-0.058659894483174393,0.00443417513820967,-0.08988177692726201,0.4727336163478441,0.08129311178559837,355,0.09569739024862699,False,0.0
Dendritic cells,E2F3,-0.1189471194276928,-0.01850367150114814,-0.09571394847030106,0.47140245765215927,0.06749885372409664,355,0.08013508279568517,False,0.0
Dendritic cells,NR2F1,-0.085274707304323,0.07870387517491728,-0.09797671291466979,0.4862348441722994,0.378833534996719,355,0.41214317897196157,False,0.0
Dendritic cells,CUX1,-0.09520337736610791,0.008540124786896405,-0.09948326104430909,0.4682793930824487,0.04255951431971347,355,0.051715956552511634,False,0.0
Dendritic cells,YY2,-0.14331474635289984,-0.044021977368644376,-0.09952182037287897,0.47169593357227635,0.0703617370576265,355,0.08336269052273991,False,0.0
Dendritic cells,CENPB,-0.12721545615468585,-0.026712223381628947,-0.09961683755293634,0.47020952310997666,0.05683121409050696,355,0.06808975191299708,False,0.0
Dendritic cells,HINFP,-0.14461818784433514,-0.047786708805912764,-0.09989263951732139,0.47360135686705274,0.09145846090886538,355,0.10719609873617304,False,0.0
Dendritic cells,EGR1,-0.1560066409262184,-0.06467111698679377,-0.10033416143447825,0.46303689149237015,0.01811886393425703,355,0.02278797745663784,False,0.0
Dendritic cells,ESRRA,-0.08099138586175925,0.046334348474374266,-0.10264973690695306,0.48011892619197466,0.2037068599002293,355,0.2295816031076122,False,0.0
Dendritic cells,SOX9,-0.08963901884113515,0.016440648178446607,-0.10376860432954488,0.46698629611019205,0.03479984786228618,355,0.04258928749268297,False,0.0
Dendritic cells,HOXA7,-0.10321542234635733,0.002611257769942751,-0.10449263784745332,0.47339902875830303,0.08900128919922802,355,0.1044674256165003,False,0.0
Dendritic cells,BARHL1,-0.1325139285771692,-0.021434357015499172,-0.10498525059783644,0.4731149013316595,0.08564078953174684,355,0.10066898153557458,False,0.0
Dendritic cells,SCRT2,-0.15305945352579933,-0.0274861398601994,-0.10572550425522101,0.466177985299494,0.03059058440246865,355,0.03768864326808409,False,0.0
Dendritic cells,PROX1,-0.08892078888003666,0.016979561058414562,-0.1066786455135409,0.47244047430249386,0.07807375880130792,355,0.09209516854521628,False,0.0
Dendritic cells,NFATC4,-0.13121195969356791,-0.006586744058225216,-0.1116382415187077,0.4683872346321618,0.04326812353064869,355,0.05249260204048114,False,0.0
Dendritic cells,RARA,-0.11521580869741313,0.031241613634896886,-0.11246051219451632,0.4758316403100361,0.12230670093287525,355,0.1413865462784038,False,0.0
Dendritic cells,KLF9,-0.09427743025161525,-0.0025417859970666983,-0.11301448038926205,0.46722334719470077,0.03612442133367269,355,0.0441302562548429,False,0.0
Dendritic cells,NFATC3,-0.13542034430002445,-0.006892361718936783,-0.11749529020159746,0.4613104250726595,0.013377450408927847,355,0.016977780537804917,False,0.0
Dendritic cells,EGR2,-0.17391137779490698,-0.05307616628502774,-0.11790464477616953,0.4660334175254204,0.029885781758417135,355,0.036842740095842694,False,0.0
Dendritic cells,SNAI2,-0.28198449405800985,-0.06847758478159018,-0.11969091922865724,0.4688693497955852,0.046559105276777105,355,0.05626587214750304,False,0.0
Dendritic cells,NR2F6(var.3),-0.11209191917535967,0.01021961203483808,-0.12033649161501678,0.4719012665539283,0.07242342645498591,355,0.08567987819791607,False,0.0
Dendritic cells,PLAGL2,-0.1602249546456694,-0.04260020988226465,-0.12308553806432702,0.4578481437397647,0.007040632643410906,355,0.009121485646890979,False,0.0
Dendritic cells,TCFL5,-0.23859620685230637,-0.09936525238209508,-0.12334881244992278,0.46629818021558295,0.03118738597922635,355,0.038412226384155194,False,0.0
Dendritic cells,ELF2,-0.14841182849866658,-0.020101476452721034,-0.12822705181462207,0.46416071395780156,0.02194434306891426,355,0.027386431849730754,False,0.0
Dendritic cells,NFIC::TLX1,-0.11769949115129584,0.03484987703401215,-0.1287585374761421,0.46381114707684296,0.020685337558112877,355,0.02588706333440294,False,0.0
Dendritic cells,SP8,-0.08863985418846161,0.010360786194436972,-0.12886329086076637,0.46170940541912137,0.014363122655366042,355,0.018200186114503917,False,0.0
Dendritic cells,TBX19,-0.14026340012917002,-0.004089939486647654,-0.12938743970819652,0.4649987396227549,0.0252372504664928,355,0.031322059934794436,False,0.0
Dendritic cells,RXRG,-0.1103230525121737,0.03504340593452551,-0.12951098668404623,0.46510224080049817,0.025672221118032704,355,0.03182285742756137,False,0.0
Dendritic cells,ESRRB,-0.11479466217505085,0.04602927099071504,-0.13020195765834686,0.47365678007836043,0.09214097801341364,355,0.10796478338901581,False,0.0
Dendritic cells,MSANTD3,-0.12101050485848691,0.004520420856955688,-0.13034317183991836,0.4622305839302736,0.0157468630109404,355,0.019903720006955596,False,0.0
Dendritic cells,KLF14,-0.09210559771028819,0.01712485571668616,-0.13324421681695367,0.4608737168775364,0.012367544211275297,355,0.01571579267550875,False,0.0
Dendritic cells,BHLHE41,-0.1173569822225773,0.026299230735323007,-0.1338027743472817,0.47492450256833163,0.10889926488966674,355,0.12661104188034242,False,0.0
Dendritic cells,MEIS1,-0.1542271638644338,-0.010402375273624878,-0.13719211149538546,0.4620943630253728,0.015374315853966607,355,0.019451057518808285,False,0.0
Dendritic cells,GATA1,-0.1363475658724283,-0.0013709070426226458,-0.13728741977200787,0.4629043432099054,0.017708647499863738,355,0.022299778333161744,False,0.0
Dendritic cells,CTCFL,-0.2010299929864891,-0.06271615412053233,-0.13749305868285264,0.4548319190954665,0.003880021522942589,355,0.005095283051550053,False,0.0
Dendritic cells,ZBED1,-0.15366644536218613,-0.007298546586566889,-0.1415628597621345,0.4561821086528654,0.005087633975002703,355,0.00664232560918391,False,0.0
Dendritic cells,NR1H2::RXRA,-0.13963013429905607,0.02268503383803484,-0.14358675797849954,0.4745926310500195,0.104295136076156,355,0.12146750735870096,False,0.0
Dendritic cells,GATA1::TAL1,-0.17728571207983085,-0.018581305628633995,-0.1458940365623534,0.45785281798650146,0.0070469496169443735,355,0.009126747167143706,False,0.0
Dendritic cells,ZIC4,-0.20199183523057312,-0.05683691701816697,-0.14596193113582961,0.4630649369727909,0.018206719366889595,355,0.022891356916853726,False,0.0
Dendritic cells,NFIX,-0.1479300196904725,-0.0002433855327664296,-0.1461812041762582,0.45891787849295607,0.008626189073799955,355,0.011083379165638176,False,0.0
Dendritic cells,TBXT,-0.1660755870183355,-0.005118687655809544,-0.14673263813886606,0.4606343286696593,0.011843109115328087,355,0.01507304796496302,False,0.0
Dendritic cells,ZBTB14,-0.2172189841558564,-0.07517480174444487,-0.14862246918400082,0.4473267482100139,0.0007582863376523483,355,0.0010481812511586612,False,0.0
Dendritic cells,MAFG,-0.1548644622949572,0.030350146314388135,-0.14919276351760938,0.4546956981905657,0.0037739398778630015,355,0.004967261140479409,False,0.0
Dendritic cells,SOX10,-0.19976060737456622,-0.02738071017673401,-0.15129162413594874,0.45670362103878454,0.005638590118721842,355,0.00734032677617393,False,0.0
Dendritic cells,NR4A2::RXRA,-0.14076343399435634,0.019662477858630442,-0.15566929092191392,0.45338423810612877,0.002879563009903379,355,0.0038224120531722672,False,0.0
Dendritic cells,GCM1,-0.18164380092296403,-0.017727950242101012,-0.15581478738103005,0.4541458064494589,0.00337198402827072,355,0.004457055661020364,False,0.0
Dendritic cells,CUX2,-0.14852007668733347,0.01552103929485176,-0.15937767445695347,0.45213988684984147,0.0022143559452831706,355,0.002969600316412234,False,0.0
Dendritic cells,ZNF354C,-0.1311333760184645,0.019735905603667395,-0.16340356392890634,0.4513900041233534,0.0018847956104241842,355,0.0025436567844483817,False,0.0
Dendritic cells,NR1I2,-0.15376944474196524,0.014938924252855446,-0.16719913688729127,0.45482156897769216,0.003871867309335308,355,0.005086225692717745,False,0.0
Dendritic cells,ZNF135,-0.14452726174683198,0.05664718748118335,-0.16726468704054898,0.45314718702162005,0.0027402574914933402,355,0.0036410777703060936,False,0.0
Dendritic cells,VDR,-0.14621272174620778,0.029307403739079207,-0.16875285325691208,0.45084745762711864,0.0016751373191287262,355,0.0022682749642552965,False,0.0
Dendritic cells,BHLHE40,-0.1598694424283606,0.015728440274887928,-0.16893329036045215,0.4606880825071324,0.011959121152436698,355,0.015211129890839007,False,0.0
Dendritic cells,FOXC1,-0.1694919588762652,-0.00043768143891042156,-0.1739404399098913,0.45287140646414936,0.002585955652555098,355,0.0034473728402760876,False,0.0
Dendritic cells,NRF1,-0.2920108412440008,-0.10474431997013132,-0.17595750292999784,0.44134471401122155,0.00017680448995318647,355,0.00025277419305674647,False,0.0
Dendritic cells,VEZF1,-0.22124164886366357,-0.03128591741351796,-0.17598600445870674,0.44992830039380527,0.0013682722090252097,355,0.001860224918587365,False,0.0
Dendritic cells,NR6A1,-0.16671646671362447,0.028939105889640823,-0.1768628763482672,0.4532703868106112,0.0028118696516987686,355,0.0037350047967082134,False,0.0
Dendritic cells,HES5,-0.14913136140772737,0.03674878723761637,-0.17949513845335485,0.448328038635988,0.0009546131059039488,355,0.001306618615185175,False,0.0
Dendritic cells,SREBF2,-0.17265643044516468,0.017827014933175653,-0.18216026953294756,0.4429770277466625,0.00026668287281753067,355,0.0003763512045412379,False,0.0
Dendritic cells,MYBL2,-0.21934525369644023,-0.024538881164824,-0.1871062753846639,0.44758383178053746,0.0008047601097335447,355,0.0011097680313503482,False,0.0
Dendritic cells,ESR1,-0.1812061184103801,0.037395127201121314,-0.18732554024687087,0.45287073871461553,0.002585591881045835,355,0.0034473728402760876,False,0.0
Dendritic cells,HIF1A,-0.2040878929496767,-0.010068531800705513,-0.18753847036893984,0.4471978725499852,0.0007359386067739806,355,0.0010186820400299437,False,0.0
Dendritic cells,ARNT::HIF1A,-0.20678371155873157,-0.007986586958484993,-0.19052596882828982,0.44858745932988,0.0010126562553997608,355,0.0013851275217536957,False,0.0
Dendritic cells,MEIS3,-0.1972038561656395,-0.0012941990022440938,-0.19219059424977467,0.4507596485634203,0.0016432959683184934,355,0.002226649527065179,False,0.0
Dendritic cells,EGR3,-0.24883712858163495,-0.05470530681567342,-0.19250989203589297,0.4368674533869091,5.430290379401637e-05,355,7.9894381363851e-05,False,0.0
Dendritic cells,GLIS3,-0.22921781034793368,-0.02769320216164245,-0.19477775451185222,0.44301542334485755,0.00026924023147975113,355,0.0003798277463622988,False,0.0
Dendritic cells,EGR4,-0.2408353078013919,-0.037383210137668,-0.19571352704597983,0.44412989731681546,0.0003542986966568386,355,0.0004965336081307825,False,0.0
Dendritic cells,TLX2,-0.185197388128045,0.010814929854629505,-0.19579296374429886,0.44145055231233316,0.00018163651445244388,355,0.000259315927125825,False,0.0
Dendritic cells,MAFF,-0.20526720960191697,0.017754567559255748,-0.2025665584263362,0.43533663758060986,3.5625272796615137e-05,355,5.2895359168845816e-05,False,0.0
Dendritic cells,RORB,-0.22299528458879886,0.018646002889533362,-0.20296994647225505,0.4366571122837535,5.127485535191992e-05,355,7.546673872457912e-05,False,0.0
Dendritic cells,PAX4,-0.19381092849887138,0.010822849214835317,-0.20328139713225946,0.4371585921836578,5.877463677034211e-05,355,8.622269049050188e-05,False,0.0
Dendritic cells,KLF11,-0.1443722340897148,0.011956958272682955,-0.2037775367193431,0.43967033205514944,0.00011474388807614039,355,0.0001659827569381709,False,0.0
Dendritic cells,ONECUT3,-0.1882585608734749,0.01531639133386967,-0.20499528609527035,0.4441502636775972,0.00035606477747399855,355,0.0004986632362962264,False,0.0
Dendritic cells,ONECUT1,-0.20647144486243352,0.0005079560604404584,-0.2054281621289969,0.4435576359663254,0.00030789866978067886,355,0.00043375975554757197,False,0.0
Dendritic cells,NR4A1,-0.20689244675679447,0.012705566459356592,-0.2191721556233454,0.43536735405916593,3.593110182030374e-05,355,5.332987452859461e-05,False,0.0
Dendritic cells,GLIS2,-0.2839670902903523,-0.05342614506268777,-0.21968649330227719,0.43329933375290264,2.0042741480613144e-05,355,3.013486883335592e-05,False,0.0
Dendritic cells,ZNF384,-0.18548832934895296,0.00014600699944532382,-0.2207391715653694,0.43575832141122184,4.0048135592795665e-05,355,5.928823878831001e-05,False,0.0
Dendritic cells,E2F2,-0.2497659033299425,-0.013023973974485556,-0.22083212259452428,0.4339096568268208,2.3852322369495804e-05,355,3.57563898877288e-05,False,0.0
Dendritic cells,YY1,-0.21659112464979488,-0.0022998803942553946,-0.2211081286833136,0.4357369534261394,3.981201382613764e-05,355,5.89602518084015e-05,False,0.0
Dendritic cells,GATA4,-0.23933315508967276,0.00951241634037759,-0.22450303280162,0.43933412016486734,0.0001050647382858101,355,0.0001524173291876614,False,0.0
Dendritic cells,RORC,-0.27975914689631176,0.004632251217933347,-0.22561686451237115,0.4417189876249318,0.000194454532732097,355,0.00027712681910322805,False,0.0
Dendritic cells,SOX15,-0.23421393992499454,-0.00364105707923454,-0.23128199687518441,0.43630888090186254,4.6610691988441486e-05,355,6.885244972078651e-05,False,0.0
Dendritic cells,RORA,-0.25510982814118555,0.005778133634479452,-0.23606349820759798,0.4308283266029745,9.761283045428782e-06,355,1.4897831460507298e-05,False,0.0
Dendritic cells,CTCF,-0.6003926402574301,-0.10289395655588418,-0.24885523452218092,0.41972665672832776,2.8642598235364815e-07,355,4.682341513546911e-07,False,0.0
Dendritic cells,GATA2,-0.28892126229773707,0.005811869944762538,-0.2572436794705331,0.4275059387974165,3.572694843417584e-06,355,5.563942777701134e-06,False,0.0
Dendritic cells,ZSCAN4,-0.34323015131547097,-0.028910360902355277,-0.25739149627687086,0.42298026633190156,8.472741170718662e-07,355,1.3565773952009384e-06,False,0.0
Dendritic cells,RORA(var.2),-0.28131600894578684,0.016172257785665833,-0.25937172699576,0.4309358342779207,1.0076674435563202e-05,355,1.5347067390228167e-05,False,0.0
Dendritic cells,FOXB1,-0.25047967511887004,0.008892694406482247,-0.26143756668874435,0.42286808441021856,8.167448126275713e-07,355,1.3092509952025172e-06,False,0.0
Dendritic cells,GATA6,-0.3125985420397739,0.008736402169517788,-0.267414602922275,0.42564058047466974,1.993648627456715e-06,355,3.1337615954506093e-06,False,0.0
Dendritic cells,SREBF1(var.2),-0.26756842877593867,0.018769257213470017,-0.2715237534078266,0.4249734986903762,1.6128793320255669e-06,355,2.5530945920874193e-06,False,0.0
Dendritic cells,ELK1,-0.33708222492543777,-0.049950357834930355,-0.2735502359401223,0.41747801017316416,1.3208384169446737e-07,355,2.2046667635965964e-07,False,0.0
Dendritic cells,ETV3,-0.3395500087938628,-0.04351394420526079,-0.27785379836354535,0.41935204923985064,2.5212400938547966e-07,355,4.138311326465114e-07,False,0.0
Dendritic cells,SREBF1,-0.27734638200539735,0.013552691579452806,-0.2825930216497538,0.4150757812252202,5.6507574069828703e-08,355,9.574105723891412e-08,False,0.0
Dendritic cells,HES7,-0.26136690633560056,0.03198328292832392,-0.2911549303849712,0.4214377649087604,5.093181903902518e-07,355,8.232926081977461e-07,False,0.0
Dendritic cells,ETS2,-0.3508400028357301,-0.036894354453582176,-0.296726359734172,0.4186121827563699,1.9565505876626752e-07,355,3.231103541911504e-07,False,0.0
Dendritic cells,FOXC2,-0.3088049058350303,0.006426614135605794,-0.31753812432485645,0.4103204029200687,9.835370657059444e-09,355,1.711566007675807e-08,False,0.0
Dendritic cells,FOXD2,-0.29514902892654465,0.014236766379376419,-0.3238727313324144,0.40336478990095603,6.481920697719329e-10,355,1.1749933307783336e-09,False,0.0
Dendritic cells,FEV,-0.3989253261237826,-0.04249885458673896,-0.32502452541890364,0.4087795708707621,5.4748897224073846e-09,355,9.589352301671117e-09,False,0.0
Dendritic cells,NKX2-8,-0.31952290738892086,0.019081103274035185,-0.3272750742707264,0.3995532755618695,1.3456021063676687e-10,355,2.479192223298537e-10,False,0.0
Dendritic cells,ONECUT2,-0.33010953862798353,0.006675907332280063,-0.3314490098213709,0.40719166247932065,2.964069398614949e-09,355,5.236954055369469e-09,False,0.0
Dendritic cells,GATA5,-0.4156804595484044,-2.063006441079171e-05,-0.3360479398095636,0.4008146544312694,2.2786100543951209e-10,355,4.179173291061949e-10,False,0.0
Dendritic cells,NKX2-3,-0.37164315785685176,0.004557908439085633,-0.3410410020946024,0.39901740656097306,1.0737403856088698e-10,355,1.9873529735468835e-10,False,0.0
Dendritic cells,FOXE1,-0.34405317393518825,0.00498456585528771,-0.34537568615806297,0.40659369277177826,2.3464099203557e-09,355,4.171166317117383e-09,False,0.0
Dendritic cells,ELK3,-0.4338545667582332,-0.04686905043551553,-0.35431776489977856,0.39283204262913024,7.300787340446612e-12,355,1.4126726723791007e-11,False,0.0
Dendritic cells,SRY,-0.4256241650988602,0.010159281559421437,-0.3731998472870217,0.39329612855514023,8.980062227554286e-12,355,1.7326338470522003e-11,False,0.0
Dendritic cells,TBR1,-0.6198392649501526,0.011415347405778339,-0.3797455934143944,0.3955451089850708,2.419213658998909e-11,355,4.58460818000449e-11,False,0.0
Dendritic cells,GATA3,-0.47603289113594094,0.008968083565167161,-0.3969599291777295,0.3836852095147631,1.0344123028122908e-13,355,2.1041891287976514e-13,False,0.0
Dendritic cells,MGA,-0.5081677808029971,0.015476628032600328,-0.4071444869140937,0.3880426090977535,8.195396737238134e-13,355,1.6254203528855632e-12,False,0.0
Dendritic cells,EOMES,-0.6803691182466031,0.025994030562461398,-0.41624687583234526,0.38475494426795454,1.7315515304505734e-13,355,3.4959368723567963e-13,False,0.0
Dendritic cells,TBX18,-0.5650214027162713,-0.0031542525482727013,-0.4371337684207194,0.3810001886392433,2.7816443688314182e-14,355,5.762689767686594e-14,False,0.0
Dendritic cells,TBX2,-0.7539936925409589,0.010506896861474086,-0.4482931766346926,0.36976797373073333,8.346940136098583e-17,355,1.855588999486531e-16,False,0.0
Dendritic cells,ETV2,-0.555700727564539,-0.02200778556633723,-0.45338570588633637,0.36879172391227777,4.918460364398052e-17,355,1.0982389974809338e-16,False,0.0
Dendritic cells,FOXF2,-0.48470801807395314,0.0065547854491725364,-0.4649480845098144,0.3639952790107958,3.4596536444001214e-18,355,8.00329253587358e-18,False,0.0
Dendritic cells,TBX1,-0.636602578694921,0.026423209119064678,-0.4696251173392556,0.36791229777622714,3.044267824821725e-17,355,6.835242851958213e-17,False,0.0
Dendritic cells,ZBTB7A,-0.5637197847466594,-0.05155840579960415,-0.4702159956153472,0.3607723858857781,5.517892456346869e-19,355,1.3040533223352472e-18,False,0.0
Dendritic cells,FLI1,-0.6018890535459106,-0.048072086712764146,-0.47184178595043536,0.3650513248985438,6.2561719117979996e-18,355,1.435761290705315e-17,False,0.0
Dendritic cells,TBX20,-0.708401354863015,0.022928589873982927,-0.4808571047853657,0.35905226308663885,2.0361151634389871e-19,355,4.874628373534996e-19,False,0.0
Dendritic cells,FOXA1,-0.5577603516088143,0.0072395011264433495,-0.49396025871792665,0.36394018967425507,3.353960820395423e-18,355,7.763229679244783e-18,False,0.0
Dendritic cells,TBX21,-0.8248663500022629,0.026053206557450217,-0.50763941302952,0.35414129914010556,1.106853170443957e-20,355,2.719081923264268e-20,False,0.0
Dendritic cells,SPDEF,-0.6249422350608871,-0.04054240428232503,-0.5084444897119166,0.35518465778671077,2.07169840525308e-20,355,5.0585948990066155e-20,False,0.0
Dendritic cells,ETS1,-0.6807883135574707,-0.05230286104169802,-0.5123844482764188,0.35434162400025376,1.248842582965573e-20,355,3.064170461296973e-20,False,0.0
Dendritic cells,LEF1,-0.9279517324769971,0.020054084638485098,-0.5561244134695447,0.3383870843885167,5.0227873158372265e-25,355,1.359344313035279e-24,False,0.0
Dendritic cells,ERG,-0.7099266832085053,-0.03878111845380252,-0.5590571689312067,0.3414480482515813,3.792727707287456e-24,355,1.0062541838481998e-23,False,0.0
Dendritic cells,TBX6,-0.7830422524685455,0.024092337877346433,-0.5783983020789807,0.3375403779796236,2.8521021919697815e-25,355,7.760326475258733e-25,False,0.0
Dendritic cells,TCF7,-1.0581105086451132,0.009668666572785221,-0.5812840874827214,0.32821692511355915,4.627340028819734e-28,355,1.3353935632385625e-27,False,0.0
Dendritic cells,ELK4,-0.7837620595184677,-0.05642255255013796,-0.5850251615016553,0.32513325776634444,5.115985600851149e-29,355,1.515320478846541e-28,False,0.0
Dendritic cells,TBX4,-0.8714509766975959,0.013709912037420125,-0.5888995372154279,0.3379310114569126,3.704365870498197e-25,355,1.0058969336936714e-24,False,0.0
Dendritic cells,TCF7L1,-0.7811649092998761,0.007613606575594851,-0.5915929524083953,0.32976109591053493,1.37392894551005e-27,355,3.925788498258236e-27,False,0.0
Dendritic cells,TBX3,-0.7677551601721226,0.022754551231621976,-0.5971519329735105,0.33307880946935614,1.3779511899500924e-26,355,3.8582633318602584e-26,False,0.0
Dendritic cells,FOXN3,-0.7001663129012716,0.012492489303960574,-0.5973783128673144,0.33135568179731467,4.184285032994351e-27,355,1.1855474260150661e-26,False,0.0
Dendritic cells,ERF,-0.765824714343938,-0.03533009954511511,-0.5976845544109081,0.3293477589490958,1.0276932800888475e-27,355,2.9447925008778165e-27,False,0.0
Dendritic cells,FOXG1,-0.6562509562905309,0.018730269799785797,-0.6041696179750244,0.3299216896734204,1.5377191884642903e-27,355,4.390692898042709e-27,False,0.0
Dendritic cells,FOXP2,-0.6991432016752833,0.00856745368367711,-0.611240770777567,0.32939082879402765,1.0592959152805753e-27,355,3.0310546486741217e-27,False,0.0
Dendritic cells,FOXK1,-0.8053014871974803,0.003450226459271273,-0.6390630472446467,0.3203802165845613,1.5920594414382713e-30,355,4.82869003002942e-30,False,0.0
Dendritic cells,FOXO3,-0.829962548745692,-0.001484392714044002,-0.6513959115344876,0.31825810856605796,3.2830825146800057e-31,355,1.0063145344238867e-30,False,0.0
Dendritic cells,TCF7L2,-1.2186321100776987,0.012172614217909494,-0.6524580050327905,0.30786291769820057,1.1035177418686501e-34,355,3.6064885166401925e-34,False,0.0
Dendritic cells,FOXA2,-0.7955751639856523,0.009912053246995381,-0.6544445743910453,0.3178113841279275,2.349247116216312e-31,355,7.206257643829566e-31,False,0.0
Dendritic cells,FOXD1,-0.8913841915709212,-0.002794858820837474,-0.6746772887295971,0.312181587808229,3.2283340566262656e-33,355,1.0284913065440843e-32,False,0.0
Dendritic cells,FOXA3,-0.8777837852347269,0.012406844107235296,-0.6907302937365591,0.30735676355155944,7.392394603821801e-35,355,2.4218322726366808e-34,False,0.0
Dendritic cells,FOXP1,-0.8795460491963104,0.016832690596950813,-0.6991483011512062,0.30613378028035465,2.7958289826733415e-35,355,9.249324663856369e-35,False,0.0
Monocytes,CEBPG(var.2),4.446787952424773,-2.82707935280272,3.4687042129253687,0.9835859767128899,0.0,3489,0.0,True,3.4687042129253687
Monocytes,CEBPB,4.333514922107909,-2.651391085186744,3.269171397638133,0.9793144770555795,0.0,3489,0.0,True,3.269171397638133
Monocytes,HLF,3.2649169371899585,-2.0694210411554974,3.094644052017931,0.9757644064070982,0.0,3489,0.0,True,3.094644052017931
Monocytes,MAF::NFE2,3.3651201739270786,-2.0610723541200553,2.6702493144106154,0.9623274938551792,0.0,3489,0.0,True,2.6702493144106154
Monocytes,MAFK,2.576251029750712,-1.531270396110981,2.5726940654572843,0.9577972136993467,0.0,3489,0.0,True,2.5726940654572843
Monocytes,JUN,2.1091958458760587,-1.215642821219139,2.396181392345584,0.9481302919814744,0.0,3489,0.0,True,2.396181392345584
Monocytes,FOS,3.9999934637959274,-2.3747135083822646,2.292394649094624,0.9413029835910572,0.0,3489,0.0,True,2.292394649094624
Monocytes,SPIC,3.8398279714547345,-2.4245421781788106,2.26285544770948,0.9309358195718371,0.0,3489,0.0,True,2.26285544770948
Monocytes,TEF,1.7235993741462572,-1.048170558969825,2.2021665846534217,0.9370113781807288,0.0,3489,0.0,True,2.2021665846534217
Monocytes,DBP,1.5739317378021684,-0.9435573784912495,2.0701686642327646,0.9251351476829714,0.0,3489,0.0,True,2.0701686642327646
Monocytes,NR2F1,1.5228036435728691,-0.882389183229872,2.0204186269969857,0.9201005482222704,0.0,3489,0.0,True,2.0204186269969857
Monocytes,EHF,2.0083985184412874,-1.2249752197945556,1.9377907048813279,0.9173711382023522,0.0,3489,0.0,True,1.9377907048813279
Monocytes,ATF2,1.5757932542051565,-0.8978843519627545,1.9046183568949355,0.9099056883445058,0.0,3489,0.0,True,1.9046183568949355
Monocytes,JUND(var.2),1.4805749095352572,-0.8500796932363286,1.898796080385868,0.9079038147261345,0.0,3489,0.0,True,1.898796080385868
Monocytes,CREB1,1.5256625713575418,-0.8542092341565127,1.8742210768505494,0.9071411473045292,0.0,3489,0.0,True,1.8742210768505494
Monocytes,NR2C2(var.2),1.252782938259527,-0.7649308619408757,1.7609840314471519,0.8925782044881554,0.0,3489,0.0,True,1.7609840314471519
Monocytes,IKZF1,1.3942654800098906,-0.8778690181427539,1.7182265964187475,0.8937166657289387,0.0,3489,0.0,True,1.7182265964187475
Monocytes,ELF3,1.3407094194300686,-0.820542297454069,1.635453841125732,0.8855461092746596,0.0,3489,0.0,True,1.635453841125732
Monocytes,NR2F2,1.139775938234644,-0.6709263694995073,1.6055716944053333,0.8726039495806086,0.0,3489,0.0,True,1.6055716944053333
Monocytes,ELF5,1.4375798921000371,-0.8570680425706373,1.6048666270616128,0.8757529320754699,0.0,3489,0.0,True,1.6048666270616128
Monocytes,NR4A2,1.1469860677721793,-0.6463497725207531,1.589156639119897,0.8687720200558129,0.0,3489,0.0,True,1.589156639119897
Monocytes,NR5A1,1.1146968680125362,-0.631064129589547,1.5885509391713235,0.8695499829830744,0.0,3489,0.0,True,1.5885509391713235
Monocytes,NR1H4,1.1078566527070175,-0.6646169660706642,1.551094562987768,0.8633323869577006,0.0,3489,0.0,True,1.551094562987768
Monocytes,FOS::JUN(var.2),1.1336283488315597,-0.6294432473352691,1.5100863592627416,0.8571932141786419,0.0,3489,0.0,True,1.5100863592627416
Monocytes,ZNF135,0.9244753320832227,-0.5277897964887339,1.4953595791280732,0.8542194003545639,0.0,3489,0.0,True,1.4953595791280732
Monocytes,FOSL2::JUN(var.2),1.1300201547231807,-0.6162297932302071,1.4692737229535342,0.851505988460703,0.0,3489,0.0,True,1.4692737229535342
Monocytes,FOSL2::JUND(var.2),1.1281023224547897,-0.6216328380548519,1.4674450965402166,0.8507670479895679,0.0,3489,0.0,True,1.4674450965402166
Monocytes,RARA,0.954467431690988,-0.5859801974391522,1.4499661247481161,0.8480026150450377,0.0,3489,0.0,True,1.4499661247481161
Monocytes,USF1,1.0463488836191657,-0.6034687446487362,1.4477510491697452,0.8471520660255634,0.0,3489,0.0,True,1.4477510491697452
Monocytes,NR1D1,0.9190853928571749,-0.534973928117973,1.36293255512011,0.8331189530393927,0.0,3489,0.0,True,1.36293255512011
Monocytes,JDP2(var.2),1.031394604642119,-0.551069976618277,1.3577795679761657,0.8317071724625553,0.0,3489,0.0,True,1.3577795679761657
Monocytes,THRB(var.3),0.9316692969390323,-0.5270989254390531,1.3465683151805423,0.8306471885158101,0.0,3489,0.0,True,1.3465683151805423
Monocytes,EWSR1-FLI1,0.7743197262560032,-0.463697010476977,1.321333733804325,0.8290900195636544,0.0,3489,0.0,True,1.321333733804325
Monocytes,FOSB::JUN,0.9943984706645574,-0.5323945816399346,1.3187580049933003,0.8256431260186983,0.0,3489,0.0,True,1.3187580049933003
Monocytes,FOSL2::JUNB(var.2),0.9981942773358162,-0.5276715321535153,1.312902004576481,0.8242766374338747,0.0,3489,0.0,True,1.312902004576481
Monocytes,NFIB,0.8601072005906888,-0.47441396376643574,1.2994205026690233,0.8204110361775461,0.0,3489,0.0,True,1.2994205026690233
Monocytes,NR2C1,0.9100677563921389,-0.511226255384932,1.2885135406439117,0.8194761727099318,0.0,3489,0.0,True,1.2885135406439117
Monocytes,NFIC(var.2),0.8791038496500493,-0.4986024560894468,1.286994091710246,0.8194180714075275,0.0,3489,0.0,True,1.286994091710246
Monocytes,ESRRA,0.8555025704634411,-0.4945648712520445,1.2855894974124251,0.8187464743994581,0.0,3489,0.0,True,1.2855894974124251
Monocytes,ATF7,0.9601030206579113,-0.5052972976955181,1.2751742728947812,0.8177861544542323,0.0,3489,0.0,True,1.2751742728947812
Monocytes,ZKSCAN5,0.9400399198045137,-0.5402842910209418,1.2480938605071314,0.824894727196009,0.0,3489,0.0,True,1.2480938605071314
Monocytes,FOSL1::JUN(var.2),0.9375575318095639,-0.498049958943737,1.2439423763034456,0.8103514037031446,0.0,3489,0.0,True,1.2439423763034456
Monocytes,ESRRB,0.8302519769077219,-0.48070003642363224,1.2413739028267687,0.8108911242666873,0.0,3489,0.0,True,1.2413739028267687
Monocytes,NFYB,0.8064588640177661,-0.4270938025802553,1.232362368533232,0.807512925377876,0.0,3489,0.0,True,1.232362368533232
Monocytes,RARA(var.2),0.8120008482652745,-0.47620790893793985,1.231411085357613,0.810128781131421,0.0,3489,0.0,True,1.231411085357613
Monocytes,MAFG,0.8007607445543229,-0.48892455919484173,1.205627268595974,0.8055052146054027,0.0,3489,0.0,True,1.205627268595974
Monocytes,CREM,0.895706608219592,-0.48036802296825754,1.1994082735851084,0.8027962346248415,0.0,3489,0.0,True,1.1994082735851084
Monocytes,NR2F1(var.2),0.7671653383277373,-0.4472600153765655,1.1983122528238221,0.8002971219533366,0.0,3489,0.0,True,1.1983122528238221
Monocytes,FOSL1::JUND(var.2),0.8579054557037235,-0.4753962311117935,1.1919702893265005,0.8002457766163282,0.0,3489,0.0,True,1.1919702893265005
Monocytes,FOSB::JUNB(var.2),0.8636002918451003,-0.4616750661709865,1.168983211492078,0.7961609037471125,0.0,3489,0.0,True,1.168983211492078
Monocytes,ZBTB26,0.7383891005060234,-0.4529351720204341,1.1574190829079107,0.7947339898077884,0.0,3489,0.0,True,1.1574190829079107
Monocytes,RARA::RXRG,0.7834397346459936,-0.41775313230346856,1.1517967045549018,0.7922853036619981,0.0,3489,0.0,True,1.1517967045549018
Monocytes,ETV6,0.9020305353353124,-0.5389344820385117,1.14255813907305,0.7988781530293181,0.0,3489,0.0,True,1.14255813907305
Monocytes,IRF1,1.035603512848639,-0.6870800679938314,1.132459732772574,0.8043771305274674,0.0,3489,0.0,True,1.132459732772574
Monocytes,HNF4A,0.7042450609222671,-0.4172718990050526,1.1117144167439006,0.7848068823505917,0.0,3489,0.0,True,1.1117144167439006
Monocytes,JUN::JUNB(var.2),0.8003669640755002,-0.43057954728399184,1.110006476333837,0.785003778206088,0.0,3489,0.0,True,1.110006476333837
Monocytes,ZNF528,0.7124850083889763,-0.4253876017279537,1.1088019305317027,0.7853154173778671,0.0,3489,0.0,True,1.1088019305317027
Monocytes,PPARD,0.704064413414016,-0.40445926880170296,1.0918503909532682,0.7784418981841424,0.0,3489,0.0,True,1.0918503909532682
Monocytes,PBX3,0.7199136574492253,-0.3889582564084407,1.0856734932009329,0.7800837058707772,0.0,3489,0.0,True,1.0856734932009329
Monocytes,MEF2B,0.8374343311960333,-0.5448651833677818,1.0821525884741647,0.7901966834479442,0.0,3489,0.0,True,1.0821525884741647
Monocytes,NFIC::TLX1,0.708082396981168,-0.4183017895323499,1.073559260155938,0.7752300581872383,0.0,3489,0.0,True,1.073559260155938
Monocytes,RXRB,0.6819688371827665,-0.38957855123436097,1.0660233117076063,0.7751156391572944,0.0,3489,0.0,True,1.0660233117076063
Monocytes,RXRG(var.2),0.7278397825686534,-0.3865407153726161,1.0657523468672507,0.7729244363646701,0.0,3489,0.0,True,1.0657523468672507
Monocytes,ESR2,0.6830381052116655,-0.3920377681307325,1.0405542092166078,0.772439358049249,0.0,3489,0.0,True,1.0405542092166078
Monocytes,ESR1,0.6781691650405018,-0.3988228739706088,1.0334937191291962,0.7682509297424458,0.0,3489,0.0,True,1.0334937191291962
Monocytes,ZNF140,0.6476954655993787,-0.39305328594089883,1.0255056118686192,0.7656645840457499,0.0,3489,0.0,True,1.0255056118686192
Monocytes,RXRG,0.6444725406255223,-0.37564928569011474,1.0142989292791516,0.7629710617140144,0.0,3489,0.0,True,1.0142989292791516
Monocytes,ZNF460,0.40835088322693197,-0.23381417201399968,1.010354969959499,0.761143600098302,0.0,3489,0.0,True,1.010354969959499
Monocytes,MXI1,0.6496739624690738,-0.3983435758201283,1.0074679972707359,0.7623621060170952,0.0,3489,0.0,True,1.0074679972707359
Monocytes,HNF4A(var.2),0.652883851183309,-0.37911945914424344,0.9924443930382858,0.7573068603261445,0.0,3489,0.0,True,0.9924443930382858
Monocytes,TFAP2A,0.6003318704434313,-0.3363134884380545,0.9900885762515483,0.7595538403690768,0.0,3489,0.0,True,0.9900885762515483
Monocytes,GFI1,0.6508652200819653,-0.379246655576606,0.9871729322214441,0.7594733633092815,0.0,3489,0.0,True,0.9871729322214441
Monocytes,PKNOX1,0.6441398397232624,-0.35210809439553425,0.9797547208970102,0.7575099716698049,0.0,3489,0.0,True,0.9797547208970102
Monocytes,NRL,0.6400273311061777,-0.396174965825013,0.9717548938732752,0.7548563906054896,0.0,3489,0.0,True,0.9717548938732752
Monocytes,THRB,0.618155600803935,-0.3485043486315097,0.9685801202610999,0.7515377523076081,0.0,3489,0.0,True,0.9685801202610999
Monocytes,JUNB(var.2),0.6975575794390405,-0.36577996147230785,0.9597540025735114,0.7514702467013729,0.0,3489,0.0,True,0.9597540025735114
Monocytes,TFEB,0.6574810563757695,-0.37495547376019933,0.9558696145150843,0.7482765126917296,0.0,3489,0.0,True,0.9558696145150843
Monocytes,STAT1::STAT2,0.9690078308732049,-0.6438704652076281,0.9473701310549595,0.7758033964345906,0.0,3489,0.0,True,0.9473701310549595
Monocytes,RHOXF1,0.6060572196897228,-0.36428866595056025,0.9438073761173531,0.7489141677296502,0.0,3489,0.0,True,0.9438073761173531
Monocytes,MEF2D,0.6899445964036733,-0.4571063714553178,0.9388074432687018,0.7620986774143808,0.0,3489,0.0,True,0.9388074432687018
Monocytes,NR6A1,0.5887275597135724,-0.3524600349110121,0.935033806955515,0.7456963824831978,0.0,3489,0.0,True,0.935033806955515
Monocytes,RARA::RXRA,0.6051062012832222,-0.33397311463216306,0.9275242813283338,0.7445658662577199,0.0,3489,0.0,True,0.9275242813283338
Monocytes,NR1H2::RXRA,0.5885913309181067,-0.36050730167036327,0.9204406108803231,0.7425876655420957,0.0,3489,0.0,True,0.9204406108803231
Monocytes,RARB(var.3),0.6077779282531544,-0.3177672754446751,0.9052988293168177,0.7395020810265089,0.0,3489,0.0,True,0.9052988293168177
Monocytes,ELF1,0.6288224832814217,-0.3863069518831957,0.9045925193541463,0.7445472738409507,0.0,3489,0.0,True,0.9045925193541463
Monocytes,MEF2C,0.5665342325169624,-0.37453217883151974,0.8762508471675164,0.7420106520495681,0.0,3489,0.0,True,0.8762508471675164
Monocytes,CREB3L4(var.2),0.6274719835455304,-0.32860136651707833,0.8738578176821737,0.7321963421906201,5.200549498981546e-298,3489,1.1373742309664506e-296,True,0.8738578176821737
Monocytes,HSF2,0.5511297685779003,-0.33368724671780503,0.8568103110630728,0.7311013353192629,3.1602426250464753e-295,3489,6.837615861464192e-294,True,0.8568103110630728
Monocytes,KLF3,0.47467715446061187,-0.23333692784702642,0.8509002696357097,0.7284449978210661,1.5773587672377232e-288,3489,3.306732420851724e-287,True,0.8509002696357097
Monocytes,MAFF,0.5265112692337994,-0.3319012617891694,0.8426876112843318,0.7258793524023429,3.926873033951206e-282,3489,8.065039743840903e-281,True,0.8426876112843318
Monocytes,NR1D2,0.5388249070971082,-0.32898493162092207,0.8416834792366531,0.72449751426414,1.0210883347946352e-278,3489,2.0865269709995424e-277,True,0.8416834792366531
Monocytes,DUXA,0.5323681125872256,-0.32771518330489596,0.835851029308881,0.7240639974766199,1.191589576448524e-277,3489,2.422699209201371e-276,True,0.835851029308881
Monocytes,PITX2,0.5321420535644227,-0.31786705171268914,0.8272569400377505,0.7208279981474602,9.466662986938252e-270,3489,1.8775548257427532e-268,True,0.8272569400377505
Monocytes,TEAD4,0.5263191985147796,-0.31903125224471146,0.8266737644141023,0.7220583945653501,9.681446228141947e-273,3489,1.9296123861607053e-271,True,0.8266737644141023
Monocytes,MEF2A,0.532787966290134,-0.34681115054788636,0.8250054747562017,0.7325087920782468,8.305111199480919e-299,3489,1.8262217344075976e-297,True,0.8250054747562017
Monocytes,DMRTA2,0.5073780020210633,-0.3321001677457568,0.8218075873395115,0.7201509963670741,4.115788955405877e-268,3489,8.006001016140469e-267,True,0.8218075873395115
Monocytes,ZNF682,0.4920787067613211,-0.23058822855640312,0.8043742681464174,0.7178216475940359,1.6323319118646132e-262,3489,3.1006642795325e-261,True,0.8043742681464174
Monocytes,TFE3,0.5444983856425302,-0.3070089027422628,0.7963851003245155,0.7093935537388675,9.379652244796534e-243,3489,1.6148967226573098e-241,True,0.7963851003245155
Monocytes,SOX13,0.5102540431460818,-0.2935987378804757,0.7812153512722014,0.7079463178556328,1.9359207171000205e-239,3489,3.304951570205352e-238,True,0.7812153512722014
Monocytes,MYCN,0.5038418999289865,-0.2569196209865654,0.7461171197103357,0.7009206002734707,1.1278786069052643e-223,3489,1.7484279094018005e-222,True,0.7461171197103357
Monocytes,CREB3,0.510266866123736,-0.2664254618477446,0.7429339056525589,0.7006240944641782,5.078254681931315e-223,3489,7.842220779806908e-222,True,0.7429339056525589
Monocytes,DMRTC2,0.4460232829793501,-0.29570117602076,0.7311633087929865,0.6962728744151969,1.5287741927627148e-213,3489,2.2994127821256299e-212,True,0.7311633087929865
Monocytes,OTX2,0.45055515861209394,-0.2850506370308446,0.722502471196239,0.6950545846872963,6.325285050440817e-211,3489,9.272501200754908e-210,True,0.722502471196239
Monocytes,MITF,0.4823587857557009,-0.2898654310206428,0.7224085298610866,0.6924826697326859,1.870010783928146e-205,3489,2.6735207179410878e-204,True,0.7224085298610866
Monocytes,NR2C2,0.41729686195394,-0.23338741136151164,0.7168607159771535,0.6921461686082501,9.599770737280888e-205,3489,1.3533335332069157e-203,True,0.7168607159771535
Monocytes,PPARA::RXRA,0.44390249158613665,-0.2761152920701229,0.7165361659266464,0.6954966410150768,7.136362312350251e-212,3489,1.057645491420114e-210,True,0.7165361659266464
Monocytes,HOXA4,0.47114928960747643,-0.31891570874993136,0.7126146585755125,0.695666621104436,3.0798772300172064e-212,3489,4.581317379650595e-211,True,0.7126146585755125
Monocytes,TEAD1,0.44965742852848645,-0.2549043792594271,0.7024628178373815,0.6916004487474359,1.3543798692622806e-203,3489,1.896131816967193e-202,True,0.7024628178373815
Monocytes,TFEC,0.4776507653196503,-0.25942477004678444,0.699963013481908,0.6863417674264858,1.0995371219334968e-192,3489,1.4397175389459313e-191,True,0.699963013481908
Monocytes,SOX2,0.4499393163896423,-0.26206622686603565,0.6954676740207462,0.6884070930718548,6.20415617930892e-197,3489,8.311925795193342e-196,True,0.6954676740207462
Monocytes,GABPA,0.48230364864022657,-0.30201630541006536,0.6938021015112037,0.6929986092980353,1.5142248201377564e-206,3489,2.180268192981268e-205,True,0.6938021015112037
Monocytes,PPARG,0.4474011608161629,-0.2621039806761685,0.6910155611610089,0.6886053941681534,2.4115943861060075e-197,3489,3.2416315236494705e-196,True,0.6910155611610089
Monocytes,VDR,0.4277369330206528,-0.2445810126687441,0.680956720410783,0.68539868870495,9.239610668151619e-191,3489,1.1830210368146029e-189,True,0.680956720410783
Monocytes,GMEB2,0.45840944596037103,-0.2545709508797067,0.6735410684799763,0.6822303571251951,2.2887628810014543e-184,3489,2.8319066105602093e-183,True,0.6735410684799763
Monocytes,PRDM4,0.4092091696781348,-0.2666223634146403,0.6652346957639332,0.6856395794071041,2.985514515463619e-191,3489,3.834727533195493e-190,True,0.6652346957639332
Monocytes,RARG(var.3),0.4482200932146581,-0.23799668391084175,0.6631580297712478,0.6811928570312872,2.688201234946538e-182,3489,3.305915561274679e-181,True,0.6631580297712478
Monocytes,TFAP2C(var.2),0.3337701348196773,-0.1947816007102563,0.6442444138739,0.6783215176903332,1.2486829372473157e-176,3489,1.481575121437724e-175,True,0.6442444138739
Monocytes,RXRB(var.2),0.4275542397946594,-0.21407908047365967,0.6357730995353803,0.6749662350361447,4.0194106645585914e-170,3489,4.633201011055288e-169,True,0.6357730995353803
Monocytes,ZNF24,0.38882303101683446,-0.23855520168724056,0.6347321802934066,0.674984827452914,3.70204195126023e-170,3489,4.2795604956568257e-169,True,0.6347321802934066
Monocytes,BACH2(var.2),0.4226420604007992,-0.23461987063909084,0.6327751008433519,0.6744000310882504,4.8998143295708684e-169,3489,5.584408106322178e-168,True,0.6327751008433519
Monocytes,MAFA,0.4090702632487681,-0.2395519916575467,0.6314106463060944,0.6725861354510528,1.3986611165659978e-165,3489,1.5632549385707257e-164,True,0.6314106463060944
Monocytes,HIC2,0.3994975451022683,-0.21818321560239237,0.6277734106446948,0.6735586161339913,1.9841953124187726e-167,3489,2.2362268061410458e-166,True,0.6277734106446948
Monocytes,ZBTB6,0.38078774607308014,-0.20965389378711466,0.6274916455536567,0.6715663630103436,1.1819257926838754e-163,3489,1.2924518262699893e-162,True,0.6274916455536567
Monocytes,ZNF449,0.3901205169129711,-0.20149329303168764,0.6200834772782446,0.669576379891069,6.308148753835072e-160,3489,6.68135336597296e-159,True,0.6200834772782446
Monocytes,MZF1,0.3872269512469393,-0.2357234558294667,0.6112440915662531,0.6681675719390059,2.5848348863703267e-157,3489,2.695423183055243e-156,True,0.6112440915662531
Monocytes,MAF,0.3917044723696486,-0.23373649891401838,0.608135306359715,0.6673786913716647,7.342788789779594e-156,3489,7.578807000879652e-155,True,0.608135306359715
Monocytes,NR2F1(var.3),0.4042182806943738,-0.22923447375565076,0.6040669026240667,0.6639171508937305,1.4548633442208077e-149,3489,1.4462842974735597e-148,True,0.6040669026240667
Monocytes,MYC,0.39927374732291354,-0.19906115151006587,0.6008355720721297,0.662573092114021,3.736492940358846e-147,3489,3.6516546948531133e-146,True,0.6008355720721297
Monocytes,ATF6,0.4072040835205946,-0.19997038339440695,0.5867207127844966,0.6607641688673548,6.085465444439317e-144,3489,5.8345481488629095e-143,True,0.5867207127844966
Monocytes,ARNT2,0.3772448034668376,-0.22205426564349717,0.5833675031508898,0.6569041345265125,3.2973959213750483e-137,3489,2.9980368309850437e-136,True,0.5833675031508898
Monocytes,REL,0.5451294165434014,-0.30176207288640267,0.5824062653467296,0.6744318651971956,4.2580701768713594e-169,3489,4.866709586333762e-168,True,0.5824062653467296
Monocytes,ETV4,0.3723195871703581,-0.2353370767031959,0.5812869133019152,0.6644433054787583,1.6373423968922023e-150,3489,1.6357252685989752e-149,True,0.5812869133019152
Monocytes,TEAD3,0.3682409183218964,-0.21974336860940907,0.5805485934785959,0.6612115218720056,9.847633519301063e-145,3489,9.486553623593357e-144,True,0.5805485934785959
Monocytes,NFIX(var.2),0.38107856053255235,-0.20663669346890323,0.5763447486245474,0.6583883931001163,8.874998862736084e-140,3489,8.292897320699815e-139,True,0.5763447486245474
Monocytes,CREB3L4,0.3851568170103904,-0.19304404952604068,0.5687993354494558,0.658359423520499,9.966900124035913e-140,3489,9.291723018859287e-139,True,0.5687993354494558
Monocytes,XBP1,0.3892199142248249,-0.2026828628408835,0.5613622785179898,0.6550411095089564,5.127105539391101e-134,3489,4.539227355005776e-133,True,0.5613622785179898
Monocytes,MYB,0.35491695939429757,-0.2161084811209074,0.5586954533874964,0.6561307116079971,7.043664364632124e-136,3489,6.318994682771968e-135,True,0.5586954533874964
Monocytes,BHLHE41,0.3683538508886445,-0.2083653978362387,0.5565283990406316,0.6494540882697686,1.131389418019838e-124,3489,9.47743599442705e-124,True,0.5565283990406316
Monocytes,TFAP4(var.2),0.3539329613619806,-0.24625291632529336,0.5546204018582727,0.6556964922000758,3.903147709251222e-135,3489,3.4861226559890607e-134,True,0.5546204018582727
Monocytes,EBF1,0.37608186072275906,-0.23495504354842067,0.5493199352471655,0.6698716426027287,1.776658326233322e-160,3489,1.8867085532650976e-159,True,0.5493199352471655
Monocytes,THRB(var.2),0.3537651497366403,-0.1956223991898311,0.5489328279076503,0.6519440668760583,8.542414091273345e-129,3489,7.385172524207682e-128,True,0.5489328279076503
Monocytes,KLF6,0.32083986285435395,-0.1362765021150524,0.5482330079333071,0.6510163917556252,2.9869777175207716e-127,3489,2.5604474248070005e-126,True,0.5482330079333071
Monocytes,TP53,0.35206981275643784,-0.21365224687681916,0.5477848073194118,0.6503663057413761,3.559269686053878e-126,3489,3.019036719030187e-125,True,0.5477848073194118
Monocytes,TEAD2,0.34733679266359224,-0.2016960844192018,0.5408628140386725,0.6499996459874132,1.4330972962337008e-125,3489,1.2105034781965664e-124,True,0.5408628140386725
Monocytes,PAX5,0.3566749686421028,-0.1913118939135816,0.540854551046053,0.6505409339349277,1.831226865611179e-126,3489,1.5598197680553325e-125,True,0.540854551046053
Monocytes,HEY2,0.3603566934603791,-0.1845755240028284,0.5402118217548116,0.6481405664536484,1.587576208269817e-122,3489,1.3135650999304047e-121,True,0.5402118217548116
Monocytes,OLIG2,0.3229465435736316,-0.23164552770195565,0.5395013756184254,0.6490675930014036,4.867993771684159e-124,3489,4.069401405007047e-123,True,0.5395013756184254
Monocytes,STAT3,0.3447964122392787,-0.20715273028442982,0.5362288263351268,0.649607583803562,6.330983425989944e-125,3489,5.314348328123509e-124,True,0.5362288263351268
Monocytes,SREBF1(var.2),0.3345165580599356,-0.20813857065369173,0.5309009067264614,0.6457235522736336,1.2656351527119917e-118,3489,1.0180437033544172e-117,True,0.5309009067264614
Monocytes,NEUROG1,0.32134228322723496,-0.21693780538799695,0.5283430253563446,0.6447846892745049,3.9864737214835246e-117,3489,3.162602485710263e-116,True,0.5283430253563446
Monocytes,PLAG1,0.2716045072111219,-0.157447661075452,0.5252422314445555,0.6466457145263038,4.1810707387329114e-120,3489,3.410607300184145e-119,True,0.5252422314445555
Monocytes,DLX5,0.3215803937723154,-0.21050260760098138,0.5205127604018195,0.6414826436276356,6.215932052873595e-112,3489,4.727379903369656e-111,True,0.5205127604018195
Monocytes,HOXC4,0.32750714419054466,-0.23226727407214734,0.5194385131673723,0.6461685271784651,2.448089123169492e-119,3489,1.9809937184687528e-118,True,0.5194385131673723
Monocytes,ZNF282,0.32260083779594434,-0.1988250099859,0.5155251516203658,0.6447942016737823,3.84996664550639e-117,3489,3.0603074749938813e-116,True,0.5155251516203658
Monocytes,ZNF684,0.32468144547166816,-0.17202423725263566,0.5128177593985769,0.6429957096376873,2.684212146593264e-114,3489,2.072580600213043e-113,True,0.5128177593985769
Monocytes,OLIG3,0.30329903981849204,-0.2207316526477796,0.5120296427276421,0.6429854946180088,2.785257504510365e-114,3489,2.1465051168093213e-113,True,0.5120296427276421
Monocytes,LHX1,0.32157858849223503,-0.19954542886403048,0.5116925528017741,0.64069522234882,1.0332649222168197e-110,3489,7.814186682783649e-110,True,0.5116925528017741
Monocytes,ZNF16,0.30139350309753343,-0.17913425453824167,0.5094250882440963,0.6384984526407096,2.4204525787391747e-107,3489,1.7838162356245357e-106,True,0.5094250882440963
Monocytes,HES5,0.33746836419728926,-0.17354690515940283,0.5081700388674147,0.6395676247003932,5.629391896482302e-109,3489,4.210077562507837e-108,True,0.5081700388674147
Monocytes,BHLHE22,0.29858421201288926,-0.2240969152205757,0.5056946718065979,0.6415897121672288,4.23641410354351e-112,3489,3.2279720269184634e-111,True,0.5056946718065979
Monocytes,CREB3L1,0.3342202063203635,-0.1773117189296875,0.5042409426437859,0.6411169026849666,2.2979613202795294e-111,3489,1.741114513455239e-110,True,0.5042409426437859
Monocytes,PRDM1,0.29501903314415384,-0.1945966458709842,0.4986497389636732,0.6393523526190202,1.2032358728611972e-108,3489,8.96554759041695e-108,False,0.0
Monocytes,ZNF263,0.2500362963953554,-0.14738727289508743,0.4959206156041129,0.6389032700872281,5.846628861129128e-108,3489,4.3245814208644337e-107,False,0.0
Monocytes,NR1H4::RXRA,0.3290413977176025,-0.1871187737879766,0.49428070354900194,0.6359726403939603,1.5596918455921194e-103,3489,1.1208726833509264e-102,False,0.0
Monocytes,RBPJ,0.2961500803842666,-0.16879706990223026,0.48711625955641347,0.6357566116444631,3.277840722854492e-103,3489,2.3431349054185998e-102,False,0.0
Monocytes,EBF3,0.36738400018838924,-0.22336245853683712,0.4850061547047112,0.6659996637150665,2.4558576852489137e-153,3489,2.5028715855206814e-152,False,0.0
Monocytes,SRF,0.2971098310481591,-0.20237986989817486,0.4835845037888723,0.6364133995763848,3.414793637329889e-104,3489,2.4627905626803443e-103,False,0.0
Monocytes,MAX::MYC,0.31667394941909677,-0.15944154652321202,0.47528318963395566,0.6327115629212513,1.0180540739393191e-98,3489,7.01711547386454e-98,False,0.0
Monocytes,ATOH7,0.30191500544833827,-0.2036145154063665,0.47424310731319175,0.6357535849719658,3.312098887583723e-103,3489,2.3634483420041878e-102,False,0.0
Monocytes,NEUROD2,0.284467502107554,-0.19875194326146453,0.46945718810870757,0.6323076642860266,3.94455210554588e-98,3489,2.7004497155733723e-97,False,0.0
Monocytes,OLIG1,0.2727499358894757,-0.2107977601559614,0.46873714050313037,0.6298775165092824,1.251758826284981e-94,3489,8.371266464709145e-94,False,0.0
Monocytes,TP73,0.28586308289472234,-0.17523703426179493,0.45635947093569995,0.6270883297075418,1.088269326580111e-90,3489,7.056310409203731e-90,False,0.0
Monocytes,NR4A1,0.2676380907793904,-0.169722657573141,0.4463880523771938,0.6249171245724893,1.1072762284230076e-87,3489,7.055180504251162e-87,False,0.0
Monocytes,TFAP4,0.29109096636104087,-0.179063359460958,0.4420603137245139,0.6304790136204046,1.7252805158481462e-95,3489,1.1634141611869332e-94,False,0.0
Monocytes,STAT1,0.2956416317093577,-0.17258620556212825,0.43471590947496824,0.6241613212117262,1.1997294918969713e-86,3489,7.54915322584004e-86,False,0.0
Monocytes,RORA,0.2748089368620955,-0.188689846544949,0.4280324561232753,0.6249537689287963,9.861082785711199e-88,3489,6.29305062318415e-87,False,0.0
Monocytes,BHLHE40,0.27028412028192456,-0.16350633549433796,0.42606308411138094,0.6152089644418408,7.263654591222016e-75,3489,4.0874473541146426e-74,False,0.0
Monocytes,HEY1,0.2737646720723924,-0.13878122175919896,0.4144446145802674,0.614970397791783,1.455930519000726e-74,3489,8.147572447962568e-74,False,0.0
Monocytes,IRF3,0.33967414027755977,-0.2460199439902158,0.4142170594951101,0.6283543976227217,1.8163333227438357e-92,3489,1.1988392534782315e-91,False,0.0
Monocytes,POU6F1(var.2),0.2547967734521723,-0.16056595362251375,0.40784420330011845,0.6154541249141249,3.5495615490164092e-75,3489,2.005799724486088e-74,False,0.0
Monocytes,MSGN1,0.2547787134862937,-0.15805945188991571,0.4062759887807576,0.6122571480410917,3.5799610158678337e-71,3489,1.939025738982765e-70,False,0.0
Monocytes,KLF2,0.18964384432768103,-0.08714127142220576,0.40367339631386845,0.6131035894336052,3.196845053280967e-72,3489,1.7502618519045727e-71,False,0.0
Monocytes,HSF4,0.25356412209303864,-0.15897922888045893,0.40328469900510083,0.6135489426724988,8.903593678591073e-73,3489,4.921303281909765e-72,False,0.0
Monocytes,TCF21(var.2),0.24541240161144787,-0.17340852771832166,0.40233923081798245,0.6128581046749821,6.453632257737046e-72,3489,3.5238051436982577e-71,False,0.0
Monocytes,HOXB6,0.24569387050832184,-0.16360489629264796,0.398346133724126,0.6096168627166753,5.9726861608331435e-68,3489,3.142456203736138e-67,False,0.0
Monocytes,OSR2,0.24122758846807227,-0.1518839620374267,0.3983191273329761,0.6141074177959803,1.7796397524248352e-73,3489,9.877122686297507e-73,False,0.0
Monocytes,BARX1,0.2526305934284244,-0.15388460589163383,0.39436162643011496,0.6103835296697949,7.052695542798476e-69,3489,3.739869746548183e-68,False,0.0
Monocytes,HOXB4,0.2508898882585966,-0.17312237169639633,0.39389004542261163,0.612551329798288,1.5492826225665691e-71,3489,8.413956363629984e-71,False,0.0
Monocytes,TP63,0.24345700101011078,-0.14488514813266526,0.3845023060914428,0.6067836270205539,1.409904404299499e-64,3489,7.175438012321727e-64,False,0.0
Monocytes,RELB,0.2750446782080357,-0.14111297205976897,0.3735464978626336,0.6095014708277144,8.227346876666347e-68,3489,4.32309681337559e-67,False,0.0
Monocytes,NEUROG2,0.22526435106360682,-0.166468044497357,0.3717447285574219,0.6068166501794087,1.2893781644713562e-64,3489,6.578592753406189e-64,False,0.0
Monocytes,HES7,0.24130761404368042,-0.12537517614204635,0.3692241956863183,0.6003530829659034,3.015637183726606e-57,3489,1.3976252056538198e-56,False,0.0
Monocytes,RELA,0.3508173700735542,-0.1959514663657363,0.36900629359347054,0.6235745250813053,7.5544240887166e-86,3489,4.738790676425948e-85,False,0.0
Monocytes,RFX3,0.2261655310565882,-0.155125407238035,0.3663076371389639,0.6042193868426331,1.3376293682056482e-61,3489,6.576000514896783e-61,False,0.0
Monocytes,PITX1,0.23077139547857184,-0.13256657552492823,0.3581722710363356,0.5999433471765767,8.5335000900781e-57,3489,3.945890441652114e-56,False,0.0
Monocytes,RFX1,0.22575067630840398,-0.14213668025128148,0.35560194982746773,0.6007183374790639,1.1888499453855072e-57,3489,5.554372839526285e-57,False,0.0
Monocytes,RFX2,0.23622296115200525,-0.14371078627756292,0.34921446691862557,0.5991117148602108,6.956528415853613e-56,3489,3.176762299158433e-55,False,0.0
Monocytes,BHLHE23,0.20424926826962186,-0.14690525674879518,0.3438112784742576,0.5950891590158061,1.3915418797422838e-51,3489,5.995930186834165e-51,False,0.0
Monocytes,NFKB1,0.27754682766076,-0.16590457150647578,0.33992826605902654,0.618415669905044,5.515701832890437e-79,3489,3.257887535164191e-78,False,0.0
Monocytes,ZNF143,0.2092990435716277,-0.12110706865209524,0.3350768437953644,0.5935497177168491,5.530798730813939e-50,3489,2.3334318732923042e-49,False,0.0
Monocytes,MAX,0.21263140854696227,-0.10979974728252687,0.3199669743556588,0.5907219408407675,4.102901838483133e-47,3489,1.6700544103121486e-46,False,0.0
Monocytes,BCL6,0.1930345711539588,-0.1272127044942336,0.31766816612191423,0.5897513518281399,3.785784934839393e-46,3489,1.5180659907195424e-45,False,0.0
Monocytes,BCL6B,0.19797128236599806,-0.12250622680311707,0.3176420386140114,0.5900487764487262,1.9209529682683207e-46,3489,7.725820784904202e-46,False,0.0
Monocytes,SREBF2,0.20685554714250953,-0.11929200675033878,0.3153856846023673,0.589058514064866,1.8228937712890378e-45,3489,7.195539705985802e-45,False,0.0
Monocytes,MLX,0.19994716572817012,-0.12423518899629644,0.3122924246063825,0.5861047519460828,1.2945909426180939e-42,3489,4.84543473990084e-42,False,0.0
Monocytes,NFYA,0.20883541174902817,-0.09381870199826942,0.312270573304938,0.5872887213697725,9.56392799245248e-44,3489,3.62998617799838e-43,False,0.0
Monocytes,HSF1,0.19140911915873474,-0.12524298872970036,0.30671906159561846,0.5882898473459892,1.027888562330204e-44,3489,3.972146249463233e-44,False,0.0
Monocytes,MLXIPL,0.19093959030742663,-0.12335318703423535,0.30088931765088756,0.5805707515233216,1.57803021587442e-37,3489,5.433795960364173e-37,False,0.0
Monocytes,HNF1B,0.1726532391794331,-0.13416643887606597,0.2992452760965656,0.5835808313696444,2.9726901849062086e-40,3489,1.0691115100560462e-39,False,0.0
Monocytes,PITX3,0.1862221719324151,-0.11033092411828305,0.29527812427458067,0.5830974825813646,8.267503298109017e-40,3489,2.962827134114179e-39,False,0.0
Monocytes,NR1I2,0.18358163963486593,-0.1073099735334911,0.2910402083503333,0.58079396862,9.986943248137878e-38,3489,3.4536044770910987e-37,False,0.0
Monocytes,RXRA::VDR,0.19109385390778938,-0.0984136651486738,0.2899909432972043,0.5815223697851176,2.2249149169998395e-38,3489,7.76704551698132e-38,False,0.0
Monocytes,ELF4,0.16369687281540063,-0.12657500993263532,0.2843630520659699,0.5802304130105409,3.1622842261333638e-37,3489,1.0815386288195765e-36,False,0.0
Monocytes,RORB,0.2020376282718181,-0.11818900333592387,0.2711188780023378,0.5944750687851861,6.089242825457073e-51,3489,2.5961092172602016e-50,False,0.0
Monocytes,NR4A2::RXRA,0.1786135891289738,-0.09565557341989818,0.2682945579180761,0.5751565749028208,7.093847404643873e-33,3489,2.2423208280616492e-32,False,0.0
Monocytes,NFYC,0.17860031464233675,-0.07500874034413109,0.2631953209178828,0.5748522862213923,1.2673551458790888e-32,3489,3.984241585257804e-32,False,0.0
Monocytes,ZNF354C,0.15209296448513562,-0.07744538299020379,0.2503370669133339,0.5696805136392943,1.7062932643032822e-28,3489,4.977406306684268e-28,False,0.0
Monocytes,GSX2,0.15723776892510116,-0.10179969909118482,0.24900802447303286,0.5712758402840057,9.758789197533809e-30,3489,2.9269133501276345e-29,False,0.0
Monocytes,GSC2,0.1549443059110869,-0.09656664374338296,0.24852594953755913,0.5694902656537475,2.3899919686534945e-28,3489,6.931833337040888e-28,False,0.0
Monocytes,EVX1,0.15305378023262914,-0.1004828227190474,0.2481504372841411,0.5694766996752326,2.448029441862585e-28,3489,7.0950767347965745e-28,False,0.0
Monocytes,KLF13,0.18676845066600142,-0.04993656696008662,0.2472563406916519,0.567851808925949,4.1921192177296954e-27,3489,1.1869359240681838e-26,False,0.0
Monocytes,HOXB3,0.14746018615976114,-0.09765188331511758,0.24366801179523026,0.5689335741051305,6.373137622227757e-28,3489,1.83137179116005e-27,False,0.0
Monocytes,NFKB2,0.2110222073817594,-0.1254723974973219,0.23998986800669522,0.5973741886558477,5.271286031423802e-54,3489,2.3514468889901543e-53,False,0.0
Monocytes,NOTO,0.1374857167111557,-0.08344921959053418,0.2183371224359063,0.5611321095523567,2.625578981081489e-22,3489,6.693820137023129e-22,False,0.0
Monocytes,NR2F6(var.3),0.1370118823128631,-0.08138868979047766,0.21601016894560807,0.5607615583623259,4.671634362199203e-22,3489,1.1813395393411232e-21,False,0.0
Monocytes,NEUROD1,0.11858234920629067,-0.09740249749878967,0.21267044506067298,0.5657642696663585,1.4626829916385423e-25,3489,4.012213819775961e-25,False,0.0
Monocytes,RFX5,0.13521429823654443,-0.08898811499353977,0.20757381957399468,0.558039066450973,2.899687962573992e-20,3489,7.063297710159164e-20,False,0.0
Monocytes,PAX7,0.12819887463988644,-0.08263620589266611,0.20731156821162844,0.5576214937417872,5.3731545113200124e-20,3489,1.3012159947100476e-19,False,0.0
Monocytes,HOXA5,0.13353394114626985,-0.07624450147616421,0.2067510247339462,0.5590732696337678,6.176674023377188e-21,3489,1.5313004349622612e-20,False,0.0
Monocytes,GSX1,0.13208839697921543,-0.07451640574722232,0.2046338107815679,0.5572747235499496,8.938190518614108e-20,3489,2.1526142165662307e-19,False,0.0
Monocytes,ISL2,0.13320868282737244,-0.07126237338351926,0.20391360563581173,0.5563471024772395,3.4361927693700837e-19,3489,8.178138791100799e-19,False,0.0
Monocytes,DMRT3,0.11438951289583067,-0.08014762191831001,0.19814613362648303,0.5556136208261443,9.815340011242542e-19,3489,2.308887539853914e-18,False,0.0
Monocytes,SOX14,0.12789314988777836,-0.07200596595692482,0.19810279311416393,0.5550173663441693,2.281165137361939e-18,3489,5.3013177172696186e-18,False,0.0
Monocytes,ZBTB32,0.10936323508057338,-0.08017031765975283,0.19653622688639594,0.5534886805421224,1.9035539561865025e-17,3489,4.305075073633644e-17,False,0.0
Monocytes,MZF1(var.2),0.12164611261408827,-0.06416288371063589,0.19596036562753902,0.5537072495346086,1.4105032054702937e-17,3489,3.206121331085847e-17,False,0.0
Monocytes,LHX2,0.11797080646855827,-0.07642144606437952,0.19366041227576788,0.554407059454171,5.358600425046857e-18,3489,1.2325694894678558e-17,False,0.0
Monocytes,RFX4,0.11617007366833317,-0.0847530712381253,0.1874887960096736,0.5532902713503774,2.496320018564864e-17,3489,5.614291714904636e-17,False,0.0
Monocytes,MNT,0.12712869554955422,-0.05972066314918009,0.1870186426949945,0.5535311080048083,1.7961128922588607e-17,3489,4.068909721209043e-17,False,0.0
Monocytes,SMAD5,0.10604450990606944,-0.0840421535005212,0.18686067879879492,0.5522726608185949,9.872995729267612e-17,3489,2.1900296447706555e-16,False,0.0
Monocytes,TFAP2C,0.09731226415128506,-0.06704344635252177,0.17977482147009227,0.552494148388132,7.335520076081442e-17,3489,1.6325365361840217e-16,False,0.0
Monocytes,NEUROG2(var.2),0.09610428676200325,-0.08246135833219718,0.17722363863394175,0.5556850178684475,8.867296562172233e-19,3489,2.0870902786823065e-18,False,0.0
Monocytes,POU6F1,0.11509007425026212,-0.06375108234161447,0.17468175185583867,0.5512194328372455,3.987489543522396e-16,3489,8.706628544571837e-16,False,0.0
Monocytes,ZNF75D,0.11246498997853108,-0.057680558722587205,0.17447554793547515,0.5492256123296261,5.1942551009158725e-15,3489,1.0985863114639634e-14,False,0.0
Monocytes,INSM1,0.10258415294113349,-0.048460792283120405,0.1701954987156516,0.5493244115675747,4.584503993231657e-15,3489,9.711467621264547e-15,False,0.0
Monocytes,NKX6-3,0.09800964827223937,-0.06396008410858181,0.16284695869307025,0.5466142965848271,1.290237600133213e-13,3489,2.614071772728583e-13,False,0.0
Monocytes,KLF10,0.10556587100094598,-0.016300776446629122,0.15220593798741736,0.543037418265655,7.98643739226777e-12,3489,1.5423926343253176e-11,False,0.0
Monocytes,CDX1,0.09973731979558896,-0.050494208400275055,0.1506826940353583,0.5446545261428026,1.2864728146447825e-12,3489,2.534113441116256e-12,False,0.0
Monocytes,GBX1,0.10180300257575756,-0.05096011440943199,0.14786486923953374,0.5413707486263636,4.8997271496126996e-11,3489,9.182165839431673e-11,False,0.0
Monocytes,HAND2,0.0893764867966362,-0.06390792952335557,0.14675770619092623,0.547253627102166,5.968954526980404e-14,3489,1.224044096105561e-13,False,0.0
Monocytes,TFAP2B,0.07494171106792477,-0.056809593602018454,0.14405650908085613,0.5413004865862469,5.281147598723134e-11,3489,9.878651495346185e-11,False,0.0
Monocytes,DUX4,0.08861619276317008,-0.04627406925807901,0.13568146887531418,0.5395446922514536,3.304285007172099e-10,3489,6.041182620433038e-10,False,0.0
Monocytes,ZNF341,0.08978026090542544,-0.0398561260930491,0.13366116901062203,0.5383687759385157,1.0812660004021342e-09,3489,1.9443565500564603e-09,False,0.0
Monocytes,YY1,0.06670303246478472,-0.06204428067257093,0.1329979813504126,0.5348481612991602,3.068380730470003e-08,3489,5.249331262360099e-08,False,0.0
Monocytes,PROX1,0.09070099346370776,-0.03861325468554518,0.13050113893221826,0.5347878980878293,3.2406180181572825e-08,3489,5.539307351695972e-08,False,0.0
Monocytes,HNF1A,0.06387854224863515,-0.05817186257872086,0.12413451797427984,0.5351206158716436,2.3943755528341357e-08,3489,4.10841538879004e-08,False,0.0
Monocytes,TFAP2B(var.2),0.059269401535295606,-0.04367974762842187,0.11374016262829605,0.5329119556644365,1.69675430381932e-07,3489,2.813552423464331e-07,False,0.0
Monocytes,IRF8,0.09445574053277757,-0.08568960736634701,0.11353769451204228,0.541100131676468,6.535412050135072e-11,3489,1.2190999149306822e-10,False,0.0
Monocytes,PRRX1,0.07518771877132852,-0.031239191607475136,0.10547794259474523,0.5300455887140139,1.8029392941375854e-06,3489,2.8428263383011187e-06,False,0.0
Monocytes,MSX1,0.07371188853602491,-0.03172850191989169,0.1039823623282587,0.5294577656768529,2.855667911222706e-06,3489,4.46273942402745e-06,False,0.0
Monocytes,SOHLH2,0.06915740244804242,-0.03496439956499776,0.10385999045389459,0.5301580079782006,1.6495586623202642e-06,3489,2.6080947040827622e-06,False,0.0
Monocytes,ZNF410,0.05950080219248306,-0.04412842164876748,0.10318025721335676,0.5299376013631268,1.9631174678083962e-06,3489,3.086969791975426e-06,False,0.0
Monocytes,GSC,0.058027768236768626,-0.04650126442207663,0.10309456429015441,0.529075215892279,3.834655912601693e-06,3489,5.96043711962599e-06,False,0.0
Monocytes,IRF2,0.05833871228232128,-0.08137986216586396,0.10268621674087505,0.5377612254823989,1.968495991935409e-09,3489,3.5086056314408218e-09,False,0.0
Monocytes,CDX4,0.06779706452262493,-0.0319514491400699,0.10073470304055916,0.5292671934049671,3.308835200734209e-06,3489,5.158977734940505e-06,False,0.0
Monocytes,THAP11,0.05124723896690534,-0.04507167518640827,0.09873936236717165,0.5280623075124119,8.226851655967854e-06,3489,1.260827340910831e-05,False,0.0
Monocytes,NR1I3,0.04116924388881599,-0.05623042916328834,0.09791048276106283,0.5259163967118013,3.818414056919058e-05,3489,5.659085448459526e-05,False,0.0
Monocytes,RAX,0.06569896523255839,-0.031653724728245715,0.09643188528297693,0.5273092065378072,1.4279204648141505e-05,3489,2.15653833543787e-05,False,0.0
Monocytes,HOXB2,0.054323191267413154,-0.0411721151783414,0.09333231228744243,0.525536603361109,4.952642738195264e-05,3489,7.30528345560993e-05,False,0.0
Monocytes,TWIST1,0.06068732784564032,-0.034364147163847204,0.08994379696068512,0.533290505917496,1.2233464598948507e-07,3489,2.043625011038219e-07,False,0.0
Monocytes,SREBF2(var.2),0.04558268767293119,-0.0453792244834966,0.08824611817090063,0.5208360188295782,0.0009299263802329513,3489,0.0012741219554427772,False,0.0
Monocytes,SIX2,0.04290692003460161,-0.03493359637901878,0.08028896845405384,0.5229866317821042,0.00025954658512983053,3489,0.0003667919956113498,False,0.0
Monocytes,ZSCAN29,0.05253973121151461,-0.025825282727055122,0.07774959460599584,0.5204170949273131,0.0011772190885162644,3489,0.001606417683688636,False,0.0
Monocytes,POU6F2,0.05158498620587698,-0.020936264769152887,0.07301893303044366,0.5202012823687084,0.0013271207006053686,3489,0.0018067060412682778,False,0.0
Monocytes,SREBF1,0.04633327972583069,-0.027488349937676057,0.07164706293939868,0.5210738828592348,0.0008118906510735031,3489,0.0011192196164372722,False,0.0
Monocytes,BSX,0.05934239114137365,-0.012016908015771178,0.07150213196996537,0.5220848455210679,0.0004491960548573462,3489,0.0006267059441216631,False,0.0
Monocytes,HOXA6,0.03140026266142023,-0.038362295587122355,0.06916449161547554,0.519666155861635,0.0017779530414115403,3489,0.002404277408272424,False,0.0
Monocytes,ARGFX,0.04856120344102909,-0.0193021692479127,0.06848742100277753,0.5201068609963363,0.001398086927520402,3489,0.001900120829273613,False,0.0
Monocytes,PAX3(var.2),0.03132501218569696,-0.034032556573269736,0.06458322878313705,0.5167665495614648,0.007715821500069572,3489,0.009973870220217729,False,0.0
Monocytes,PAX3,0.039712973478775164,-0.02466543998897168,0.06391980203137036,0.5181065547619368,0.004012337855092015,3489,0.005263916654248474,False,0.0
Monocytes,HOXD13,0.040321273931157024,-0.022442259630142347,0.06387092133559641,0.5182832367689687,0.0036694169984985,3489,0.004839133368945545,False,0.0
Monocytes,ZBTB12,0.033669215589013556,-0.02526744282114541,0.06038980166770516,0.5161663495956987,0.010202637540572958,3489,0.013017934875168146,False,0.0
Monocytes,EVX2,0.032509139926164554,-0.02663619155614808,0.05809887885998316,0.5162059125290567,0.01001904053941209,3489,0.012799822552087564,False,0.0
Monocytes,PHOX2A,0.03910890820836754,-0.01647655654558608,0.05658547579954983,0.5193809460264843,0.002072124605223449,3489,0.0027871729231163807,False,0.0
Monocytes,TFAP2A(var.2),0.0196201135663742,-0.02400293764969396,0.05173787911932317,0.5125825531679613,0.04556432624492486,3489,0.055096612070222956,False,0.0
Monocytes,HES2,0.031650798033880906,-0.016784664127663964,0.04879623416552893,0.5131153556229386,0.03715368745555183,3489,0.04536023519769545,False,0.0
Monocytes,SP1,0.04138987028867557,0.006236889147354901,0.04597481727481619,0.5146452845226184,0.019955567051461343,3489,0.02502796785189479,False,0.0
Monocytes,NFIA,0.026898323000500254,-0.018299048818891623,0.045543790890446266,0.5132155601016897,0.035729361748052635,3489,0.04366082682954424,False,0.0
Monocytes,REST,0.02105399042056752,-0.020262231865615474,0.044513858597525297,0.5162717426558737,0.009720061855852816,3489,0.012441433175824261,False,0.0
Monocytes,HOXD9,0.028844992785263555,-0.012966775425043486,0.043012691648813786,0.5125922277104082,0.0453983819251844,3489,0.054912362711299276,False,0.0
Monocytes,SOX18,0.02761030911458135,-0.015168653369629498,0.04265667721794324,0.5101430551351093,0.10701365817261853,3489,0.12452610324026879,False,0.0
Monocytes,NFIC,0.022137795824259725,-0.018482784411299445,0.041562465908903126,0.5111156979612171,0.07734239634447168,3489,0.09128568716736653,False,0.0
Monocytes,ATOH1(var.2),0.009001326248864612,-0.030789481824280897,0.03558635248815345,0.5213726046251771,0.0006833421221321928,3489,0.000946850077447552,False,0.0
Monocytes,SMAD3,0.01101344916665029,-0.02419845888653286,0.034500130615312506,0.5097354272069861,0.12186592614009832,3489,0.14091727269586676,False,0.0
Monocytes,SOX21,0.010327617518545676,-0.02291666607783692,0.03393625293025052,0.5086121533764126,0.17115663140143522,3489,0.19468645787186023,False,0.0
Monocytes,HOXA7,0.017681326167278258,-0.014388165213197043,0.03166232732666535,0.5067686395869198,0.2821258600288047,3489,0.31307768230294675,False,0.0
Monocytes,ZNF274,0.01596830138321273,-0.01321618386338304,0.029112995139214285,0.5063941429130977,0.3096069052814151,3489,0.3412338705444308,False,0.0
Monocytes,DLX6,0.023337284507360685,-0.004906642724327512,0.02767943086554975,0.509559339724909,0.12876048939168444,3489,0.1485500256854164,False,0.0
Monocytes,MSANTD3,0.0126634419829048,-0.009240559595131589,0.022737617700902924,0.5049981983191483,0.42706342721496016,3489,0.46089587263583054,False,0.0
Monocytes,HOXB7,0.012241352002197396,-0.010722341977179313,0.02244474427855521,0.5076476177087798,0.22427887433061178,3489,0.2516451263288007,False,0.0
Monocytes,LBX1,0.012423652619354025,-0.009188844721692149,0.02147255840475129,0.5088655291026181,0.15890642595513094,3489,0.1813128593949407,False,0.0
Monocytes,IRF4,-0.001382985563907433,-0.02949670645270934,0.017854847799428527,0.5141510721419821,0.02453476038095751,3489,0.03049697096815794,False,0.0
Monocytes,NKX2-2,0.009536900345784428,-0.00786331144960255,0.01771241416437516,0.5048433515922757,0.441524692841194,3489,0.4754881307520551,False,0.0
Monocytes,IRF9,-0.009049965727465852,-0.025020496616324654,0.010239392721051436,0.5109802543669615,0.08102034339770471,3489,0.09543182223787867,False,0.0
Monocytes,CLOCK,0.01310469873742508,0.004147224324327384,0.008739504375816953,0.5031443614145306,0.6173246084394193,3489,0.6472390167778933,False,0.0
Monocytes,POU4F2,-0.01592213111346479,-0.015008154619133872,-0.0009228240912900536,0.4997872411377543,0.9730335837211639,3489,0.9752028436303763,False,0.0
Monocytes,SOX9,0.004066422327245256,0.017480699508427764,-0.013119565445697801,0.4982507724635714,0.7810476447277328,3489,0.8032838766061025,False,0.0
Monocytes,HOXB13,-0.00866571741281013,0.009704467707044844,-0.01990914980665195,0.4929847946999938,0.264963492023657,3489,0.29524711890050015,False,0.0
Monocytes,SHOX,-0.007470079227496742,0.017166438002248808,-0.024317242272864414,0.4930360319415558,0.26846932756959685,3489,0.29890668666664527,False,0.0
Monocytes,GBX2,-0.013675627488727818,0.011644177044734678,-0.024810103642112256,0.49370773704507154,0.31737916857110793,3489,0.34871685573636974,False,0.0
Monocytes,IRF6,-0.03045714798471581,-0.0015545077930233851,-0.027399499105104537,0.4945439634179067,0.38595359355765446,3489,0.41943815190283906,False,0.0
Monocytes,VSX1,-0.028678068565961057,0.0019475770340232356,-0.029529337231434624,0.49319974249502774,0.2798838809394545,3489,0.310760203699515,False,0.0
Monocytes,TAL1::TCF3,-0.02746591861996359,0.0048058840913323955,-0.030058188710710632,0.49971946529290323,0.9644471503335051,3489,0.9673630716549729,False,0.0
Monocytes,POU3F4,-0.046819851938073254,-0.0008945633389126701,-0.03360507359121735,0.5263416441976769,2.8419549841477924e-05,3489,4.244573593895152e-05,False,0.0
Monocytes,VENTX,-0.039947320083606255,0.0022773267442833508,-0.04183654244038764,0.48860103792166615,0.07008973038702827,3489,0.08308908559798311,False,0.0
Monocytes,RAX2,-0.01736765896225123,0.02750556258659893,-0.04423687906715594,0.4877164388365968,0.05095052774935477,3489,0.061316429290270494,False,0.0
Monocytes,ETV1,-0.04811732233979403,0.0031529217176653472,-0.04569003097836033,0.4880463461388063,0.05750233966576448,3489,0.06885305305939127,False,0.0
Monocytes,TLX2,-0.024746767219142953,0.02109031891865797,-0.04576328468207391,0.48954817022243935,0.09674804831853996,3489,0.11313370043260483,False,0.0
Monocytes,MYF5,-0.04509903770230905,0.009398762700137888,-0.04660742409335064,0.4975682037676992,0.6991881812024394,3489,0.7264805806741319,False,0.0
Monocytes,PRRX2,-0.03848418200397203,0.014547389451199556,-0.053029981023346114,0.48658900333133953,0.033085053665181934,3489,0.040625835244105034,False,0.0
Monocytes,MEOX2,-0.0356133641237935,0.028116215504551664,-0.06410374177742602,0.4820687220042928,0.0043810306990418315,3489,0.0057401716995865455,False,0.0
Monocytes,PAX4,-0.03765503065680248,0.029019027186507586,-0.06621517492878105,0.48108791797198674,0.00265413957204752,3489,0.0035336126056282544,False,0.0
Monocytes,ZNF136,-0.03165080368446,0.03461436591489955,-0.06722575960007587,0.48075568661768103,0.002228315433927547,3489,0.002987330763973113,False,0.0
Monocytes,EMX2,-0.042044352061842254,0.033539272785006645,-0.07414140451032272,0.47958814770183406,0.0011806671066902556,3489,0.0016105796067662761,False,0.0
Monocytes,HESX1,-0.04777702962642643,0.02818347696935365,-0.07538070416797969,0.48091610026003984,0.002425422234821125,3489,0.00323976835988322,False,0.0
Monocytes,MYBL1,-0.054456323387707395,0.024162925628242064,-0.07634543290292413,0.47609390835138393,0.00014542378693184398,3489,0.00020886923746050434,False,0.0
Monocytes,LMX1A,-0.044670809814776204,0.0331447697722449,-0.07734070197613857,0.47777133348758555,0.000412105104961034,3489,0.0005757518144586821,False,0.0
Monocytes,SMAD2::SMAD3::SMAD4,-0.04655301496538629,0.03172608466912758,-0.07852451219701222,0.4789458986074442,0.0008211496099189848,3489,0.001131597861625413,False,0.0
Monocytes,DPRX,-0.05659298020499265,0.027028133894198395,-0.0831257617763976,0.4756963332997697,0.00011249355366877138,3489,0.00016290226132564388,False,0.0
Monocytes,PAX1,-0.06941913324558716,0.029285254749350224,-0.08546439765048221,0.4869595004736472,0.038248998252339524,3489,0.046655244778102414,False,0.0
Monocytes,PROP1,-0.041993890046526795,0.03975437363649616,-0.08548661654189531,0.4754525780682879,9.59283180186016e-05,3489,0.00013956345728272638,False,0.0
Monocytes,MNX1,-0.054430077035000864,0.0340474053465313,-0.09039086863925241,0.47406014657634427,3.757138883461753e-05,3489,5.574398211399433e-05,False,0.0
Monocytes,ESX1,-0.056145476245206306,0.036586799621126966,-0.092107412374354,0.4730849094595244,1.895164131899633e-05,3489,2.851555997644446e-05,False,0.0
Monocytes,FOXH1,-0.052699489617261196,0.043726745043407386,-0.09413224753011126,0.4737031073171051,2.9322749595126067e-05,3489,4.373013080054555e-05,False,0.0
Monocytes,HMBOX1,-0.06990981006739629,0.024349560271391176,-0.0945409025692294,0.4733086670334345,2.2218809730052726e-05,3489,3.334469739161474e-05,False,0.0
Monocytes,E2F6,-0.0477484029441111,0.018686248054846435,-0.09616390092800084,0.47157649155366504,6.284345425459661e-06,3489,9.704756332599156e-06,False,0.0
Monocytes,TFAP2E,-0.06188154188301186,0.02241602681104067,-0.09673489000593374,0.47241023173123453,1.1646324163697407e-05,3489,1.7654937267261037e-05,False,0.0
Monocytes,POU3F2,-0.09645794711742547,0.031174737667781595,-0.09774255979638893,0.5043598947085496,0.48843625867778206,3489,0.5211532443592579,False,0.0
Monocytes,EN2,-0.05923725087727707,0.043449776322445705,-0.10033309201852439,0.4708896530876627,3.7327972447606418e-06,3489,5.8088067893467526e-06,False,0.0
Monocytes,LBX2,-0.055608773730222674,0.04683361260197606,-0.10139666115761875,0.47289082408563277,1.6493268706080325e-05,3489,2.489991238238843e-05,False,0.0
Monocytes,POU1F1,-0.1013112307044936,0.035939361899143554,-0.1038429011924805,0.502999891850506,0.6335836436176104,3489,0.6623977834823906,False,0.0
Monocytes,LHX6,-0.05382019658272445,0.05430217311249677,-0.10557766464328755,0.47064930286274037,3.1023695132180542e-06,3489,4.840797165630639e-06,False,0.0
Monocytes,ZFP42,-0.0941837562744963,0.015719032290706002,-0.1118515466442922,0.46986253015660273,1.6766102156854998e-06,3489,2.647761488159068e-06,False,0.0
Monocytes,ZNF317,-0.07215216368377732,0.040339230053664916,-0.1135737199493742,0.4677665594521982,3.0230980303057163e-07,3489,4.93801155858576e-07,False,0.0
Monocytes,HOXA9,-0.0848892069809638,0.030849366870365443,-0.11425372088327304,0.4669745981646366,1.538872641846983e-07,3489,2.5580438409666776e-07,False,0.0
Monocytes,SOX12,-0.07588500949000895,0.040539118931575295,-0.11497505694244474,0.466810671420272,1.335581733681793e-07,3489,2.2283561626707363e-07,False,0.0
Monocytes,ZKSCAN1,-0.07129839054796548,0.04586221203866927,-0.11632141316083984,0.4674420569223054,2.2966809109764562e-07,3489,3.781998765083737e-07,False,0.0
Monocytes,IRF7,-0.11677149867722944,0.03467496321965488,-0.11884777375426574,0.47108535989324923,4.335128237604195e-06,3489,6.722855059159284e-06,False,0.0
Monocytes,MEOX1,-0.08265123694313362,0.03847374139997089,-0.12007982750886323,0.46547174717426343,4.0961615461510116e-08,3489,6.972263195509883e-08,False,0.0
Monocytes,POU3F1,-0.10755661764917158,0.04530762294548372,-0.12014037640583056,0.4951102214135242,0.43715965691169123,3489,0.47128909455494344,False,0.0
Monocytes,EMX1,-0.07947085556118681,0.04863056498598007,-0.1251570941856915,0.46348025071874016,6.509580651292851e-09,3489,1.1377003591849188e-08,False,0.0
Monocytes,SOX8,-0.07321741405381413,0.0600064850580302,-0.12977081117700237,0.4645853645143296,1.828356908083087e-08,3489,3.145209204976263e-08,False,0.0
Monocytes,MIXL1,-0.07993972752556192,0.05364903542852145,-0.13169803087462245,0.4632177409273195,5.07103042716079e-09,3489,8.901253409237552e-09,False,0.0
Monocytes,NKX2-5,-0.08673298126561828,0.04746391225356513,-0.13522721208726293,0.4626935320603257,3.0641701475380105e-09,3489,5.409089187146069e-09,False,0.0
Monocytes,GATA1,-0.0890088307096419,0.0472528911451296,-0.13886332278945882,0.4603224584450027,2.8838972241884374e-10,3489,5.277362355977575e-10,False,0.0
Monocytes,POU4F3,-0.08578327756916158,0.05154583924174025,-0.14256890692555302,0.45710315986230154,9.331605246657527e-12,3489,1.7978892775226835e-11,False,0.0
Monocytes,SP4,-0.06024384849993738,0.05647858652402115,-0.15460609851001555,0.45611116795129997,3.0787125803056687e-12,3489,6.01181037640769e-12,False,0.0
Monocytes,KLF5,-0.052945341922593876,0.03676533563738751,-0.15541539744007274,0.459378731150789,1.0832161197366157e-10,3489,2.0030586930778552e-10,False,0.0
Monocytes,EN1,-0.09542304910455436,0.06271026728771378,-0.15593387569264272,0.45520549025419565,1.0950532355196742e-12,3489,2.16126116629883e-12,False,0.0
Monocytes,ZBTB18,-0.11069921852292104,0.059794267771564144,-0.15996607138903796,0.46109436802726944,6.320007517137771e-10,3489,1.1466704221676871e-09,False,0.0
Monocytes,ALX3,-0.09762645931906405,0.06420815159911737,-0.1624177646850239,0.453140596990612,9.612719166469067e-14,3489,1.960335773565214e-13,False,0.0
Monocytes,ZNF384,-0.0908512322489769,0.047588808872736595,-0.1649999873883362,0.45253574892065346,4.620020866375468e-14,3489,9.512775788984806e-14,False,0.0
Monocytes,SOX4,-0.10791916804973524,0.06214240134666236,-0.16582018819650068,0.4512867600859943,9.887200750690357e-15,3489,2.0756285117865555e-14,False,0.0
Monocytes,NKX6-2,-0.1014923758014547,0.06825519495393725,-0.169032537393764,0.45309222427837775,9.068662384143972e-14,3489,1.8512516653000256e-13,False,0.0
Monocytes,NFATC2,-0.11255668084048384,0.057764282053604565,-0.1721927752115767,0.44932839488477216,8.152539254781137e-16,3489,1.7629702739093788e-15,False,0.0
Monocytes,HOXA2,-0.11423274443052356,0.06589167987334814,-0.17686076423633645,0.44823003705457853,1.9288773877171421e-16,3489,4.2553096568721683e-16,False,0.0
Monocytes,KLF4,-0.06854458598787705,0.03758018814250654,-0.17747600084946377,0.4521893570628781,3.02436469838829e-14,3489,6.262323218873603e-14,False,0.0
Monocytes,ZNF652,-0.10654550480546486,0.06865600344991635,-0.17890426037401816,0.44861415422312423,3.204117147670596e-16,3489,7.011280681165619e-16,False,0.0
Monocytes,RORC,-0.14258595638782917,0.08245336756829108,-0.17903817290097845,0.4669645452881276,1.5255885368009814e-07,3489,2.537004200532992e-07,False,0.0
Monocytes,KLF14,-0.07612232302826843,0.07116268254575851,-0.1803006508264694,0.45159250805594825,1.4472333308889986e-14,3489,3.024538252467401e-14,False,0.0
Monocytes,HOXB9,-0.12148717211442736,0.06510150173455868,-0.1828946414149758,0.4483544008655851,2.274251092109083e-16,3489,5.006322044980059e-16,False,0.0
Monocytes,POU2F2,-0.1992357597176248,0.07460912176584389,-0.1830666579758462,0.49384355897338944,0.32793805616979443,3489,0.3595765244615144,False,0.0
Monocytes,VAX1,-0.12803171759847287,0.06295586624177063,-0.1844002211722537,0.4479339095793482,1.3010658552466092e-16,3489,2.8797114060874075e-16,False,0.0
Monocytes,TBX19,-0.13387469157477036,0.07218338155943295,-0.19662973869094783,0.44596857222183756,9.022442043645458e-18,3489,2.0600903221551653e-17,False,0.0
Monocytes,THAP1,-0.13073104390374735,0.061924018179818206,-0.19726490235395758,0.4446492132516153,1.4250392004016015e-18,3489,3.336636924088472e-18,False,0.0
Monocytes,HOXD12,-0.1336801749778344,0.06829701368268311,-0.20016505887850447,0.44355377399847273,2.978716836360825e-19,3489,7.0976963014816835e-19,False,0.0
Monocytes,TGIF2LY,-0.1369923294646259,0.07325126201164289,-0.20044684719049635,0.4459347923948584,8.610698015064676e-18,3489,1.9682985406187388e-17,False,0.0
Monocytes,TFCP2,-0.1332099408826169,0.0785899545104145,-0.20692995760335325,0.4394865747347324,6.858149246320768e-22,3489,1.7277753331639992e-21,False,0.0
Monocytes,HOXA10,-0.11897580182024158,0.07854973500645436,-0.20738810422624726,0.4417616055459882,2.1568159813821214e-20,3489,5.260082857547959e-20,False,0.0
Monocytes,FOXD2,-0.11752950241840825,0.08021839083758282,-0.20765150364209833,0.44244687662801874,5.941684985785591e-20,3489,1.4378024792158195e-19,False,0.0
Monocytes,PAX9,-0.17247019032309782,0.07650674797582446,-0.20933881789931616,0.45429727231410244,3.80512927065562e-13,3489,7.614022269571038e-13,False,0.0
Monocytes,PHOX2B,-0.1256526739372197,0.0709924176076519,-0.2121413364072904,0.4422372795575783,4.3635732362133006e-20,3489,1.0584542754028186e-19,False,0.0
Monocytes,TFAP2A(var.3),-0.13633300301058393,0.05469916809308167,-0.2161726856223143,0.44126139386808044,1.0217628141017656e-20,3489,2.5115749367288842e-20,False,0.0
Monocytes,ETV5,-0.1795247770498356,0.048920449559790906,-0.21886416537418885,0.43810835779398166,7.973180022714723e-23,3489,2.0639466648690831e-22,False,0.0
Monocytes,ELF2,-0.15818448048146697,0.06215789109017575,-0.2214172928076239,0.43822537111463755,9.589147851165613e-23,3489,2.4711905863577115e-22,False,0.0
Monocytes,POU2F1,-0.20850768042173493,0.10179849126443603,-0.22307771311326427,0.47120096797310285,4.733579659726774e-06,3489,7.3351448882629365e-06,False,0.0
Monocytes,NR3C1,-0.15001729459876892,0.07584231237262411,-0.22343984102560926,0.43774958900760114,4.5182008724059167e-23,3489,1.178635765941608e-22,False,0.0
Monocytes,HOXD11,-0.1477324438906742,0.0815825162553315,-0.22637999813405876,0.43423800033801446,1.4682566705092845e-25,3489,4.024774043957022e-25,False,0.0
Monocytes,PDX1,-0.14017488097600458,0.0875123084654565,-0.22771327121829546,0.4345194808802666,2.350647449651405e-25,3489,6.414951975722643e-25,False,0.0
Monocytes,RORA(var.2),-0.15338129616092488,0.10781170998819099,-0.22885201837372302,0.4440939269438007,6.469303513242536e-19,3489,1.5253381127377215e-18,False,0.0
Monocytes,POU5F1B,-0.24785179479730257,0.11118507486428411,-0.2318361528167146,0.47664173607340155,0.00020586789599304445,3489,0.00029256814442847135,False,0.0
Monocytes,HOXC12,-0.15504790399107501,0.08129442677440753,-0.2340954036116979,0.4346111998664805,2.7390466362289524e-25,3489,7.462749286318075e-25,False,0.0
Monocytes,HOXA1,-0.15187742979619764,0.08959426665702247,-0.23677771643067033,0.43106420993821964,6.348402062907117e-28,3489,1.8255603942091114e-27,False,0.0
Monocytes,DRGX,-0.15334597263150537,0.08931029322697381,-0.23842631998214522,0.43210862814069295,3.915061352309282e-27,3489,1.1100447253989738e-26,False,0.0
Monocytes,TFAP2B(var.3),-0.15771637810602585,0.052966439090540274,-0.2384302939594517,0.4354226183343821,1.0499029567773444e-24,3489,2.8244064914369253e-24,False,0.0
Monocytes,LMX1B,-0.14414795755516774,0.09080551567442609,-0.23987719770319202,0.43417411592923144,1.3191525645713957e-25,3489,3.6234156661614844e-25,False,0.0
Monocytes,MEIS1(var.2),-0.1502423161533709,0.09293576959591372,-0.2417740546942244,0.4322141292963143,4.6977245514737855e-27,3489,1.3282315538268998e-26,False,0.0
Monocytes,HOXC11,-0.16887708353429418,0.08246880302961139,-0.24725244254279535,0.43015604604584967,1.276490088728597e-28,3489,3.742520941301379e-28,False,0.0
Monocytes,ZBED1,-0.1687499945498482,0.08912677830095776,-0.25119028743237587,0.42778805315074714,1.767392184045219e-30,3489,5.35645601246963e-30,False,0.0
Monocytes,POU5F1,-0.2753480310169919,0.11836927992749617,-0.2534042498035276,0.4690992141623195,9.096599308311382e-07,3489,1.454162022972258e-06,False,0.0
Monocytes,POU3F3,-0.1879993140774513,0.10427224466618623,-0.25367589597132867,0.443416708972522,2.443741430904987e-19,3489,5.84015229145988e-19,False,0.0
Monocytes,OTX1,-0.18049392177711876,0.0828924469930836,-0.25951962867480255,0.42665580739812803,2.172904162164082e-31,3489,6.6754519666787215e-31,False,0.0
Monocytes,POU2F3,-0.2846517118243283,0.14009282439986925,-0.2666442467247925,0.4679943706053458,3.6607712450942727e-07,3489,5.960354308914056e-07,False,0.0
Monocytes,SIX1,-0.17604825038867616,0.0912735138965146,-0.26981930203740523,0.42208045144117445,3.283857205896617e-35,3489,1.084611122861854e-34,False,0.0
Monocytes,PAX6,-0.19794721571933144,0.10662103346184973,-0.27344555236950907,0.4279508989406484,2.382912675182842e-30,3489,7.20572846322106e-30,False,0.0
Monocytes,SP3,-0.11392746288085721,0.07808406394321304,-0.2759727477234147,0.4235716281233436,6.118475189601205e-34,3489,1.9709674058221716e-33,False,0.0
Monocytes,HOXA13,-0.1551915821466775,0.11357841961132509,-0.2777578981948073,0.4216016967093638,1.2688744274377692e-35,3489,4.225404060422399e-35,False,0.0
Monocytes,CUX2,-0.16849389027922357,0.12560844135222937,-0.2884310746016728,0.41804270818656,9.019459909740039e-39,3489,3.1705243088451955e-38,False,0.0
Monocytes,ZBTB33,-0.2179256815086549,0.06151285997322672,-0.29063485301810893,0.4178174913241244,5.6404111046527045e-39,3489,1.989634117648199e-38,False,0.0
Monocytes,NKX2-8,-0.17875686147140937,0.12657728189208264,-0.2976139465426404,0.41396923938693236,1.5217275170215343e-42,3489,5.685050354449794e-42,False,0.0
Monocytes,IRF5,-0.23602537626713826,0.11122534505082877,-0.30038260012718865,0.4178339758796902,5.837831987255003e-39,3489,2.057479810142312e-38,False,0.0
Monocytes,SP8,-0.13444468752237237,0.09900515173507765,-0.3071822392864568,0.4154043145324545,3.4052614417195594e-41,3489,1.2412331345222826e-40,False,0.0
Monocytes,SP2,-0.1301068408490223,0.10006693007776676,-0.30917033703088204,0.4157368701730992,6.946117120211012e-41,3489,2.5205372079258975e-40,False,0.0
Monocytes,HOXC8,-0.19879972987459504,0.11756643817742753,-0.31013056989000737,0.4115597378404378,7.336003800550095e-45,3489,2.8594866451855185e-44,False,0.0
Monocytes,HES1,-0.19855605731133566,0.09056495608100923,-0.3118809318109884,0.41293379310650474,1.5647899642470252e-43,3489,5.916953453592023e-43,False,0.0
Monocytes,CENPB,-0.21869946142377797,0.09287382713593156,-0.3123512130546096,0.41139283847129904,5.042316187331906e-45,3489,1.9673299222704812e-44,False,0.0
Monocytes,ZNF148,-0.11416858664247272,0.052303182607367715,-0.3127609465146974,0.41056466520921575,7.765252643750855e-46,3489,3.092343720139366e-45,False,0.0
Monocytes,LHX5,-0.19286293575341662,0.12438619414295633,-0.3134970885761939,0.4105981747975791,8.378673632791094e-46,3489,3.3300700902036116e-45,False,0.0
Monocytes,CDX2,-0.18195635250057446,0.11862804059694156,-0.317497727890576,0.4119638526665552,1.8132633743880042e-44,3489,6.960591662973306e-44,False,0.0
Monocytes,HOXD10,-0.20756004394891958,0.11938255918137684,-0.32120496526464154,0.4107299431466595,1.129531523358585e-45,3489,4.476086722339701e-45,False,0.0
Monocytes,OSR1,-0.21783826890696556,0.108436978906705,-0.32578773206862377,0.4094306358817321,5.827476789173829e-47,3489,2.3648917842524887e-46,False,0.0
Monocytes,NKX6-1,-0.20092951846298435,0.11929197311028851,-0.3293623847475652,0.40647784662196595,5.904566782207261e-50,3489,2.488528875084435e-49,False,0.0
Monocytes,BHLHA15(var.2),-0.25169353524330035,0.1273601974028451,-0.3306073358325882,0.41247276602789285,5.634347938660709e-44,3489,2.1445504948091468e-43,False,0.0
Monocytes,NFIX,-0.20521029489595422,0.12472376356060964,-0.3306811524982555,0.4072101392231515,3.331569089351262e-49,3489,1.395396328728282e-48,False,0.0
Monocytes,RFX7,-0.22132889959822885,0.11775962200029044,-0.3332492822023122,0.4067937555638753,1.2476251249088042e-49,3489,5.241839309845298e-49,False,0.0
Monocytes,TGIF2LX,-0.23380984058258358,0.12132730567250681,-0.3411708063363832,0.40618269200575263,2.928546816666814e-50,3489,1.242023104846324e-49,False,0.0
Monocytes,POU4F1,-0.2069219207479026,0.12362091910732668,-0.3438399748904995,0.4010688585828892,1.0946079330623623e-55,3489,4.9873690283449525e-55,False,0.0
Monocytes,FERD3L,-0.23438723532331782,0.1253822650079064,-0.35971974705382914,0.39992450614028074,6.104234231523271e-57,3489,2.82582742571432e-56,False,0.0
Monocytes,MEIS3,-0.22931780481237,0.13561442486698563,-0.36335867307019737,0.397485116202875,1.1629271134011482e-59,3489,5.574885190546262e-59,False,0.0
Monocytes,HOXC9,-0.23556545876197635,0.13970261772567022,-0.3657119620289709,0.39653111984125966,9.640517509632219e-61,3489,4.6994619089122836e-60,False,0.0
Monocytes,NR3C2,-0.24370066406154747,0.1325508524064598,-0.3677864504157823,0.39704235725469345,3.6717800797375307e-60,3489,1.7706820265337364e-59,False,0.0
Monocytes,TFDP1,-0.2131093501535465,0.1012794847481388,-0.3691964232198006,0.3986486555872077,2.3500850808951817e-58,3489,1.1160145818429465e-57,False,0.0
Monocytes,E2F3,-0.253562628133291,0.1294245343588599,-0.3708474700686126,0.3982144361792865,7.684302204534323e-59,3489,3.657727849358338e-58,False,0.0
Monocytes,HOXC13,-0.2305868318331652,0.14628471757656233,-0.37416443262667415,0.39336808493837505,2.124862801619104e-64,3489,1.078694466166988e-63,False,0.0
Monocytes,ARNT::HIF1A,-0.24823883383654283,0.13677432387018856,-0.3748871103979369,0.39683086851394217,2.113330330109461e-60,3489,1.0227912100027368e-59,False,0.0
Monocytes,GLIS1,-0.24523890081853508,0.1254317649401585,-0.3766726479081851,0.3943753723550328,3.1894479909730207e-63,3489,1.601055405890427e-62,False,0.0
Monocytes,HIF1A,-0.25444433556231644,0.13772522760272204,-0.38549140541075105,0.3942614397545974,2.350784233001515e-63,3489,1.1815245971085877e-62,False,0.0
Monocytes,KLF11,-0.17501817260997182,0.1245082251708411,-0.3974314480930034,0.39015986613892306,3.2109366042661297e-68,3489,1.696011684185478e-67,False,0.0
Monocytes,GLI3,-0.24440826130061152,0.13619573999261103,-0.40091452562264546,0.3868276078148035,2.624804476277363e-72,3489,1.4409713583471115e-71,False,0.0
Monocytes,CUX1,-0.24433654600741161,0.16797021363038603,-0.40290794195857915,0.38736857147597903,1.2328973140611418e-71,3489,6.7047077052303495e-71,False,0.0
Monocytes,HOXC10,-0.2619570810414117,0.1534373795220645,-0.40765439311043494,0.3853619957056922,3.82699312473634e-74,3489,2.1357260941632043e-73,False,0.0
Monocytes,MAZ,-0.1952763971432068,0.1033386743673669,-0.41345406535923235,0.38254270432214776,9.65106354874655e-78,3489,5.610374011239733e-77,False,0.0
Monocytes,NFATC3,-0.28176964662746656,0.16535342618028517,-0.4170546303855291,0.38326478190365487,8.21197245579098e-77,3489,4.73974900943371e-76,False,0.0
Monocytes,ONECUT2,-0.2626019332213873,0.1612962264678359,-0.4252107099765151,0.3810988193977495,1.2825642137421766e-79,3489,7.63125707176595e-79,False,0.0
Monocytes,SP9,-0.17672422811995506,0.10362494938001349,-0.4268874227348931,0.38181327625029005,1.0950859734142339e-78,3489,6.430649997727126e-78,False,0.0
Monocytes,GCM2,-0.2817509316328684,0.1506514056304148,-0.42872287583074775,0.37773921292570756,4.50440547513815e-84,3489,2.7866704208576384e-83,False,0.0
Monocytes,TFAP2C(var.3),-0.2685395577871487,0.11299037628734346,-0.42901409032847887,0.38082933745004033,5.69287217925444e-80,3489,3.397250860953313e-79,False,0.0
Monocytes,ETS2,-0.32225432921641,0.12983584482453303,-0.43617310021500444,0.37836097793301726,3.0713785864143306e-83,3489,1.8828481455503608e-82,False,0.0
Monocytes,BARX2,-0.27398211552210006,0.1666114515431576,-0.44718202131058177,0.3766707975341483,1.6261972639961608e-85,3489,1.015369464525998e-84,False,0.0
Monocytes,MYBL2,-0.3143285226044771,0.15308129547749696,-0.459846212928661,0.371347204897675,6.8817087759040075e-93,3489,4.549574135180983e-92,False,0.0
Monocytes,HES6,-0.29895853784493515,0.16970511219991039,-0.46294553204638855,0.36959670723975196,2.2152554210172583e-95,3489,1.4913350138828331e-94,False,0.0
Monocytes,E2F7,-0.3041879907571814,0.16691843560597525,-0.46352409522955984,0.3723632480454857,1.8574296823004526e-91,3489,1.2121226604173597e-90,False,0.0
Monocytes,OVOL2,-0.31026025321149736,0.15601682795041072,-0.46565248565891404,0.3705870777190585,5.748872146778038e-94,3489,3.8319500339149817e-93,False,0.0
Monocytes,NFATC4,-0.3247873398895014,0.1944239908663039,-0.47751656680701543,0.3677996204444593,5.648643852949144e-98,3489,3.8475442809818577e-97,False,0.0
Monocytes,PBX1,-0.30273636128423337,0.1902578826825349,-0.4855369991819665,0.36546702880803095,2.1525198331270707e-101,3489,1.5067638831889496e-100,False,0.0
Monocytes,PBX2,-0.298102417514373,0.1897805955712536,-0.4860699793025866,0.3644833602463971,7.469427032069387e-103,3489,5.320651720379003e-102,False,0.0
Monocytes,OVOL1,-0.3316349251958822,0.16017046883765118,-0.48826296662218344,0.3640394122483058,1.6257278992699735e-103,3489,1.1641938195480199e-102,False,0.0
Monocytes,FOXE1,-0.3003819120689999,0.1825284549467865,-0.4902684489723242,0.36323901951593024,1.0271850535364548e-104,3489,7.448012054853937e-104,False,0.0
Monocytes,ONECUT3,-0.27877701094602303,0.1951811419506787,-0.49041390441008964,0.36062489328952657,1.1104671120791448e-108,3489,8.289575526701513e-108,False,0.0
Monocytes,MYF6,-0.3436841182038133,0.18412656757492554,-0.49514088605213086,0.36268665178516657,1.5129682977702834e-105,3489,1.1029675194195616e-104,False,0.0
Monocytes,TGIF2,-0.33103994789071,0.19098066520706142,-0.4975200382341487,0.3622613502515678,3.444186995136489e-106,3489,2.5199241559353045e-105,False,0.0
Monocytes,BHLHE22(var.2),-0.3518559995961045,0.18872716313177484,-0.4994280821116195,0.3608507587246402,2.4611585085297433e-108,3489,1.8237815614489634e-107,False,0.0
Monocytes,FOXC1,-0.2931817413413159,0.18085022286228344,-0.5019325164425756,0.36120952751102076,8.689664957798565e-108,3489,6.415763580155655e-107,False,0.0
Monocytes,PLAGL2,-0.3312098880557516,0.13941042235539086,-0.5072626618278266,0.3587851087929322,1.6193949252404864e-111,3489,1.2292817762707332e-110,False,0.0
Monocytes,ELK1,-0.377585769613394,0.14638909886465973,-0.5139902392728662,0.35578329824825383,3.179254266256658e-116,3489,2.4977209245193085e-115,False,0.0
Monocytes,E2F8,-0.33955170364295123,0.1777115546525056,-0.5225765640783705,0.355479225757718,1.0471750853869945e-116,3489,8.291331497995654e-116,False,0.0
Monocytes,TBXT,-0.34707790580120185,0.20909138453645476,-0.5231478739932038,0.3563364226471418,2.3827102489497026e-115,3489,1.85750398212919e-114,False,0.0
Monocytes,SOX15,-0.32900833955231973,0.19499237213787823,-0.5433047738171967,0.3459476395386551,2.4453674595027884e-132,3489,2.160252563569494e-131,False,0.0
Monocytes,ETV3,-0.39483459675606863,0.1678126546672283,-0.5457802094616923,0.34787281943785286,4.224410374808764e-129,3489,3.6756912637583353e-128,False,0.0
Monocytes,GCM1,-0.36667680756466475,0.2008827297893374,-0.5590682230968992,0.3443591229070627,4.858572938656776e-135,3489,4.3299088347588803e-134,False,0.0
Monocytes,MEIS1,-0.3580986768582361,0.20872917220496598,-0.56044452873679,0.3410910732780652,1.0993810764280381e-140,3489,1.0344408919134517e-139,False,0.0
Monocytes,MGA,-0.42954286580933126,0.2732136163180729,-0.5650981224693401,0.34684802055888914,8.081539343597561e-131,3489,7.0928217319296596e-130,False,0.0
Monocytes,GLI2,-0.3516738127220471,0.19017203087127232,-0.5684379414263632,0.34287032432471287,1.3464782723687337e-137,3489,1.2325454954759946e-136,False,0.0
Monocytes,BARHL1,-0.375565613363341,0.20412300777673797,-0.568569582993077,0.3438323737970801,6.0881574826769695e-136,3489,5.473930038869115e-135,False,0.0
Monocytes,E2F2,-0.3818013690643638,0.21375727183871443,-0.5766827348149459,0.3407824607787834,3.1768443414176367e-141,3489,3.0031570573307846e-140,False,0.0
Monocytes,YY2,-0.38926926214721747,0.17647940743298277,-0.5901047067913149,0.33732378483017694,2.445033128203628e-147,3489,2.4011174846388056e-146,False,0.0
Monocytes,FEV,-0.4330485659743619,0.19059496884071056,-0.5907741581494662,0.3364329162092202,6.1991348128567115e-149,3489,6.132444853989793e-148,False,0.0
Monocytes,MEIS2(var.2),-0.3702105756596257,0.2363508282715856,-0.6050851625772825,0.33405076281064805,3.034697820320962e-153,3489,3.0850219550298023e-152,False,0.0
Monocytes,MEIS2,-0.3954503709233395,0.22182535752930915,-0.6062679867777657,0.3338400847857443,1.2529348329251137e-153,3489,1.2833859073455722e-152,False,0.0
Monocytes,FOXB1,-0.35395146229209506,0.23025533282621397,-0.614050223676206,0.3292290032837775,3.694394853305856e-162,3489,3.975404674594546e-161,False,0.0
Monocytes,ELK3,-0.4520122713989669,0.19378055160991525,-0.6160596432311585,0.3301078733101912,1.6270134217784013e-160,3489,1.736911953697998e-159,False,0.0
Monocytes,ZBTB7C,-0.412574025613269,0.1934093570647035,-0.6219487412864174,0.327422241946038,1.450735150799201e-165,3489,1.612547917619112e-164,False,0.0
Monocytes,KLF16,-0.25780161954812014,0.15852218995407144,-0.6223984419102777,0.3322174640408337,1.3263919852377316e-156,3489,1.3725273586373047e-155,False,0.0
Monocytes,FOXC2,-0.3635445045308604,0.22873889839691405,-0.622460287334002,0.32801628047136316,1.9291436129605085e-164,3489,2.1267888441521028e-163,False,0.0
Monocytes,FOXF2,-0.39744064208669405,0.23946856093888205,-0.6279822963794658,0.327438131976649,1.5548858542063885e-165,3489,1.7235803194846707e-164,False,0.0
Monocytes,GRHL1,-0.4068755859930837,0.2439113212963947,-0.6369429775092006,0.32516401997668704,7.150084991165851e-170,3489,8.218535191550294e-169,False,0.0
Monocytes,ZNF382,-0.4024316488939664,0.26002462742245147,-0.6577306383664374,0.3216229212502514,9.719667368210813e-177,3489,1.1566404168170869e-175,False,0.0
Monocytes,GLIS3,-0.42748323907309926,0.22184973634070315,-0.6589218057804553,0.3206965432751742,1.4744093991329536e-178,3489,1.7754346514559317e-177,False,0.0
Monocytes,BARHL2,-0.4356407454862233,0.2473293303310553,-0.6606095029055807,0.3203960379343674,3.7716168975571155e-179,3489,4.5552125276167427e-178,False,0.0
Monocytes,GATA4,-0.42150246906400185,0.2764312843996292,-0.6611422848607287,0.31630354433618507,2.5975515275726723e-187,3489,3.2740478132582655e-186,False,0.0
Monocytes,GRHL2,-0.4159078104897154,0.25088123405151447,-0.66723453055552,0.3177178651560112,1.802988535360308e-184,3489,2.237696814131229e-183,False,0.0
Monocytes,NKX2-3,-0.4339452702140506,0.2678779559189532,-0.6678331084483609,0.3148182048081179,2.551925882650855e-190,3489,3.257126852115255e-189,False,0.0
Monocytes,KLF9,-0.32172940305970615,0.20132007374669858,-0.6788213733108781,0.31716674052288035,1.4169882352041026e-185,3489,1.7749642104135602e-184,False,0.0
Monocytes,ONECUT1,-0.3997845159276383,0.2500162999108632,-0.67904174987107,0.31219613356640874,1.0924332437098185e-195,3489,1.4397344964332006e-194,False,0.0
Monocytes,E2F1,-0.4556986449970499,0.24987732588208666,-0.6843118306465311,0.31170743405353546,1.0702792695970615e-196,3489,1.4291583910197065e-195,False,0.0
Monocytes,HINFP,-0.4318982346167128,0.19844937237365376,-0.685774086320071,0.3151222772986537,1.0581767077110633e-189,3489,1.3463468425782898e-188,False,0.0
Monocytes,TGIF1,-0.4520406088961553,0.2565142455427854,-0.6884184689056733,0.31112609674315445,6.698011232148355e-198,3489,9.124630789653954e-197,False,0.0
Monocytes,TBX20,-0.6285108975695014,0.40257223334158226,-0.7150473466089474,0.30855769489054985,2.9123088068535766e-203,3489,4.063172907768818e-202,False,0.0
Monocytes,PKNOX2,-0.48187046775378317,0.2762316451991776,-0.7159442065692212,0.3039146711841916,3.874602105038498e-213,3489,5.806163006291024e-212,False,0.0
Monocytes,GATA1::TAL1,-0.48146723267120023,0.275340801699547,-0.7395653731785664,0.3011607775456788,4.158550118998142e-219,3489,6.373293099040335e-218,False,0.0
Monocytes,MTF1,-0.48670961017575526,0.25703345909538483,-0.7403442526481375,0.29846687687988116,5.0038981746442817e-225,3489,7.877732301404967e-224,False,0.0
Monocytes,KLF17,-0.41365567983749113,0.2315257327858289,-0.7544030359227004,0.2981546972308703,1.0190088103306251e-225,3489,1.6168273123912587e-224,False,0.0
Monocytes,KLF15,-0.2788067898981423,0.12912910426444726,-0.7617055451707722,0.2952587661758755,3.515783604617083e-232,3489,5.782463603366144e-231,False,0.0
Monocytes,FOXG1,-0.49648769414015115,0.3125219237549762,-0.7681861308327482,0.2903324243046774,2.1978202528861665e-243,3489,3.832922734128203e-242,False,0.0
Monocytes,EOMES,-0.743358078508857,0.48488722134553125,-0.770987075176703,0.289372915075299,1.3453428237879597e-245,3489,2.366633506541776e-244,False,0.0
Monocytes,MYOG,-0.5784788827149887,0.31619776148078776,-0.774809286496318,0.2838692894729574,1.7360510748556177e-258,3489,3.2220470866357012e-257,False,0.0
Monocytes,ZIC3,-0.4797218155491033,0.21806496323751934,-0.7816923471875262,0.28829779776606707,4.3354509127253024e-248,3489,7.761608138445387e-247,False,0.0
Monocytes,TBX3,-0.599035205493299,0.378929077662869,-0.7861062751796988,0.2869166622482653,2.6145259762347822e-251,3489,4.722487544574075e-250,False,0.0
Monocytes,SOX10,-0.5409133011993914,0.29894784848304673,-0.7899058060433767,0.285158597909099,1.9446339552313478e-255,3489,3.592689033272161e-254,False,0.0
Monocytes,E2F4,-0.5326964689635935,0.2852994640820751,-0.7940128049960571,0.2852700443142687,3.5608907921882427e-255,3489,6.548801884178923e-254,False,0.0
Monocytes,FLI1,-0.5991620484496805,0.2774319399276909,-0.7983660110593784,0.28223899395135715,2.279083869527729e-262,3489,4.308959502854763e-261,False,0.0
Monocytes,ETV2,-0.580627513188106,0.30979746339896425,-0.8105331888249212,0.28071263220140646,4.977742085648283e-266,3489,9.590449751682357e-265,False,0.0
Monocytes,GATA2,-0.5292323256808186,0.3381028253646329,-0.8137723184069443,0.27954676876497764,7.650760497938563e-269,3489,1.5099988768126548e-267,False,0.0
Monocytes,ZBTB7B,-0.5574730183644779,0.2742987323762191,-0.8439923362881802,0.2732869074200876,3.33776729725665e-284,3489,6.890105349336941e-283,False,0.0
Monocytes,ERG,-0.6418915760821831,0.3130943692281702,-0.8574979321003852,0.26914371705757495,1.3209336068055996e-294,3489,2.8428177516677955e-293,False,0.0
Monocytes,ERF,-0.6518768588594523,0.3214125093544029,-0.8577053280059851,0.26673637742000705,9.777292140333625e-301,3489,2.173567252735706e-299,False,0.0
Monocytes,TBX6,-0.6838269902586571,0.4358211246572307,-0.8657772006171707,0.26576654507550385,3.1801323067425287e-303,3489,7.108737742033299e-302,False,0.0
Monocytes,FOXN3,-0.5958486906189335,0.3650303927488267,-0.8692865858398834,0.26513602433704114,7.577588716663763e-305,3489,1.712789047353161e-303,False,0.0
Monocytes,MSC,-0.5943441536830315,0.34594802427861343,-0.8699672815156432,0.2650568984703251,4.737608721505002e-305,3489,1.0768744318656875e-303,False,0.0
Monocytes,TBX1,-0.6897233365343806,0.453212034898983,-0.8772297944787918,0.2622453899589167,0.0,3489,0.0,False,0.0
Monocytes,ZIC4,-0.5536124823853179,0.2602892288616324,-0.8927312302738832,0.26205168291908726,0.0,3489,0.0,False,0.0
Monocytes,ASCL1,-0.6668192225644558,0.3465676516528761,-0.8932327032538663,0.25490370938712203,0.0,3489,0.0,False,0.0
Monocytes,ZNF740,-0.48963245548441714,0.25972077254548503,-0.895177848644056,0.26010304630803516,0.0,3489,0.0,False,0.0
Monocytes,VEZF1,-0.5758342494097034,0.31427222810220695,-0.9006262432994281,0.2594292873910391,0.0,3489,0.0,False,0.0
Monocytes,TBX18,-0.6671700534715169,0.3961081067033872,-0.9006713075225277,0.257771805864686,0.0,3489,0.0,False,0.0
Monocytes,ZIC1,-0.5590753483618125,0.2682790198516611,-0.9075822751392066,0.25679473112527845,0.0,3489,0.0,False,0.0
Monocytes,ZBTB7A,-0.623476049179717,0.290437326470243,-0.9154863662803481,0.25597007096520097,0.0,3489,0.0,False,0.0
Monocytes,SPDEF,-0.64855569095209,0.32036583959178805,-0.9198394846880129,0.2544595992458613,0.0,3489,0.0,False,0.0
Monocytes,ETS1,-0.7051437031106415,0.3351475184294407,-0.9264940058853061,0.2519119517189527,0.0,3489,0.0,False,0.0
Monocytes,FOXP2,-0.6160596342789488,0.3721515810171044,-0.9312093881101131,0.24889344042781583,0.0,3489,0.0,False,0.0
Monocytes,GLIS2,-0.6014897043633172,0.29172786641083304,-0.935161904059198,0.25191465410511105,0.0,3489,0.0,False,0.0
Monocytes,ZFP57,-0.6667469992478532,0.31648675573491264,-0.9594149169359436,0.246535068027437,0.0,3489,0.0,False,0.0
Monocytes,TBX21,-0.8908734664894605,0.5723629783247458,-0.9595854616046087,0.23339455318936425,0.0,3489,0.0,False,0.0
Monocytes,TBR1,-0.8941326032246821,0.5649438053283365,-0.9686299271126834,0.23285661620068612,0.0,3489,0.0,False,0.0
Monocytes,FOXA1,-0.632986821987103,0.3906403485000339,-0.9896568586563793,0.23847979536667246,0.0,3489,0.0,False,0.0
Monocytes,TCF7L1,-0.7543611654903439,0.4561358782335744,-1.0049079663837117,0.2331335026864691,0.0,3489,0.0,False,0.0
Monocytes,GATA3,-0.6794192848786835,0.42941088622058926,-1.009060047118741,0.23358961142227286,0.0,3489,0.0,False,0.0
Monocytes,SRY,-0.6622534185054595,0.42338665982883256,-1.0404770563391912,0.227349585591785,0.0,3489,0.0,False,0.0
Monocytes,GATA5,-0.7287289254471135,0.4515924197420042,-1.0760945086246418,0.21936738545274184,0.0,3489,0.0,False,0.0
Monocytes,GATA6,-0.7016728616704645,0.45462439318279424,-1.0887985481117557,0.2162475346806674,0.0,3489,0.0,False,0.0
Monocytes,NHLH1,-0.7866148612485947,0.42369920225380225,-1.0890176134505318,0.21013992577193796,0.0,3489,0.0,False,0.0
Monocytes,SCRT2,-0.721242421558842,0.42055028112702825,-1.0890559195925895,0.2165556067027176,0.0,3489,0.0,False,0.0
Monocytes,EGR2,-0.6539844064340693,0.3341899754826493,-1.0931832792484877,0.21780783840076678,0.0,3489,0.0,False,0.0
Monocytes,TBX2,-1.0194502615519547,0.636967922029603,-1.0984313800734593,0.2000388386938676,0.0,3489,0.0,False,0.0
Monocytes,ELK4,-0.825029766554597,0.40057632444171687,-1.115765425096062,0.2105903594968092,0.0,3489,0.0,False,0.0
Monocytes,ZIC5,-0.6579868042215551,0.3139279773342199,-1.116222354948758,0.2134876417448832,0.0,3489,0.0,False,0.0
Monocytes,EGR4,-0.666631104795363,0.3629977835998513,-1.1312288109654551,0.2124653290611851,0.0,3489,0.0,False,0.0
Monocytes,FOXA2,-0.7663965035651954,0.4667464097622028,-1.1371570152611505,0.205207152221683,0.0,3489,0.0,False,0.0
Monocytes,FOXK1,-0.7962724760054378,0.47547090353851507,-1.1421973512503958,0.20542355930524245,0.0,3489,0.0,False,0.0
Monocytes,FOXO3,-0.811347040484726,0.4758871012857062,-1.1524876642317607,0.20116092347453138,0.0,3489,0.0,False,0.0
Monocytes,NHLH2,-0.8398619650951462,0.44419515942816384,-1.188376288527465,0.1950352085785411,0.0,3489,0.0,False,0.0
Monocytes,FOXA3,-0.8440538321791076,0.5163053216004758,-1.2174326623654326,0.18881642350325775,0.0,3489,0.0,False,0.0
Monocytes,FOXP1,-0.8425076102519882,0.5222115058025592,-1.2310121278661472,0.18573224422847334,0.0,3489,0.0,False,0.0
Monocytes,RUNX3,-0.8943482148414332,0.5593975870970467,-1.2547970703533244,0.1845568683927672,0.0,3489,0.0,False,0.0
Monocytes,FOXD1,-0.9003761032686307,0.5282652484301653,-1.2644328452487168,0.18009685027705133,0.0,3489,0.0,False,0.0
Monocytes,ZSCAN4,-0.8472860786866866,0.48848155947344707,-1.2925936200613457,0.17819074922413142,0.0,3489,0.0,False,0.0
Monocytes,SCRT1,-0.8973923780205741,0.5274583400296564,-1.3040445549639224,0.17467743102740343,0.0,3489,0.0,False,0.0
Monocytes,LEF1,-1.1587192054476243,0.7321411945827538,-1.3095873867251733,0.17266917977769847,0.0,3489,0.0,False,0.0
Monocytes,ZBTB14,-0.725068265985887,0.34290036551603975,-1.3337583404433022,0.17126393897536435,0.0,3489,0.0,False,0.0
Monocytes,TBX4,-1.0692432564885532,0.6669611829192205,-1.3865613407496913,0.1551085340436069,0.0,3489,0.0,False,0.0
Monocytes,EGR3,-0.7666380330747173,0.40070040413867086,-1.4031360053669804,0.15946061885615884,0.0,3489,0.0,False,0.0
Monocytes,RUNX2,-1.1180514829737043,0.6452403369224629,-1.4045061731606867,0.15701020318322714,0.0,3489,0.0,False,0.0
Monocytes,TCFL5,-0.896144956643025,0.41553902808734683,-1.4120187808981794,0.15806721450519823,0.0,3489,0.0,False,0.0
Monocytes,CTCFL,-0.7765276554877942,0.3976622949597931,-1.4211650894062113,0.15693702256605943,0.0,3489,0.0,False,0.0
Monocytes,FIGLA,-1.1138732480785594,0.6515426107016753,-1.455103763420793,0.1435497798717307,0.0,3489,0.0,False,0.0
Monocytes,RREB1,-0.8543506678346839,0.478969099822447,-1.4744753954475704,0.14764686752638218,0.0,3489,0.0,False,0.0
Monocytes,TCF7L2,-1.4102903039832584,0.8656588379552153,-1.4761719761019771,0.1436427960033006,0.0,3489,0.0,False,0.0
Monocytes,TCF7,-1.39048118005761,0.8593879212759872,-1.5145832314675087,0.13868791693427046,0.0,3489,0.0,False,0.0
Monocytes,MYOD1,-1.197346910568132,0.6732152228415371,-1.5349516524718676,0.12965573167726785,0.0,3489,0.0,False,0.0
Monocytes,NRF1,-0.9029395076435741,0.4078755922947039,-1.5419582343951783,0.13743109117975208,0.0,3489,0.0,False,0.0
Monocytes,EGR1,-0.7656032170267584,0.3903784749500246,-1.6201779083068089,0.12663468014314216,0.0,3489,0.0,False,0.0
Monocytes,SNAI3,-1.450718307233473,0.8043432075416757,-1.645481360279055,0.11483768360754716,0.0,3489,0.0,False,0.0
Monocytes,SNAI1,-1.4957216303279999,0.8232265371897992,-1.6521195710892531,0.11060963831966278,0.0,3489,0.0,False,0.0
Monocytes,SNAI2,-1.4821765669963949,0.8473437986154196,-1.6969174679276648,0.10800751068780214,0.0,3489,0.0,False,0.0
Monocytes,TCF4,-1.829297635638049,0.9689961876519314,-1.99409534054883,0.07926747175074142,0.0,3489,0.0,False,0.0
Monocytes,ASCL1(var.2),-1.716914492521657,0.910242603387548,-1.9970388892784734,0.07467228027938565,0.0,3489,0.0,False,0.0
Monocytes,CTCF,-1.8904656645747757,1.0398979832072506,-2.0982886963476837,0.06983117166762141,0.0,3489,0.0,False,0.0
Monocytes,ZEB1,-1.8587342340388386,0.9823001098794021,-2.120810179354564,0.07237341442221336,0.0,3489,0.0,False,0.0
Monocytes,TCF12(var.2),-1.945602165289461,1.0323521222338694,-2.1379832005694,0.0666076033147901,0.0,3489,0.0,False,0.0
NK cells,EOMES,3.3720137725444372,-0.19697028728146795,2.3831508223627638,0.9426486221369703,1.500463204710693e-233,479,2.4983021095717958e-232,True,2.3831508223627638
NK cells,TBX21,3.2320936362931327,-0.1950185856261287,2.2936074491517706,0.9420803043350618,5.889900203516741e-233,479,9.766613206323252e-232,True,2.2936074491517706
NK cells,TBR1,3.1772717864136952,-0.1979604040282583,2.2798678143794078,0.9404210574427909,3.1596266812822243e-231,479,5.175647592092259e-230,True,2.2798678143794078
NK cells,TBX20,2.8605857638930656,-0.17180976171230064,2.223438231816785,0.934636421009225,3.00973967408958e-225,479,4.756799500533766e-224,True,2.223438231816785
NK cells,TBX2,3.163111530669018,-0.2037954403010034,2.1978200675078337,0.9420423829969761,6.4522026157094925e-233,479,1.065535174822882e-231,True,2.1978200675078337
NK cells,TBX1,2.22320730785685,-0.1284707807725943,1.7903718577727488,0.905285305330811,3.9773335498314235e-196,479,5.258918804777104e-195,True,1.7903718577727488
NK cells,TBX6,2.177292977979345,-0.1344443981002368,1.7744755326935941,0.900206357374206,2.707715062503937e-191,479,3.488985714296474e-190,True,1.7744755326935941
NK cells,TBX3,1.9540804144029131,-0.12228767612401101,1.6653493798887706,0.8805626019763798,3.5706436872683364e-173,479,4.1996582438045605e-172,True,1.6653493798887706
NK cells,MGA,1.8773764539459599,-0.11416896101457097,1.6479776838008053,0.8803893190407559,5.111425544802029e-173,479,5.99444282732435e-172,True,1.6479776838008053
NK cells,TBX18,1.8266479915270084,-0.13258263137922374,1.6178396648848858,0.881480750400497,5.322001752465585e-174,479,6.2777898222961396e-173,True,1.6178396648848858
NK cells,TBX4,1.8268599648981954,-0.1285649575429047,1.3517587106920388,0.8540801978539536,3.4795387966954765e-150,479,3.4675403870516986e-149,True,1.3517587106920388
NK cells,ZBTB7A,1.1216761305328327,-0.1410323180369962,1.1961523705687187,0.8060376295195768,1.0658459908685203e-112,479,8.136628073686856e-112,True,1.1961523705687187
NK cells,ELK4,1.260443152248377,-0.16336158750409457,1.1776432752838926,0.8064741016095975,5.147598828888106e-113,479,3.9445425874396354e-112,True,1.1776432752838926
NK cells,ETS1,1.1952888136847577,-0.1510288020782758,1.1272521300922709,0.7959515581275096,1.6105023616519588e-105,479,1.1719590926697528e-104,True,1.1272521300922709
NK cells,ERF,1.1473485149335638,-0.13467193096444277,1.0721590043138505,0.7855535774513194,2.277353179056622e-98,479,1.561723891942897e-97,True,1.0721590043138505
NK cells,ERG,1.1086630160772286,-0.13355826460179726,1.0577795194769086,0.7801800485041539,8.972343918651801e-95,479,6.010282035573707e-94,True,1.0577795194769086
NK cells,FLI1,1.0746193970940128,-0.13641254671146608,1.0564825355364087,0.7781350587291027,2.0107852982667953e-93,479,1.3337110355389268e-92,True,1.0564825355364087
NK cells,RUNX3,1.298821867671415,-0.09335152072906791,1.0528822868665402,0.7850726545212908,4.8082877439981414e-98,479,3.280663104926894e-97,True,1.0528822868665402
NK cells,FEV,0.9518107662025151,-0.11501247250490405,0.9953177612038194,0.7644725782265722,1.1833076876513858e-84,479,7.33179617800537e-84,True,0.9953177612038194
NK cells,TBXT,0.9406453809533851,-0.06648771064841201,0.9383331686971104,0.748609153306929,5.061973552427417e-75,479,2.8564497898356107e-74,True,0.9383331686971104
NK cells,ELK3,0.8726485977196153,-0.11637810995203991,0.9229536044518639,0.7513452657469613,1.2173043441122459e-76,479,6.996041727667822e-76,True,0.9229536044518639
NK cells,ETV3,0.845215131345419,-0.10736502445519834,0.9116534492881609,0.7442592493533909,1.7451529724008263e-72,479,9.6197396816536e-72,True,0.9116534492881609
NK cells,ETV5,0.8323762872322621,-0.09210213457182209,0.8988121589565249,0.7388402650274604,2.191374692100057e-69,479,1.1666186847680041e-68,True,0.8988121589565249
NK cells,ELK1,0.8023915967200473,-0.1113245439348904,0.8866675638039327,0.7379826400634668,6.680717811636759e-69,479,3.54726827636251e-68,True,0.8866675638039327
NK cells,ELF2,0.7149881519847238,-0.06793716838076727,0.7947950199192451,0.7100187924088011,4.590889814590374e-54,479,2.0524574795395199e-53,True,0.7947950199192451
NK cells,MEIS1,0.7243884105336044,-0.05888337928558233,0.7578481910574312,0.7014307394384679,7.07221690164071e-50,479,2.977543140898888e-49,True,0.7578481910574312
NK cells,ZSCAN4,0.8166921209420416,-0.09105725304720326,0.7531600543599838,0.7119972314911851,4.7056031348299634e-55,479,2.1272480763711768e-54,True,0.7531600543599838
NK cells,ETS2,0.6906399708238119,-0.09222211181957962,0.7492717730127887,0.7021645550006316,3.151436035655994e-50,479,1.3351529005512201e-49,True,0.7492717730127887
NK cells,MEIS2,0.6861250297985285,-0.06400100594816613,0.7155836721823828,0.6962490773939352,1.9605680937694206e-47,479,8.004498998376464e-47,True,0.7155836721823828
NK cells,RORC,0.8341562846115093,-0.05531012317471436,0.7141496614692601,0.7205860378655862,1.8675113567373684e-59,479,8.931384100897628e-59,True,0.7141496614692601
NK cells,SPDEF,0.6636186266719192,-0.10607290756074059,0.6740787486035744,0.6942319635693974,1.6837112680441197e-46,479,6.7784037716482665e-46,True,0.6740787486035744
NK cells,ETV2,0.6946255089741336,-0.08609155105343556,0.6681676459754555,0.6901522805415569,1.2186340165863535e-44,479,4.700279533945078e-44,True,0.6681676459754555
NK cells,RUNX2,0.8452908390880818,-0.10634745931897431,0.6310853188776583,0.6836596954188261,9.220101304271601e-42,479,3.4036979814856657e-41,True,0.6310853188776583
NK cells,RREB1,0.6063191492315931,-0.0879686293995792,0.628971799894687,0.6832998194090449,1.322551406584668e-41,479,4.864584537310515e-41,True,0.628971799894687
NK cells,TGIF2,0.6041748311280413,-0.051922008265123665,0.6134218023481287,0.6649167601515548,5.2534967594717575e-34,479,1.6950277423303614e-33,True,0.6134218023481287
NK cells,RORA(var.2),0.6590799869242522,-0.033576465532877256,0.6088548304086209,0.6845544883168375,3.748502106935131e-42,479,1.3901411113345132e-41,True,0.6088548304086209
NK cells,ETV1,0.6088006879027201,-0.05326319298450199,0.5952173928451532,0.6676794928686538,4.256285334852977e-35,479,1.4023559010435786e-34,True,0.5952173928451532
NK cells,THAP1,0.5180379732908807,-0.0452156541536064,0.5789999831924011,0.666680730209268,1.0608589665614949e-34,479,3.4726823452328546e-34,True,0.5789999831924011
NK cells,IRF9,0.8096102630694336,-0.06640952002763814,0.566267557921381,0.6845878892305157,3.624354246070344e-42,479,1.3465690798531325e-41,True,0.566267557921381
NK cells,PKNOX2,0.5656434310050966,-0.058622982190923704,0.5608903393056431,0.6573513276360917,4.145537106976159e-31,479,1.2687475896237169e-30,True,0.5608903393056431
NK cells,IRF7,0.6398786375405832,-0.06375992978623404,0.555616700220694,0.6692184462447454,1.031109237432122e-35,479,3.439297588335009e-35,True,0.555616700220694
NK cells,IRF4,0.7948187186545712,-0.06519480779342338,0.5504146302678851,0.6787814040789798,1.1553013060655651e-39,479,4.1256390859146305e-39,True,0.5504146302678851
NK cells,IRF8,0.8024277349677372,-0.061255719258321045,0.5476876314749604,0.6773002116814296,4.882509462892086e-39,479,1.7268036089913794e-38,True,0.5476876314749604
NK cells,TBX19,0.5281624200354859,-0.040573815192072656,0.5443267817736621,0.6516319862217465,5.232874013239334e-29,479,1.5488082119653507e-28,True,0.5443267817736621
NK cells,IRF5,0.5544833991544638,-0.060057991241006504,0.5297355219628633,0.6591052523062326,9.075538352298572e-32,479,2.8008869697482855e-31,True,0.5297355219628633
NK cells,GLI2,0.46466044320112593,-0.0530590647383856,0.5269954447112755,0.6456434284204607,6.8659662467104e-27,479,1.938569395267989e-26,True,0.5269954447112755
NK cells,SMAD2::SMAD3::SMAD4,0.4918411939328799,-0.027640078684915075,0.524401836196886,0.6451582362007139,1.0106994658553381e-26,479,2.845713318615656e-26,True,0.524401836196886
NK cells,MEIS3,0.48310545366204627,-0.0375717596806034,0.5138885871184327,0.6421159905744128,1.1090654600901126e-25,479,3.0525706472956436e-25,True,0.5138885871184327
NK cells,TGIF2LX,0.48765396828935076,-0.04883316283194147,0.5117730488578219,0.6348064643073568,2.8578734993267867e-23,479,7.503540673767799e-23,True,0.5117730488578219
NK cells,NFATC4,0.5245231747546345,-0.0425116331069329,0.5112303035289929,0.6438141633435269,2.9303240932673147e-26,479,8.176614676799694e-26,True,0.5112303035289929
NK cells,FOXD1,0.5949674743938076,-0.07518477470392335,0.5077342212130996,0.6487233442501583,5.726920186616042e-28,479,1.6503646064849363e-27,True,0.5077342212130996
NK cells,ELF4,0.4715987205524603,-0.03921384284427509,0.49880659530666627,0.6412849858874862,2.115262854751448e-25,479,5.778766718652504e-25,False,0.0
NK cells,TGIF2LY,0.47790557916176235,-0.03830525291384857,0.49286242888840714,0.6234993760558644,8.705122714096239e-20,479,2.0989825090127166e-19,False,0.0
NK cells,TGIF1,0.4685317577713454,-0.0530856913626563,0.4831585777529499,0.6349867790142812,2.5007378072385913e-23,479,6.578663958444305e-23,False,0.0
NK cells,RORB,0.5402471942520487,-0.021728065162608102,0.4743891990329606,0.6451240818829678,1.0385364891660054e-26,479,2.920026848621027e-26,False,0.0
NK cells,HOXC10,0.4472277219508775,-0.03783374364999991,0.469470480542231,0.6272244569023993,6.684221521752001e-21,479,1.6540893135785075e-20,False,0.0
NK cells,FOXP2,0.48784646304567236,-0.04927110377293618,0.4631170117367176,0.63020492339513,8.124939169014975e-22,479,2.0431015461674697e-21,False,0.0
NK cells,FOXP1,0.5227108679271135,-0.05059544600448749,0.4452418920928793,0.6332014625079767,9.305397487471613e-23,479,2.3995945337355097e-22,False,0.0
NK cells,BARX2,0.4133171366130568,-0.03252279345132865,0.4442911472019216,0.6269258577568098,8.233800223360161e-21,479,2.0263963323427745e-20,False,0.0
NK cells,HOXB9,0.4191633723601904,-0.033611780965884956,0.4442869467130223,0.6192217988928476,1.5131940001916662e-18,479,3.538949667500278e-18,False,0.0
NK cells,NRF1,0.3308849248219863,-0.1378426025766089,0.44237057327450735,0.6282777157893653,3.191465841678347e-21,479,7.951151967629676e-21,False,0.0
NK cells,SREBF1,0.4274422455411695,-0.022718482180956723,0.43879257043400677,0.6237452369166989,7.365457080685093e-20,479,1.7791426476687693e-19,False,0.0
NK cells,GLI3,0.38396426465004563,-0.03782188106151647,0.4381356929860619,0.6242264109814167,5.305846448150451e-20,479,1.2862465385989649e-19,False,0.0
NK cells,GATA3,0.4903706394588943,-0.039482195550914624,0.43444899456420555,0.6323702066863607,1.7056885470770532e-22,479,4.367858140173265e-22,False,0.0
NK cells,GATA4,0.44665866031723744,-0.026302960626130856,0.42828920196086123,0.6220927706610393,2.250486002842787e-19,479,5.381481304670163e-19,False,0.0
NK cells,HOXC9,0.41084616351928166,-0.03342237653639387,0.4281942021921832,0.6197501862791558,1.0691019721952376e-18,479,2.513414630739065e-18,False,0.0
NK cells,FOXA3,0.49713457137652445,-0.053538332697574666,0.4253589582391873,0.6246345048515455,4.0134752142993073e-20,479,9.74701123472689e-20,False,0.0
NK cells,HOXD11,0.3926604603135659,-0.032586403647628444,0.4191364529887936,0.612282947427213,1.2613351485489517e-16,479,2.7933015933382917e-16,False,0.0
NK cells,FOXA2,0.4661716401517284,-0.05077558109018228,0.4184425191912442,0.6248100479993731,3.558375025172779e-20,479,8.657357397383682e-20,False,0.0
NK cells,NKX2-3,0.424791767624228,-0.035721581165718906,0.4184100603182564,0.6182102283643071,2.9303664786751858e-18,479,6.794419927060058e-18,False,0.0
NK cells,HINFP,0.3243311675117835,-0.07336347264746403,0.4119774206738056,0.6168756986253138,6.94924707702399e-18,479,1.5921094945435485e-17,False,0.0
NK cells,GATA5,0.45679300918264826,-0.04409292317955066,0.4057777093102588,0.6206929459028254,5.730689447309433e-19,479,1.3535533860953861e-18,False,0.0
NK cells,GATA1::TAL1,0.3890723313832668,-0.04884789487666412,0.4040953575630608,0.6232344289586423,1.0419004369570979e-19,479,2.500313859981268e-19,False,0.0
NK cells,FOXO3,0.44628063345384894,-0.06266437502195397,0.398531561766766,0.6178902827701261,3.607514467596083e-18,479,8.326299792295354e-18,False,0.0
NK cells,HOXC12,0.36515458338176954,-0.03425560414772594,0.3946166653564304,0.6050143561145144,9.836414980982546e-15,479,2.0663621502105598e-14,False,0.0
NK cells,FOXG1,0.407625990763073,-0.03250266483313568,0.39274932653696604,0.6142566149505001,3.680106499396453e-17,479,8.240017098261233e-17,False,0.0
NK cells,BHLHA15(var.2),0.4019714119676103,-0.04755346132191397,0.3885426820512906,0.6317519130812795,2.6705229873466175e-22,479,6.8041158733025285e-22,False,0.0
NK cells,SRY,0.4060280276110611,-0.03126069353048899,0.37483171321678005,0.615709177993469,1.4667009833231947e-17,479,3.331988870592726e-17,False,0.0
NK cells,ZNF274,0.34991483594187317,-0.021891161544285876,0.3721786638470662,0.6035100593255477,2.3391613504386182e-14,479,4.858442928067068e-14,False,0.0
NK cells,MTF1,0.33237608922827144,-0.0594598271455223,0.3680023986818679,0.6089722388180396,9.502676568665565e-16,479,2.0472752607465855e-15,False,0.0
NK cells,FOXE1,0.33966720205947554,-0.02920542336249472,0.36541223191205385,0.6049656359847883,1.0118219651580051e-14,479,2.122255920699476e-14,False,0.0
NK cells,HOXA10,0.32605782529511224,-0.018614101543119536,0.3612410625475175,0.6026710183285631,3.7724161894711894e-14,479,7.79928252560063e-14,False,0.0
NK cells,NHLH1,0.3717469422521612,-0.08128102570470512,0.3609470155793431,0.6151694895461418,2.0670622536793595e-17,479,4.6644360727198485e-17,False,0.0
NK cells,MYOG,0.3783060293570085,-0.06288038983784176,0.35844508108793494,0.6274994493871937,5.514115548769495e-21,479,1.367879307806338e-20,False,0.0
NK cells,HOXC11,0.3277549342509878,-0.037155623179519544,0.35754084553602566,0.597851994775394,5.458616368267739e-13,479,1.089031648225408e-12,False,0.0
NK cells,TCFL5,0.2636099141354127,-0.1262258434561735,0.34633047355970076,0.6041110246370665,1.6572574808897262e-14,479,3.452761981297545e-14,False,0.0
NK cells,GLIS2,0.2753691860093731,-0.08221659365397109,0.34145250470498023,0.6016426217758387,6.742034868271593e-14,479,1.3804794067321288e-13,False,0.0
NK cells,GCM2,0.3057658184496752,-0.03976740327756277,0.3362704447404542,0.5906951583994383,2.2969416107559857e-11,479,4.359017709717973e-11,False,0.0
NK cells,HOXD12,0.3074286339423475,-0.03025254211437292,0.3340138341835529,0.5928448713399317,7.68758707804433e-12,479,1.4853857362830642e-11,False,0.0
NK cells,ZNF382,0.32836197231697595,-0.02194861163354013,0.33202725555468415,0.6004467183853446,1.315068189333254e-13,479,2.6630459930141873e-13,False,0.0
NK cells,GATA6,0.37135701505281765,-0.025880364192252904,0.3310541676082122,0.6050206344817471,9.80066644640508e-15,479,2.0599218930989587e-14,False,0.0
NK cells,HOXD9,0.3063723251926326,-0.01381871454571057,0.330238629281253,0.5959079611454454,1.5487173598871188e-12,479,3.0447572585535872e-12,False,0.0
NK cells,VENTX,0.29894375484365515,-0.03253862560049061,0.3292827592568953,0.5921120603165252,1.1195306206282726e-11,479,2.1487765137865234e-11,False,0.0
NK cells,FERD3L,0.29195516687095624,-0.0352124909945048,0.32303508388161134,0.5962545270166931,1.2878835123017385e-12,479,2.5356577570670725e-12,False,0.0
NK cells,MYF5,0.34396054506592066,-0.03275183508133068,0.32295121658450543,0.6094039393489634,7.327123919258817e-16,479,1.5878705611848513e-15,False,0.0
NK cells,OVOL2,0.2827267229572333,-0.0469826639156025,0.32189604773410596,0.5881273062012438,8.221692202400703e-11,479,1.527317109775631e-10,False,0.0
NK cells,OVOL1,0.27432015260288334,-0.052819633208126014,0.31670879107816013,0.5902812884314554,2.8277459699542048e-11,479,5.34878924471001e-11,False,0.0
NK cells,FOXH1,0.3087729765825134,-0.012015860230056382,0.3136172704857431,0.5914360057329027,1.5795602117242144e-11,479,3.017422387458061e-11,False,0.0
NK cells,RFX7,0.2776968136444423,-0.03377288932591922,0.30282902187289096,0.5863555509681619,1.94174803799754e-10,479,3.5645701278303293e-10,False,0.0
NK cells,FOXF2,0.28955984879143026,-0.030731118627773515,0.30258370027029813,0.5895708283953975,4.031917202694348e-11,479,7.587505582372713e-11,False,0.0
NK cells,BHLHE22(var.2),0.2822103066093453,-0.04354434901586515,0.292998018046007,0.5997957772706531,1.88576790899567e-13,479,3.797818297559224e-13,False,0.0
NK cells,CDX2,0.2626746901928657,-0.015828508503705815,0.29132214149538693,0.5815631476920596,1.8257534863747838e-09,479,3.2628085714983987e-09,False,0.0
NK cells,HOXD10,0.27169954513579314,-0.026613179853119395,0.2901508683434621,0.5782808173027782,7.897472123870278e-09,479,1.376698501214095e-08,False,0.0
NK cells,VEZF1,0.25529960568689786,-0.05591105277137915,0.28876907664985896,0.581405435107173,1.961420681677674e-09,479,3.4990776358323937e-09,False,0.0
NK cells,ZBTB7B,0.23238099172379748,-0.07238393820741926,0.2864325964991518,0.5809245121771444,2.4385938450787112e-09,479,4.331233844244278e-09,False,0.0
NK cells,KLF17,0.2210368477800376,-0.03865516132279508,0.2854644793098415,0.5843487336658859,5.037182647202174e-10,479,9.155633868185085e-10,False,0.0
NK cells,NFATC3,0.2807768820340217,-0.028956718939429298,0.28365687696254466,0.5807657950535005,2.61958634887618e-09,479,4.642508264368386e-09,False,0.0
NK cells,PAX3(var.2),0.2602595206214071,-0.023559002811236306,0.28088517080511877,0.5765720968767132,1.654983280951737e-08,479,2.856681891949969e-08,False,0.0
NK cells,TFAP4(var.2),0.2886219600098216,-0.02517226415563331,0.28041604485807414,0.5742892825508855,4.340967533023818e-08,479,7.382746800594523e-08,False,0.0
NK cells,FOXK1,0.30759464391802993,-0.048611849122455246,0.2798301949060018,0.5822688361690207,1.3226794559511506e-09,479,2.373197817640069e-09,False,0.0
NK cells,MSC,0.27989969121873887,-0.04489069307643268,0.2770378104216585,0.5916306351171179,1.4308858311299415e-11,479,2.7385828158712124e-11,False,0.0
NK cells,SREBF2,0.28316130025902747,-0.005596147075773502,0.2765058221735485,0.5762903237553074,1.866953363063282e-08,479,3.21023939947048e-08,False,0.0
NK cells,CTCF,0.3959346716781677,-0.15288204095840477,0.2747289591365351,0.5658049482072374,1.2287388760110739e-06,479,1.95496558880881e-06,False,0.0
NK cells,LHX6,0.2771217352881881,-0.003916221949307997,0.27459001000557126,0.5761062420280432,2.019428570454356e-08,479,3.4665286364269515e-08,False,0.0
NK cells,GATA2,0.2844502210797296,-0.02282977953674074,0.26834780706388867,0.5805005968215892,2.951593575293931e-09,479,5.217189867033309e-09,False,0.0
NK cells,FOXA1,0.2740335496580309,-0.03226119621117821,0.267015019984709,0.5796098220786067,4.3948340565040805e-09,479,7.737814879293085e-09,False,0.0
NK cells,E2F1,0.2436324821941555,-0.04589595479526113,0.2667607048278965,0.5771019910711572,1.3178646154512997e-08,479,2.2884464524102828e-08,False,0.0
NK cells,E2F4,0.23677257636647991,-0.055220616656595986,0.2646703607947342,0.5816884639020253,1.7245148053302763e-09,479,3.0873393373302206e-09,False,0.0
NK cells,HESX1,0.24898857305064928,-0.016420378261684163,0.26367513785955743,0.5709009733227154,1.7264537887828853e-07,479,2.8616272140170234e-07,False,0.0
NK cells,ZIC5,0.17246273552743266,-0.08583730860619135,0.26080737005077637,0.5753071314466589,2.833577912531241e-08,479,4.853791801059018e-08,False,0.0
NK cells,HOXC4,0.26178592846199383,-0.025795307116213393,0.2590828611224973,0.5731413458860496,6.976906819362753e-08,479,1.1796307977911281e-07,False,0.0
NK cells,CDX4,0.2474635742925811,-0.006186650878924356,0.25627995419163,0.5728505319158287,7.85940996188947e-08,479,1.3244136903708787e-07,False,0.0
NK cells,ESX1,0.2427646427576643,-0.014213404560280243,0.25541580333139524,0.5725577088680932,8.856833880696733e-08,479,1.489391100635868e-07,False,0.0
NK cells,BARHL1,0.22636388993080708,-0.0404562033034425,0.2525412264852428,0.5697535389272581,2.7179269768763873e-07,479,4.453921647809584e-07,False,0.0
NK cells,CDX1,0.2460444073571439,-0.00452815463778677,0.25105139483160677,0.5692462468548519,3.314440719411297e-07,479,5.405170153461551e-07,False,0.0
NK cells,LBX2,0.24548256157296983,-0.0076081451834379855,0.2506039150464654,0.5694456477981641,3.0662578474626503e-07,479,5.006488801789299e-07,False,0.0
NK cells,HOXD13,0.23355362588997328,-0.010850783697117209,0.2489920029669573,0.5681093601163457,5.145110698485391e-07,479,8.313545481658104e-07,False,0.0
NK cells,RORA,0.25082524098706804,-0.019482637549479532,0.2446999860567262,0.5701453090425816,2.329625410737259e-07,479,3.8346885320760576e-07,False,0.0
NK cells,POU4F2,0.21121012094736977,-0.028426585749300563,0.24232219338962624,0.5719522231321669,1.1322652499685937e-07,479,1.8946009931236271e-07,False,0.0
NK cells,CUX1,0.24209935302641578,-0.009347979819268158,0.24143714527618615,0.5764525567646016,1.741889784207144e-08,479,3.001569875171254e-08,False,0.0
NK cells,LMX1B,0.22047145588430694,-0.015276843697471591,0.23940044495118054,0.5660475443171108,1.1226110953692587e-06,479,1.7889265426798035e-06,False,0.0
NK cells,PLAGL2,0.16324177602138049,-0.05948401785036934,0.23332412066988642,0.5658782795365158,1.195680975038452e-06,479,1.9031177124333504e-06,False,0.0
NK cells,TFAP2C(var.3),0.1609033035785142,-0.049900064246564214,0.23230564920997812,0.5651514957456528,1.56481294135011e-06,479,2.4799189818654698e-06,False,0.0
NK cells,ATOH1(var.2),0.22745147233767418,-0.028969114649539048,0.22960260340931782,0.573857833154651,5.192712726494695e-08,479,8.809105111697081e-08,False,0.0
NK cells,MEOX1,0.20826588772811036,-0.02214643032266486,0.22833698831606344,0.564623359494034,1.899405093589748e-06,479,2.989106576687717e-06,False,0.0
NK cells,GABPA,0.2586861264290687,-0.005142029597419633,0.2212716155280976,0.5653765124272745,1.4401723470544504e-06,479,2.287764945497568e-06,False,0.0
NK cells,ZBTB7C,0.16307538496474325,-0.05917647831693567,0.21849439255474107,0.5592036217640354,1.2752172107863313e-05,479,1.9287958261089707e-05,False,0.0
NK cells,BARHL2,0.19728952883155876,-0.03643267250886137,0.2153686102859729,0.5666271631800383,9.035575747256764e-07,479,1.4449778447984533e-06,False,0.0
NK cells,RAX2,0.21600099380330914,-0.002189130248327372,0.21530228188618128,0.5645668541889391,1.939026538389927e-06,479,3.0502726960830654e-06,False,0.0
NK cells,HOXB4,0.21775528026947805,-0.01768529967771261,0.215018044296996,0.5606991288388763,7.656898224085833e-06,479,1.1761507294856218e-05,False,0.0
NK cells,EVX2,0.20344529348560003,-0.015070086635326205,0.21481745942924027,0.5572199088531758,2.463900298245682e-05,479,3.6894672859741045e-05,False,0.0
NK cells,HOXA4,0.23250242306628643,-0.019095247529068424,0.21453498175541974,0.5606541757294897,7.776527719158743e-06,479,1.1940732884901813e-05,False,0.0
NK cells,PAX6,0.21186386351604117,-0.02727165714191495,0.21305156440474673,0.5651874080062241,1.5442477360262158e-06,479,2.4482861833707166e-06,False,0.0
NK cells,GBX1,0.21664280153760176,-0.002264250290257553,0.21157913306671303,0.5603058519154168,8.765982802146275e-06,479,1.340406894084801e-05,False,0.0
NK cells,GCM1,0.18356162445154853,-0.036326270135035595,0.2091576370933192,0.5629194106270657,3.514013986750617e-06,479,5.474663300112821e-06,False,0.0
NK cells,ZBED1,0.18804917708169053,-0.024805122275540773,0.20601159195498375,0.5615027598446681,5.793161964214891e-06,479,8.956489609175946e-06,False,0.0
NK cells,E2F2,0.1852700465576317,-0.034559667557556996,0.20508481807659765,0.5599012739309385,1.0066318735978222e-05,479,1.5340235633057583e-05,False,0.0
NK cells,ZNF317,0.1858244960123852,-0.015256814111397413,0.2029181576153241,0.552380794524862,0.00011275974879424285,479,0.0001631709383481783,False,0.0
NK cells,ZIC3,0.1217031339609732,-0.06924656749303068,0.20000080261966527,0.5540950399140918,6.671000421519538e-05,479,9.775757951998568e-05,False,0.0
NK cells,ZBTB14,0.09832631553208182,-0.09123792215001546,0.19845947625204105,0.559035612656887,1.3494445455764089e-05,479,2.0403036739170965e-05,False,0.0
NK cells,MNX1,0.18162679185267444,-0.011590566765294562,0.19740090491513818,0.5571729466662749,2.5019982665480497e-05,479,3.743744447652888e-05,False,0.0
NK cells,LHX2,0.1812212439203756,-0.009679749855463266,0.18950927734661024,0.5530490639331158,9.206014952964409e-05,479,0.00013408040496650108,False,0.0
NK cells,SOX21,0.16493616282937484,-0.01978809631707363,0.1887161542124962,0.5493960587424129,0.00027123418541358897,479,0.00038250732456722935,False,0.0
NK cells,HMBOX1,0.1643723171816055,-0.02327967630650158,0.18818286581479027,0.5524501076991115,0.0001104243239332812,479,0.00015996305572289857,False,0.0
NK cells,EN1,0.17999711342674543,-0.010417068234145928,0.18739089381304097,0.5522193149196356,0.00011838259129181462,479,0.0001711239601167138,False,0.0
NK cells,FOXC2,0.16745955580466287,-0.016313908978679535,0.18492021445480628,0.5523823013329978,0.00011270848697002543,479,0.00016315511208612625,False,0.0
NK cells,ZIC4,0.10912990337501739,-0.07259874823839259,0.1828208240974924,0.5536321986816936,7.698233853719489e-05,479,0.00011248484713668852,False,0.0
NK cells,GSX2,0.18120787342463257,-0.009387681928458444,0.18202629097045558,0.5558896484039009,3.7884246224504393e-05,479,5.6166969668136595e-05,False,0.0
NK cells,NKX2-5,0.15927203285282365,-0.015301521555586246,0.17566955208109178,0.5434539608586496,0.0013586503841000748,479,0.0018477645223761018,False,0.0
NK cells,HOXC8,0.16070255313786122,-0.017699261257139307,0.1730394160411135,0.555487832901005,4.306344981584168e-05,479,6.368227995427465e-05,False,0.0
NK cells,MYBL2,0.13764332594961573,-0.04220296626725869,0.1727531221675046,0.5517861075805759,0.00013480164619844592,479,0.00019416427928761558,False,0.0
NK cells,BARX1,0.1743649754906825,-0.002182454929820554,0.16828972882253998,0.54953543849498,0.00026060777690575955,479,0.00036803457778733094,False,0.0
NK cells,HOXA13,0.15647910553895733,-0.0016974091740718964,0.1620866109098316,0.5500600588609484,0.00022400973960211108,479,0.0003177922182433876,False,0.0
NK cells,HES6,0.14248963657003078,-0.025426761032346753,0.16187852424007995,0.5500306761022992,0.0002259248550186776,479,0.0003202845001421056,False,0.0
NK cells,FOXN3,0.16546139368494348,-0.026755192637738862,0.16012629848228738,0.5451056737102413,0.0008840142218879677,479,0.0012145064657924337,False,0.0
NK cells,MYF6,0.1368593731505661,-0.034674165800841754,0.15649050178926677,0.5477536378743256,0.0004311330221694549,479,0.0006017123862358105,False,0.0
NK cells,OSR2,0.149873976835011,-0.004280912958419432,0.15340528910549026,0.5420403236925238,0.0019411932148114955,479,0.0026162783967779183,False,0.0
NK cells,ASCL1,0.11785689738062499,-0.06557650242481716,0.14823618551352893,0.5610903966848212,6.687398591890704e-06,479,1.0303585187657954e-05,False,0.0
NK cells,REST,0.124938810614331,-0.011288215240017186,0.14681686942457986,0.5369345043241627,0.006475114596707853,479,0.008410373566060987,False,0.0
NK cells,MSX1,0.14808963753788515,0.002164031882636527,0.14379839180643375,0.5410184566417214,0.0024965784038017825,479,0.0033326150517261673,False,0.0
NK cells,CLOCK,0.14654258102811785,-0.0002981922080697349,0.14334207514817235,0.5395596152315199,0.00354307213767406,479,0.00467861288153696,False,0.0
NK cells,SCRT2,0.12790044674857892,-0.04180211499996769,0.14292400863299842,0.5431176915096635,0.0014803640063867445,479,0.0020099170368593185,False,0.0
NK cells,NR3C2,0.12072718391316914,-0.024682156585311005,0.13996133982101575,0.5407047894147733,0.0026941891540977476,479,0.0035810411686857707,False,0.0
NK cells,CUX2,0.1437234855798682,0.0011286938185857541,0.1385413483110375,0.5375864499776113,0.005592597970005178,479,0.0072851421077401645,False,0.0
NK cells,MYBL1,0.1278852615275642,-0.014810436420647962,0.1385405429489239,0.5407105655126274,0.0026904245812219133,479,0.003577212571680533,False,0.0
NK cells,YY2,0.07634337550201574,-0.05519771861903,0.13187828833348406,0.5360899383640132,0.0078038780724020125,479,0.010071607872707668,False,0.0
NK cells,POU4F1,0.11355517381174372,-0.01452926449165207,0.1314490055928426,0.5352257838980976,0.00941141415272989,479,0.012061634989529658,False,0.0
NK cells,LHX5,0.1255440008692641,-0.008831272912300328,0.13130917575597695,0.5428052799561619,0.001602367685747589,479,0.002171919482926213,False,0.0
NK cells,ZIC1,0.06071680539930175,-0.06700512425685835,0.1281029616580987,0.5392205834009514,0.0038374732285950505,479,0.0050443199099725715,False,0.0
NK cells,EGR1,0.041810708020683554,-0.07470707334154887,0.1280265119510367,0.5276332288361891,0.04164658060861496,479,0.050646848554991325,False,0.0
NK cells,POU6F1(var.2),0.12912312070032775,-0.002928579850959027,0.12720729601484201,0.5394353035603113,0.0036485458326602303,479,0.0048131778411944215,False,0.0
NK cells,POU6F2,0.12619962743800842,0.0010231424586407487,0.12600666376488176,0.5357905858143557,0.008330516155958876,479,0.0107136898814398,False,0.0
NK cells,POU6F1,0.12781595212420152,0.00027107402070162775,0.12417523010911756,0.5326152388027204,0.016203723197984594,479,0.020455620611246696,False,0.0
NK cells,NKX6-2,0.11663574004670503,-0.00577626847262329,0.12152779338826185,0.5295071958878201,0.02961677150769684,479,0.03653337119516507,False,0.0
NK cells,NKX6-1,0.10519008650534109,-0.014293733664086395,0.12137514918727754,0.5361024950984787,0.0077824542878012,479,0.01005037026761687,False,0.0
NK cells,HOXB6,0.11846385401327078,-0.008073503778266817,0.12092216738128271,0.5358425706950429,0.00823684027463832,479,0.01061007823979199,False,0.0
NK cells,VAX1,0.10561699054798243,-0.0196605608677308,0.12051230367590449,0.538307206535931,0.004744464803701188,479,0.006206306044544135,False,0.0
NK cells,MSANTD3,0.10719314273436802,-0.006756339928352018,0.11832147144426945,0.5312021039059731,0.021441311458949765,479,0.02679170665933006,False,0.0
NK cells,HOXC13,0.11061939018898662,-0.009834751215918529,0.11767571751551141,0.5362710064750057,0.007500003010820898,479,0.009701090850953118,False,0.0
NK cells,OTX1,0.09193414352609672,-0.02817287398352517,0.11744272012357881,0.529225925035793,0.031205398906594684,479,0.03842271575656789,False,0.0
NK cells,TFAP2A(var.3),0.07570625731802276,-0.02668825410340988,0.11526664730318871,0.5313869390373053,0.020681577480996687,479,0.02588706333440294,False,0.0
NK cells,POU1F1,0.12370170330569127,-0.02672218978229836,0.11370095852171484,0.551179366171203,0.0001614325034660052,479,0.00023136943288113956,False,0.0
NK cells,GBX2,0.1106963674171847,-0.004690094241883207,0.11309258741541928,0.5302663760536042,0.025671675520749154,479,0.03182285742756137,False,0.0
NK cells,IRF2,0.11924187702592345,-0.03429935053626549,0.11273991089196646,0.538446586288498,0.004594563148502559,479,0.0060141062759111455,False,0.0
NK cells,EGR3,0.04416883489690711,-0.06869273741921526,0.11187440533873627,0.5303896831860554,0.025075826733006547,479,0.031131265713944305,False,0.0
NK cells,KLF9,0.0793226005641338,-0.01117635773689347,0.11149904472794263,0.5345738382446489,0.01081324861081766,479,0.01378399618127544,False,0.0
NK cells,MEIS2(var.2),0.10154399994215771,-0.010457816928245973,0.10716416296420037,0.5274190109462077,0.04325461616116775,479,0.05249195470548431,False,0.0
NK cells,E2F8,0.0744020501017895,-0.03343318918402267,0.10557750196087433,0.5302211718095284,0.025893160437513878,479,0.032077075055168755,False,0.0
NK cells,ETV4,0.11411973981313527,-0.00043700631422579803,0.10543512905267416,0.5273142877807654,0.04405962668530629,479,0.05337282921220038,False,0.0
NK cells,PAX4,0.10123351386347482,-0.0031253884196004392,0.10361494830736954,0.5273843543590829,0.04351963547098601,479,0.05276609083476458,False,0.0
NK cells,SHOX,0.1035381895596871,0.0018495996032839796,0.10038971548866645,0.5248190135077815,0.06731298891168751,479,0.0799378788191041,False,0.0
NK cells,POU4F3,0.08815667053704417,-0.008201288960315259,0.09981759524506911,0.5289916163706667,0.03258408215144233,479,0.04004714349475567,False,0.0
NK cells,GLIS3,0.06067737356735789,-0.04139111406833372,0.09860357414736584,0.5285784998067519,0.03514209554069489,479,0.04296915036495966,False,0.0
NK cells,HOXA7,0.09096036261283835,-0.006998713679718459,0.09672705997138839,0.5329698409840261,0.0150807291655332,479,0.019091561390409052,False,0.0
NK cells,TAL1::TCF3,0.08111058304400046,-0.013135445207120617,0.08778936032541397,0.5320695231228498,0.01807560857893661,479,0.02274064437511739,False,0.0
NK cells,NR2F6(var.3),0.08956957282747346,0.00042420426396205937,0.08769865400855166,0.5243669710670236,0.07245393626690702,479,0.08569091673075295,False,0.0
NK cells,ZKSCAN1,0.08122811301223594,-0.0053483748723265005,0.08583376455621983,0.5223425743364959,0.09955344295576982,479,0.11617918378974464,False,0.0
NK cells,NKX2-2,0.07788784345322437,-0.0055014041050035515,0.08489802703488192,0.5179002528172917,0.18698632026138862,479,0.21173989694306697,False,0.0
NK cells,POU3F3,0.07953641809663183,-0.016970027381177356,0.08313929102493513,0.5377559658928955,0.005381662205846013,479,0.007014885723212941,False,0.0
NK cells,PBX1,0.07219519577731189,-0.00985096973806559,0.07862948222630382,0.5262356642901791,0.05311189585801725,479,0.06382261082314754,False,0.0
NK cells,ELF1,0.105277039858681,0.01142164997473625,0.0764904766225037,0.5261422421857558,0.0539642773777931,479,0.06476993956409104,False,0.0
NK cells,DRGX,0.06617049410485451,-0.01120020211775597,0.07552097272744619,0.5217232761926575,0.10929510854477989,479,0.12699827948655354,False,0.0
NK cells,OSR1,0.04988789355568067,-0.02512844004418566,0.07398075373821474,0.5217441203718702,0.10895539703699887,479,0.1266399127870432,False,0.0
NK cells,MSGN1,0.07813319815625987,0.0016008487988219183,0.07388079205336232,0.5214251793164465,0.11424557128809548,479,0.13252224238292268,False,0.0
NK cells,PBX2,0.06760747457988465,-0.007946206750517389,0.07324040569773498,0.5159888666969535,0.23853957977500484,479,0.2667581923078136,False,0.0
NK cells,MEOX2,0.06787622808038976,-0.000922344503522777,0.06917700608242813,0.5167734114663579,0.21628042084469146,479,0.24287276789831297,False,0.0
NK cells,LBX1,0.06306610172539957,-0.004281364404748395,0.06691542247979326,0.5202852789616685,0.134819373100692,479,0.15518611196739682,False,0.0
NK cells,GLIS1,0.04068696074322286,-0.025257179077855282,0.06590935382204835,0.5227320842396156,0.09378992147079943,479,0.1098015110737426,False,0.0
NK cells,ALX3,0.05984069607446844,-0.003462839174036568,0.06333851376640534,0.5160318107288255,0.23728083087754837,479,0.265423898736677,False,0.0
NK cells,SOX12,0.054832807738464925,-0.009148173381838367,0.0630913632213119,0.5169376535531666,0.21181622180947857,479,0.23799178934772292,False,0.0
NK cells,VSX1,0.05048817537599544,-0.013703069435861283,0.0618930341179729,0.5202810096719502,0.13490148394074672,479,0.15523646303306635,False,0.0
NK cells,GSX1,0.06594069173711972,0.004103251057486057,0.06094862335964614,0.5173206339543643,0.2016661229275324,479,0.2274717405533304,False,0.0
NK cells,EGR4,0.012765373641488106,-0.048961060047548556,0.059339944274935864,0.5131377345692174,0.33281092638058396,479,0.36442571262133766,False,0.0
NK cells,NFIA,0.054723363623303004,-0.0035371223521471064,0.058697666381787944,0.5145096833769177,0.2847977135219938,479,0.31569631476985943,False,0.0
NK cells,ZNF740,0.012689309175289631,-0.04055173336597966,0.05826345569519208,0.5104546115486296,0.44089943927441644,479,0.47494119576791505,False,0.0
NK cells,LMX1A,0.057665774147403745,-0.000927661152188814,0.058199286702384674,0.520915878166526,0.12310995842688907,479,0.14227446209517086,False,0.0
NK cells,TFAP2B(var.3),0.017355117119389772,-0.0334060529068901,0.05706434751846579,0.517840482761236,0.18846255859079197,479,0.21323252574338486,False,0.0
NK cells,MIXL1,0.054514990784912835,-0.002468610013858975,0.05606535569602858,0.5138579888581584,0.30698794283298103,479,0.3387164485143827,False,0.0
NK cells,HIF1A,0.03663531365885551,-0.021045076391468725,0.05572017031594041,0.5138185607119367,0.3083662522153744,479,0.34005174610613376,False,0.0
NK cells,SOX15,0.03807682523296783,-0.015891296347584054,0.054082146238331394,0.5152661010611194,0.2604345165310542,479,0.29052055524804116,False,0.0
NK cells,PHOX2B,0.04025359119478588,-0.009769139778164985,0.05368026983713857,0.5150159709105667,0.2683259991457918,479,0.29882934008914774,False,0.0
NK cells,FOXC1,0.04172277091187094,-0.010086319134842727,0.05327919452045815,0.5142530237244429,0.29340397305418,479,0.3247913748227667,False,0.0
NK cells,NFIC,0.04480112907293974,-0.0050806179391575815,0.051031247734570837,0.5127698222493783,0.3465275395662706,479,0.37872782957458967,False,0.0
NK cells,TLX2,0.05077395966241149,0.00014191792611070896,0.05054117754850476,0.5133825908912946,0.323879157981558,479,0.3555114143226759,False,0.0
NK cells,POU3F1,0.044543650760604805,-0.01880610167357027,0.04970574264553704,0.5258411316932732,0.05678966648214978,479,0.0680601275434769,False,0.0
NK cells,PDX1,0.044052330155252305,-0.005544743663819332,0.04930078727657974,0.5139310690527475,0.3044440480624242,479,0.3361846666104171,False,0.0
NK cells,HES1,0.01909076403356241,-0.02666192684154167,0.048792559259488374,0.511966693512965,0.3777001928840783,479,0.41120972785922044,False,0.0
NK cells,FOXB1,0.04290132369042651,-0.004143192109638243,0.047359152797358826,0.51371182846898,0.31211785132413994,479,0.34353341307330526,False,0.0
NK cells,MLX,0.05128449548835958,0.0017119187584870802,0.047209196943805126,0.5120086330060797,0.3760307911248083,479,0.40953447668666876,False,0.0
NK cells,EVX1,0.044944209876342435,-0.002452068588744809,0.046053685159924855,0.513062896431803,0.3355722766416692,479,0.36727092644489556,False,0.0
NK cells,GRHL1,0.032249671974679775,-0.017030527555750987,0.04604994969079757,0.5169871270869607,0.21048464421531765,479,0.23669284894251674,False,0.0
NK cells,IRF6,0.03258140715651574,-0.01565199544966287,0.045723279381428915,0.5118574499231151,0.38207003007435736,479,0.4154408335610992,False,0.0
NK cells,ONECUT1,0.03550109162400479,-0.01034725857477754,0.04546998775249888,0.5137783791616471,0.309775103491272,479,0.34132627143945715,False,0.0
NK cells,POU3F2,0.03544713855805166,-0.022639398894473636,0.04443480514228701,0.5256063207587683,0.059077441570477854,479,0.0705472432092769,False,0.0
NK cells,SCRT1,0.016014716307879828,-0.04108763128208866,0.04405872783285924,0.511514651072207,0.39598235628046974,479,0.4298751310734587,False,0.0
NK cells,E2F3,0.01967562553571911,-0.024992942196995868,0.04255972645704361,0.507321204030109,0.589411331411811,479,0.6203845595453141,False,0.0
NK cells,DMRT3,0.036483905859423425,-0.005219971062902525,0.042281259656083155,0.5111248900343979,0.41216691005691175,479,0.44660613767816415,False,0.0
NK cells,MLXIPL,0.04009332016420511,-0.0008611115865021011,0.03879124515072209,0.5137620554068419,0.31034866185843546,479,0.34177209740860914,False,0.0
NK cells,HOXA2,0.031091642794877975,-0.007702076729036397,0.03795039713281111,0.5176998473352223,0.1919699388708317,479,0.21701882444017465,False,0.0
NK cells,ZFP42,0.006280009992037154,-0.029863734174219905,0.03673094334857635,0.5030260474388405,0.8234869122484956,479,0.8430738985216125,False,0.0
NK cells,NFYC,0.05929925434785258,0.02369310777211193,0.03665064909863711,0.5103114647757229,0.44718113516573954,479,0.481323456472621,False,0.0
NK cells,BHLHE23,0.028228037890771118,-0.009615555117987513,0.03654005827384235,0.5112117826368991,0.4085251786777033,479,0.4428973400133943,False,0.0
NK cells,ATOH7,0.033683138211128755,-0.00511494579500081,0.03545605486772669,0.5101178399302649,0.4557583911915508,479,0.48925403310188764,False,0.0
NK cells,PRRX2,0.025032492950980874,-0.00831433524307308,0.03333556272705111,0.5146553414967175,0.2799902512661808,479,0.3107930196496482,False,0.0
NK cells,ZNF410,0.028301100329014898,-0.0048082459053818355,0.03292488975852059,0.5072114581708805,0.5950036686688878,479,0.6256197618072556,False,0.0
NK cells,HOXB3,0.030488847662238836,-0.002160893268239493,0.032229991898992,0.5091007444385596,0.5023020810281027,479,0.5351011637282,False,0.0
NK cells,CREB3,0.07341037656923369,0.03997393255749492,0.03005941907709746,0.511948109545956,0.3784413857090718,479,0.4118272852552191,False,0.0
NK cells,NKX6-3,0.02863463301954319,-0.0013160895491793276,0.030018491485128192,0.5087077186497894,0.5209386100465636,479,0.5533519601597261,False,0.0
NK cells,HOXA1,0.022496225111080532,-0.00788616002706014,0.029594501227582143,0.514056134128024,0.30012313783427524,479,0.33177546876433817,False,0.0
NK cells,HNF1B,0.015543917194546172,-0.014019368482969396,0.028529865418888863,0.5099427990518158,0.4635914356033256,479,0.4968717744241206,False,0.0
NK cells,NR1D2,0.03925568921518638,0.014020153174785615,0.02263197880955205,0.5130623941624244,0.3355908588894658,479,0.36727092644489556,False,0.0
NK cells,PKNOX1,0.06436068437658908,0.04202404768417707,0.019808517992747507,0.5100535494498015,0.4586266907861387,479,0.4920720209283259,False,0.0
NK cells,PRRX1,0.029034023783186067,0.009955638193982796,0.018883312576782663,0.5006357474659882,0.9626277923561984,479,0.9659702499685464,False,0.0
NK cells,ARGFX,0.021700958725694438,0.006817740413143468,0.015011739994951636,0.5027867160799281,0.8372443051201883,479,0.8545636878194456,False,0.0
NK cells,TFAP2B(var.2),0.00954412362698597,-0.0035383609929269056,0.01443152181680212,0.49978892129363495,0.9875927000054782,479,0.9890594218371694,False,0.0
NK cells,POU5F1B,-0.01230361339144562,-0.032388671866713355,0.01288666868148368,0.5294039795305138,0.03019147198216293,479,0.037208253317036616,False,0.0
NK cells,EGR2,-0.045482792404063846,-0.058673871827550156,0.012867750600610775,0.4973044458122914,0.8424978886910603,479,0.8592756384280389,False,0.0
NK cells,ESR2,0.04391892967995055,0.03405587602183651,0.008507192847342413,0.5030187645328505,0.8239047762128442,479,0.8432883188862047,False,0.0
NK cells,POU2F2,-0.022405918514985725,-0.03473462744639053,0.008208950702730223,0.529648082448523,0.0288475279506482,479,0.03560619221730403,False,0.0
NK cells,POU2F3,-0.018199090415515245,-0.029053315343864426,0.006756761221129989,0.5327508515349477,0.01576585322578516,479,0.01992149973501773,False,0.0
NK cells,EMX1,0.003906610208646424,-0.0025571027574005094,0.006303346851448896,0.5040310884654591,0.7663510528034236,479,0.790177461682633,False,0.0
NK cells,HIC2,0.03258927308025078,0.026610258717297545,0.005808851392986731,0.5013037657395527,0.9234406099009148,479,0.9306133573604305,False,0.0
NK cells,EMX2,0.00882697533687777,0.003240454474769343,0.005476325676969938,0.5031817509462128,0.8145654251708618,479,0.8349966329468729,False,0.0
NK cells,PAX7,0.00593270020194396,0.0007487441805634521,0.00507130049678261,0.49888157166115804,0.9342983154472176,479,0.9399919142759698,False,0.0
NK cells,RAX,0.011270165308987608,0.006732296196259244,0.004489955022832888,0.5021998143110107,0.8711839068726287,479,0.8849636171746562,False,0.0
NK cells,NR3C1,-0.01062064240439303,-0.013969838882638886,0.0032936896777532,0.5031501079753596,0.8163765957545824,479,0.8366412630250862,False,0.0
NK cells,NFYA,0.028647156875111594,0.02614990818625763,0.0025470363715111074,0.4988835807386725,0.9344160848289547,479,0.9399919142759698,False,0.0
NK cells,HOXA6,-0.008489704054466593,-0.010803941877869153,0.0022930856923175586,0.4983901010741784,0.9055384229883132,479,0.9148086040975569,False,0.0
NK cells,PBX3,0.05262153823868393,0.050995717585715535,0.0014057691176850907,0.5018557597866561,0.8911951060070976,479,0.9032503504270333,False,0.0
NK cells,HOXB7,-0.0022451703913679883,-0.0015728456335679154,-0.0006570914735841069,0.5038871882884844,0.7744620225322877,479,0.7976898452592837,False,0.0
NK cells,CENPB,-0.03298535640163609,-0.03064267170568185,-0.0023215771561630244,0.49823088168115587,0.8962458818798893,479,0.9069017839078529,False,0.0
NK cells,POU3F4,-0.022651476298975216,-0.018915947991216476,-0.0027330424059546733,0.5160908273808134,0.23555863888873996,479,0.2638621962745963,False,0.0
NK cells,XBP1,0.029375191793669164,0.03236982343510732,-0.002738685535293659,0.5020245222978723,0.8813699193035353,479,0.8941882380897953,False,0.0
NK cells,ZBTB33,-0.052887260393614355,-0.049176832505369264,-0.0038206568446383445,0.4993539560117501,0.9620228488147504,479,0.9656026907230166,False,0.0
NK cells,IRF3,-0.019037603390708622,-0.013280605741316285,-0.003990358207320735,0.5095198882350178,0.4828225540066575,479,0.515979940177215,False,0.0
NK cells,NR1H4::RXRA,0.011801810525690385,0.018053832791684484,-0.0058192411825291395,0.5001274508548248,0.9925111163447868,479,0.9930019724854123,False,0.0
NK cells,BSX,0.010799392279679378,0.016618192058540957,-0.005826886806056756,0.5019383830994391,0.8863826748612762,479,0.8988231334558204,False,0.0
NK cells,ZBTB18,-0.0153676225815088,-0.007431670903082253,-0.007423239239379926,0.5027312153135907,0.8404419193466656,479,0.8573948577096845,False,0.0
NK cells,DPRX,-0.015481108809160753,-0.005618580870287105,-0.009796029326521273,0.4988275777029564,0.9311338101877455,479,0.9372945256335917,False,0.0
NK cells,EN2,-0.007580178654407466,0.003291988584454468,-0.010610192974732894,0.4969877649690715,0.8242794553186684,479,0.8434584411278029,False,0.0
NK cells,TFAP2E,-0.020458473956919153,-0.010493552318719563,-0.01142240364422273,0.49680795253152554,0.8139762891770697,479,0.8346041728358905,False,0.0
NK cells,NKX2-8,-0.007646813813647508,0.006161368942223679,-0.013318637661754689,0.5035722653880897,0.7922977135647931,479,0.8142333119337446,False,0.0
NK cells,NHLH2,-0.08333954908499054,-0.06433198866326155,-0.015207338031280881,0.49593174360052306,0.764260187586377,479,0.7886245138930073,False,0.0
NK cells,HOXA9,-0.029688564430766173,-0.014238352974942319,-0.015228308418670265,0.49462232733046085,0.691796965169563,479,0.7197249989910136,False,0.0
NK cells,MAFF,-0.010566645607861453,0.009862486507268882,-0.018540830709713036,0.4945284029566589,0.6866970407768918,479,0.7146029390389157,False,0.0
NK cells,CREB3L1,0.006086934535015324,0.0268127767021943,-0.01983582751545752,0.4930165721270129,0.606700209421069,479,0.6372557236027115,False,0.0
NK cells,TFAP2A(var.2),-0.023937002919243243,-0.0056979643600300655,-0.02162522526037005,0.4905883508160747,0.48781327956095544,479,0.5207632002911942,False,0.0
NK cells,ISL2,-0.011279274660529035,0.011098700937602922,-0.022206989087201475,0.49614545922112585,0.77630567418605,479,0.7990162192207475,False,0.0
NK cells,CREB3L4,0.013259611964363672,0.037741872462616524,-0.02320266019177774,0.49469239390877834,0.6956105941810371,479,0.723320602430346,False,0.0
NK cells,HNF1A,-0.03145661416706407,-0.008486158446222275,-0.023320046400387054,0.49335359488006686,0.6241728124442452,479,0.6535722565086479,False,0.0
NK cells,NOTO,-0.018925212028294648,0.005560162477826748,-0.02406091511038456,0.49470545291262247,0.696322233585577,479,0.7238745521806897,False,0.0
NK cells,ZNF652,-0.024048182655018513,0.00046488626493343545,-0.024936177055897134,0.4966281400939796,0.8037052076413521,479,0.8251183126406777,False,0.0
NK cells,HES2,-0.021307743165315904,0.003804519360928048,-0.02529252032848879,0.4960741369693618,0.7722796497993503,479,0.7956820634296337,False,0.0
NK cells,ETV6,-0.0019006236584320922,0.034900201884645966,-0.025470282838611604,0.5034077721665917,0.8016578537766591,479,0.8234342920488354,False,0.0
NK cells,NR2F1(var.3),-0.006931197122627137,0.023818983572499678,-0.028121631638863255,0.49054867153516374,0.4859805076416378,479,0.5190465155334226,False,0.0
NK cells,DLX6,-0.024469775174206957,0.008074688029293656,-0.03189192524612981,0.49145878364922313,0.5289398609005576,479,0.5613902147084602,False,0.0
NK cells,NFIX,-0.03758588112631897,-0.00439852804890666,-0.03283637899337701,0.48991807233030643,0.4573593595012223,479,0.4908424319739908,False,0.0
NK cells,ARNT::HIF1A,-0.048927981387234164,-0.01411699130128753,-0.03334015487835378,0.4865124348085738,0.3200982214305711,479,0.3515519554582222,False,0.0
NK cells,PAX3,-0.03177845061820552,0.0027642985747684513,-0.03428095361928049,0.4857685738588377,0.2941360562602069,479,0.32551271434048057,False,0.0
NK cells,ZSCAN29,-0.02809650370060318,0.0071957022937555295,-0.03499084122188402,0.49016920701961636,0.46864277567077306,479,0.50175408054087,False,0.0
NK cells,SIX2,-0.036425186930137306,-0.0021776678765398896,-0.035298671066381834,0.49019557616199394,0.46983640725980813,479,0.502898969252165,False,0.0
NK cells,FOS,0.012106936094838887,0.16324699119973612,-0.03617004915595476,0.516246028618807,0.23107191333755295,479,0.2589080480098973,False,0.0
NK cells,TFAP2C(var.2),-0.014936707105269089,0.016690948456969553,-0.036768312780869936,0.49081211182424994,0.498218180053974,479,0.5310302309005213,False,0.0
NK cells,PAX9,-0.0643871654585175,-0.019871497325497398,-0.03723511327474801,0.5023178476149864,0.8643370409050768,479,0.8788910951248908,False,0.0
NK cells,NEUROD2,-0.04427963672819839,-0.004843557592864447,-0.03734181303256042,0.4913952465728277,0.5258792296399102,479,0.5583068389197262,False,0.0
NK cells,GRHL2,-0.05245217914905641,-0.011494595550467362,-0.03896266399144921,0.4869966224895635,0.3377788848682485,479,0.3694656307588357,False,0.0
NK cells,NR2C1,0.00019675590583919763,0.055828139500419094,-0.04266495034036477,0.48958381205883483,0.44258059499460034,479,0.47649842664932224,False,0.0
NK cells,ATF6,-0.004184562048090652,0.04358192102536369,-0.04436762780339947,0.48514023486618413,0.2733367154271389,479,0.3039913003348554,False,0.0
NK cells,NR4A2::RXRA,-0.03421626860550439,0.01591614330413888,-0.0486261225678367,0.4915770680878881,0.5346617625231126,479,0.5670782734945162,False,0.0
NK cells,PROP1,-0.036744777991961776,0.009852220579833655,-0.04868828356150284,0.4890850585658652,0.4210450679427806,479,0.4552507602609541,False,0.0
NK cells,HOXB13,-0.04051181133631478,0.004887917939042321,-0.049203831773702425,0.4910348682936679,0.5086924786128229,479,0.5407697762657597,False,0.0
NK cells,TFAP4,-0.045317792044788335,0.010555829279641644,-0.0513509653141981,0.489754081378187,0.4500743940457639,479,0.48418000486816287,False,0.0
NK cells,SREBF2(var.2),-0.06465777582677017,-0.006091297428618143,-0.056769716365887526,0.48881383310141047,0.40959675605793544,479,0.44394012188867044,False,0.0
NK cells,MAX,-0.03694797974265764,0.021328161539497358,-0.05713960208712248,0.4856733938115892,0.2909189673305713,479,0.3221286649752303,False,0.0
NK cells,PROX1,-0.04103545359132918,0.01580003114010315,-0.05724539741196767,0.4866289613044137,0.32429701174544046,479,0.355873531196651,False,0.0
NK cells,HAND2,-0.06325870129350777,0.0003887561759533661,-0.06078668832588729,0.4892460359017129,0.4279277541205333,479,0.4617055181791141,False,0.0
NK cells,NRL,-0.05651067924391954,0.019151705740075863,-0.06408833673681212,0.4839182134680018,0.23582188875477883,479,0.264083963991651,False,0.0
NK cells,NR4A1,-0.06053313795554635,0.007547867039532766,-0.06789387720916235,0.4763475071240633,0.08123132384087609,479,0.09565248435977435,False,0.0
NK cells,OLIG2,-0.081353830386309,-0.007540870698908519,-0.06943489249227917,0.4835086127897372,0.22410327907418814,479,0.2515178549609335,False,0.0
NK cells,NFATC2,-0.07502523216628781,-0.006068709913933751,-0.06947685725641466,0.48180064576774007,0.1797270635453807,479,0.20409085015565825,False,0.0
NK cells,POU2F1,-0.11897101045299631,-0.01571740452413618,-0.07380063873882294,0.4914612949961162,0.5290610204358277,479,0.5613902147084602,False,0.0
NK cells,ZBTB12,-0.07150682171160991,0.002132853543774162,-0.07543347280519196,0.4746438093917844,0.061598096052334794,479,0.07344592916152266,False,0.0
NK cells,ZNF136,-0.06412434939522162,0.012491987459634661,-0.07769704458760004,0.4766893014362142,0.08572554224785507,479,0.10073933892966064,False,0.0
NK cells,MEIS1(var.2),-0.08358489115239741,0.0010441607085309066,-0.08357281089463424,0.4787388116356729,0.1170432616347604,479,0.13549557555772263,False,0.0
NK cells,POU5F1,-0.16477646844793456,-0.03056045475474734,-0.08574386213565781,0.4936617371438502,0.6403355974836143,479,0.6689382461705922,False,0.0
NK cells,E2F7,-0.1055447309093681,-0.015107363121344154,-0.08679475354197595,0.46874239532768935,0.021210671822232487,479,0.026519894373532957,False,0.0
NK cells,SRF,-0.09209086723363476,0.0009030766103589278,-0.08763084998138677,0.4768482696945474,0.08788320300010175,479,0.10321493159315288,False,0.0
NK cells,ZBTB32,-0.08613037243386944,-0.0002788907684020647,-0.08863256312024369,0.4754790833684294,0.07066820935064273,479,0.08367678520125857,False,0.0
NK cells,MNT,-0.06972234356989247,0.019277077428397824,-0.08872740620806881,0.4743607805969321,0.058752372135160054,479,0.07020439978111565,False,0.0
NK cells,OLIG1,-0.10827897673317437,-0.013758013464872734,-0.0893254645478845,0.4778992683693096,0.10327186553415792,479,0.12034503685230499,False,0.0
NK cells,MAFG,-0.08218537677892376,0.028925068665570448,-0.089480774175974,0.47584523774544335,0.07497589347748042,479,0.08857006277660898,False,0.0
NK cells,RARA::RXRG,-0.04313044439079857,0.06480643046286338,-0.0901841129546536,0.47307321304483985,0.04714918496906102,479,0.056961959505769155,False,0.0
NK cells,MYB,-0.08040019227195865,0.0157336326285097,-0.09074825644380409,0.4742781572841491,0.05794252059833206,479,0.06933908262077833,False,0.0
NK cells,NEUROG1,-0.09408309126196049,0.0019015812488580308,-0.09123360677270567,0.47643866901628285,0.08241087872924001,479,0.09695948857421072,False,0.0
NK cells,ASCL1(var.2),-0.2921287800927854,-0.12310458955604922,-0.0919159868057473,0.46218225497353416,0.005306591998787835,479,0.006921492981010825,False,0.0
NK cells,MXI1,-0.0835122869113583,0.023372892807770555,-0.09218058574787738,0.47267616910104077,0.043985748398714095,479,0.05331526004229995,False,0.0
NK cells,CTCFL,-0.15600279244603574,-0.06324750417941591,-0.09219128192164827,0.46055239083991245,0.0036379791063989825,479,0.004800803478307333,False,0.0
NK cells,SOX18,-0.08604906720281871,0.006870023201224538,-0.09265378769511708,0.4722341720478552,0.04067680476234099,479,0.049527039442802186,False,0.0
NK cells,ZFP57,-0.1756135563627699,-0.06782534839597668,-0.09523049301283726,0.4713893549530165,0.03493708033067879,479,0.0427443081396814,False,0.0
NK cells,NEUROD1,-0.10580158432275759,-0.006268816187264602,-0.09750291153289502,0.4735832675988284,0.051491847460212334,479,0.06193103888942304,False,0.0
NK cells,MYOD1,-0.21259042857265875,-0.06082668458525604,-0.09960314031086484,0.4697835997495685,0.025916635528155554,479,0.03209632915424468,False,0.0
NK cells,TWIST1,-0.09686652238269025,0.00913076851496042,-0.10023036836070821,0.48095306619131895,0.16029590481850298,479,0.1828466960517798,False,0.0
NK cells,OLIG3,-0.11339472158796256,-0.006978651801254118,-0.10088817637504763,0.47544995174446947,0.0703343858696887,479,0.08335469397444654,False,0.0
NK cells,BHLHE41,-0.08457676068529403,0.026553247851938126,-0.10350021620603028,0.47547456294402185,0.07061632413975492,479,0.08363982654257857,False,0.0
NK cells,HEY1,-0.07532924857137326,0.03070983182211425,-0.10443143941494087,0.4721887166690901,0.0403487986494112,479,0.04914245615157065,False,0.0
NK cells,MAF,-0.09418759480408166,0.020722736469122163,-0.10712204108297514,0.47347427514366786,0.050536764429839155,479,0.06083658104228777,False,0.0
NK cells,TCF21(var.2),-0.1166885324605504,-0.0008959155803336944,-0.10917458983124094,0.4689571154870494,0.022115124639779844,479,0.02759105590272872,False,0.0
NK cells,TFE3,-0.0882263378435766,0.03776579719615667,-0.10982889894256052,0.4747141271047912,0.06232253656490165,479,0.07425117283321321,False,0.0
NK cells,THRB(var.3),-0.08578563809408414,0.05972331240996672,-0.1121969137422055,0.46945511557595104,0.02434290672325711,479,0.030267793670036347,False,0.0
NK cells,HOXB2,-0.11581352816127213,0.0032085369337795694,-0.11624552110084047,0.47260986954306294,0.04347537056903961,479,0.05272822221892515,False,0.0
NK cells,PAX1,-0.1378168583049609,-0.002512856349088682,-0.11709365801060329,0.47502879887049665,0.06565126021413147,479,0.07801027865679176,False,0.0
NK cells,MAX::MYC,-0.08459897006846848,0.036073594968534954,-0.11737229859526335,0.467560053210418,0.016785524309652702,479,0.021176872889571197,False,0.0
NK cells,TFEB,-0.09933327529557329,0.042480833298604144,-0.118975121610943,0.47122009017242156,0.03387431479384832,479,0.041506807285254486,False,0.0
NK cells,THRB(var.2),-0.09689875716464999,0.029269280549660593,-0.12179504420530296,0.4655009998927655,0.010985495554562671,479,0.013999154335042698,False,0.0
NK cells,SOX10,-0.16814381467486303,-0.026631201750248572,-0.12419479058637921,0.464197861989936,0.008309617317699046,479,0.010690210387093908,False,0.0
NK cells,ESRRB,-0.10824798085379098,0.048050960797002995,-0.12654918613341226,0.4667986128324301,0.014384973152723312,479,0.018222166993086576,False,0.0
NK cells,SIX1,-0.13754176884417563,-0.007738048133828412,-0.12994586332075145,0.4623063155100533,0.0054583120818726,479,0.007112505856121268,False,0.0
NK cells,NR1H2::RXRA,-0.12411883594293419,0.02421242093492127,-0.1312221327919937,0.46401503593611837,0.007985058392538654,479,0.010292775741790175,False,0.0
NK cells,TCF12(var.2),-0.4028708684421082,-0.13480903458498142,-0.13304390787251402,0.4450571293747977,5.1168537920989336e-05,479,7.533766536692971e-05,False,0.0
NK cells,MYCN,-0.09656544141309589,0.05313538857179779,-0.1379835363352191,0.4588421636057115,0.0024131001778732617,479,0.0032243736194435984,False,0.0
NK cells,PAX5,-0.11405640162364118,0.03422891958935367,-0.14155781931009065,0.4592869231404795,0.002688789310219825,479,0.0035762135270050663,False,0.0
NK cells,HOXA5,-0.1297168402098579,0.014881474292284156,-0.1418613609695341,0.45838710754868184,0.002158025991635034,479,0.0028979001533871052,False,0.0
NK cells,KLF15,-0.11003449201821006,-0.02830250551708551,-0.1430778076506086,0.45855160077017987,0.0022472307485471733,479,0.0030096973216225957,False,0.0
NK cells,ONECUT3,-0.12892135059359683,0.014933950620486917,-0.14481933867405433,0.45499879832051165,0.0009087485765608709,479,0.0012467944187064374,False,0.0
NK cells,PHOX2A,-0.1325623748947211,0.01354182352367649,-0.14876045110895975,0.46074852703226354,0.003809757757055171,479,0.0050127739463561695,False,0.0
NK cells,TFDP1,-0.14647534783382807,-0.016395010640435557,-0.1504118105325545,0.4586435160664673,0.0022985356522208585,479,0.0030763728907990716,False,0.0
NK cells,SMAD3,-0.1572246825110313,-0.001754827428131454,-0.1523965718913653,0.4563396064267376,0.001288575856637922,479,0.0017554134397161723,False,0.0
NK cells,HEY2,-0.12411980528145823,0.0406512554343902,-0.1580217175074206,0.4530301534910108,0.000535230573479101,479,0.0007446846287126695,False,0.0
NK cells,BHLHE22,-0.17635463616810684,-0.007476453142934765,-0.158709595261803,0.4546600176246325,0.0008307926253955012,479,0.001144107202978284,False,0.0
NK cells,GATA1,-0.15450390765503755,0.0016886374550034537,-0.15891180779711106,0.45478910085493784,0.0008597335814507674,479,0.0011823528451902804,False,0.0
NK cells,ZNF449,-0.11740974993390701,0.04196449185380301,-0.1599535360351667,0.45463440188632287,0.0008251580401808086,479,0.0011367345694829935,False,0.0
NK cells,NEUROG2(var.2),-0.1646494958079575,-0.002780899582701809,-0.1601571785232996,0.4567846170961949,0.0014440073407685052,479,0.0019612130583247303,False,0.0
NK cells,ESRRA,-0.14672513242176236,0.05202120708858363,-0.16030218749212058,0.45575647167815986,0.0011082480931851135,479,0.0015148553327793814,False,0.0
NK cells,NFYB,-0.12087000179281822,0.07298848458241987,-0.16597021772473086,0.4569729681131774,0.0015148564599927015,479,0.002054679596758455,False,0.0
NK cells,ZNF341,-0.1419395735633004,0.020434903087262233,-0.16717902406875848,0.44895147500192745,0.00016779036969976634,479,0.00024031144630274497,False,0.0
NK cells,MITF,-0.16462551479680074,0.027023823455652657,-0.16916147043530433,0.4569355490444702,0.0015005312085863678,479,0.002036614984884416,False,0.0
NK cells,SOX9,-0.1521243221309704,0.021623414807372433,-0.17005354617002316,0.454292607574172,0.000753290205063001,479,0.001041630953412475,False,0.0
NK cells,ZNF75D,-0.14765731179279654,0.01891473589293438,-0.17031918454511785,0.4499590273754391,0.00022525200381614486,479,0.00031944255430778904,False,0.0
NK cells,FOXD2,-0.1536912340873252,0.010700805220943604,-0.17187158423544033,0.4528641534613769,0.0005114009620547921,479,0.0007117744384154416,False,0.0
NK cells,TFEC,-0.14890493583537068,0.0435606193801647,-0.17304780452600943,0.45387371491240297,0.000673142812771872,479,0.0009333570323766258,False,0.0
NK cells,PPARG,-0.16003347220051609,0.02979685718103267,-0.1752816387471286,0.45147311841728893,0.0003472203806166176,479,0.0004869510086567885,False,0.0
NK cells,NR1D1,-0.17038559966811334,0.05429290233490984,-0.17534945240938765,0.4524246677550844,0.0004530014420443993,479,0.0006315795432500481,False,0.0
NK cells,CREM,-0.15609263100405593,0.07849117051947756,-0.17648380066938982,0.44935680639047376,0.0001890140434403165,479,0.0002696582580252188,False,0.0
NK cells,MYC,-0.13504917820884837,0.04837403756932552,-0.17685391614105944,0.4494783555800998,0.00019585474950816942,479,0.0002790240551091738,False,0.0
NK cells,TFAP2B,-0.158299556150283,0.004334878195654023,-0.17752789592471818,0.4462713655976114,7.472588340280653e-05,479,0.0001092272125172526,False,0.0
NK cells,TFAP2C,-0.15861499819914046,0.007213722814122536,-0.18084049593572427,0.44603680579779587,6.949578547173155e-05,479,0.00010172935890688345,False,0.0
NK cells,NR4A2,-0.18013247006632505,0.07945687476739599,-0.1817505331283618,0.45385613548415127,0.0006699593061831999,479,0.0009292613482403932,False,0.0
NK cells,ZNF24,-0.16933997347854665,0.020769778415315916,-0.1838432887003881,0.448999692862275,0.0001701922219416417,479,0.00024366515568856415,False,0.0
NK cells,BACH2(var.2),-0.16331754127195397,0.037127159510231926,-0.18450501186775498,0.4469916198865524,9.321005024242748e-05,479,0.00013570632000031005,False,0.0
NK cells,ARNT2,-0.17658145282276266,0.026853827076919905,-0.19059982846911896,0.4481267486822335,0.00013133550182013653,479,0.00018937399870430237,False,0.0
NK cells,CREB3L4(var.2),-0.1656182100336633,0.06327533099439726,-0.19254749938713495,0.44673295115656314,8.61237402903977e-05,479,0.0001255247309852122,False,0.0
NK cells,BHLHE40,-0.18057272159481286,0.01954066307964354,-0.19259574255440215,0.4461528300242571,7.20379803474739e-05,479,0.00010533634567614001,False,0.0
NK cells,SOX8,-0.1802532305068683,0.017935778905541613,-0.19284856768331843,0.443677646526418,3.2970327800630116e-05,479,4.9097514273592e-05,False,0.0
NK cells,TCF7,-0.37178503901036547,-0.013950397811675773,-0.19372412059589172,0.4512629186823365,0.0003272050901064344,479,0.0004598373722023737,False,0.0
NK cells,ONECUT2,-0.1943967013135842,0.0038796780799615223,-0.19491104387377486,0.44035488345215773,1.0982775884370823e-05,479,1.667403798430182e-05,False,0.0
NK cells,FIGLA,-0.3251933298503757,-0.03312951918642832,-0.19629588473744983,0.4380705623181942,4.988888210163111e-06,479,7.72485330972826e-06,False,0.0
NK cells,RXRA::VDR,-0.17136112360101718,0.02729709710161789,-0.19721383940659906,0.44602650927553417,6.927432745732544e-05,479,0.00010147861292264255,False,0.0
NK cells,RXRG(var.2),-0.17374539757629562,0.06890793133647313,-0.2059925541742006,0.4385331524159031,5.866245937097354e-06,479,9.066016448241365e-06,False,0.0
NK cells,HES7,-0.17782179072107077,0.031545091311502876,-0.20769000488210965,0.4411173283689028,1.4205832852173492e-05,479,2.1462583913328583e-05,False,0.0
NK cells,MAFA,-0.1964859260294698,0.030195921482388585,-0.21107592113890902,0.4449677254254033,4.974644979546146e-05,479,7.33239110646401e-05,False,0.0
NK cells,INSM1,-0.16881110212072947,0.02186804355227431,-0.214366988235796,0.43595525483013625,2.3446996863200998e-06,479,3.671306087790683e-06,False,0.0
NK cells,TFAP2A,-0.18021388502158767,0.04780583636659078,-0.21717980512810173,0.4390371797373483,6.989823656084947e-06,479,1.0761349510091209e-05,False,0.0
NK cells,ZNF384,-0.1807205904595376,0.002640282324739614,-0.21809696940524387,0.43836665011689063,5.534679354220717e-06,479,8.563408285727351e-06,False,0.0
NK cells,JUN::JUNB(var.2),-0.20427608938475247,0.07301398354718115,-0.22000344193819,0.4364773638492117,2.83119944340554e-06,479,4.426210567240655e-06,False,0.0
NK cells,NEUROG2,-0.2353939309130742,0.0019151899192592387,-0.22184600454645637,0.4355514302497258,2.024554033322766e-06,479,3.181105094688897e-06,False,0.0
NK cells,GSC,-0.2177251367117667,0.007236018120143096,-0.22187307668262657,0.43717150013046446,3.629720003255443e-06,479,5.650576042005203e-06,False,0.0
NK cells,RARA::RXRA,-0.19462265321530628,0.052132847380360586,-0.22221532804439345,0.4328728276535456,7.48195514673739e-07,479,1.2022236109491455e-06,False,0.0
NK cells,NR1I2,-0.20672568068836744,0.020506814878824855,-0.22537215210540762,0.4320099288610766,5.385956354036766e-07,479,8.688827515324064e-07,False,0.0
NK cells,TP63,-0.20998604904374363,0.021854788099206476,-0.22588710109194302,0.4350273121531359,1.6711885580337847e-06,479,2.641261291329958e-06,False,0.0
NK cells,ZNF684,-0.18877147333489125,0.03741014902289587,-0.22679699757560096,0.4313193084654741,4.1284440854800177e-07,479,6.700234564722083e-07,False,0.0
NK cells,DUX4,-0.20900450947274474,0.019716548455738184,-0.2298695912655445,0.4334403920513862,9.267934414254624e-07,479,1.4803814701963763e-06,False,0.0
NK cells,NR5A1,-0.24369296372583732,0.07931832345808418,-0.23238831539127097,0.43763660157506656,4.281144598942953e-06,479,6.644231318497579e-06,False,0.0
NK cells,HES5,-0.2003759189431752,0.042474191001781146,-0.23469423035102413,0.42726122302091424,8.226521178241569e-08,479,1.3845467839919046e-07,False,0.0
NK cells,ATF2,-0.311715093347628,0.10655280586753471,-0.235937301240781,0.44008215117956706,1.0009606232259329e-05,479,1.5259557956187357e-05,False,0.0
NK cells,CREB1,-0.2989008335261974,0.11263546758011607,-0.23921572148478046,0.43927600882688206,7.591492223264567e-06,479,1.1665468110645057e-05,False,0.0
NK cells,GSC2,-0.22703246629301346,0.01651104570034576,-0.2392452697294524,0.42696463295283915,7.286782449747407e-08,479,1.231508846770176e-07,False,0.0
NK cells,ZNF143,-0.21778010441185883,0.023136081796298023,-0.24146476719598278,0.4263543756578159,5.669013637846538e-08,479,9.601016818219796e-08,False,0.0
NK cells,PITX3,-0.22681103611387568,0.020845272894440832,-0.24443284434651458,0.432041069562551,5.450597382074755e-07,479,8.789604227929237e-07,False,0.0
NK cells,TCF7L2,-0.49117892976079197,-0.011384499647018086,-0.25268440619657956,0.4356079355548206,2.0666790894725083e-06,479,3.24477438727426e-06,False,0.0
NK cells,NR2F2,-0.2983535437390606,0.06756490538864351,-0.25557512593074305,0.4276032684677544,9.456276604143034e-08,479,1.5882148252537448e-07,False,0.0
NK cells,TFCP2,-0.2538259508749522,0.008850676710980193,-0.2557613592488478,0.4294985819679768,2.023597680828346e-07,479,3.336379876377949e-07,False,0.0
NK cells,PRDM4,-0.25751752890079826,0.016502261056496624,-0.25691420113780294,0.4232377941634791,1.5253780680422395e-08,479,2.6385975473702015e-08,False,0.0
NK cells,JUNB(var.2),-0.2456025156027836,0.07358244483927552,-0.26122774269244414,0.42719994615672263,8.023220476972683e-08,479,1.3514550395433588e-07,False,0.0
NK cells,SOHLH2,-0.2420229716263485,0.02066678331012365,-0.2621544563895403,0.42749829416762286,9.061078995353786e-08,479,1.5231045124720158e-07,False,0.0
NK cells,LHX1,-0.2538194832341074,0.022299749603343202,-0.26347394489587905,0.427224557356275,8.104282541322159e-08,479,1.3645412884806265e-07,False,0.0
NK cells,YY1,-0.25388893743496377,0.0030456948026389625,-0.2653372159111071,0.4247059275571852,2.849226599013566e-08,479,4.8785318745699906e-08,False,0.0
NK cells,NR2C2(var.2),-0.3488426084057661,0.057936595710500804,-0.26945576170492513,0.4248510834076064,3.028912732127193e-08,479,5.184002078759147e-08,False,0.0
NK cells,VDR,-0.24753435830656387,0.037763744346872526,-0.2746793932298303,0.42701335308256533,7.433670812275527e-08,479,1.2558092737564417e-07,False,0.0
NK cells,KLF16,-0.18856761587634818,0.003788910228296191,-0.2756344229476832,0.41268687246149915,1.2228513296422715e-10,479,2.2581727429176774e-10,False,0.0
NK cells,ESR1,-0.27820126472479006,0.04624478791812217,-0.27839225289127173,0.4163255629749114,6.905665186580912e-10,479,1.2495671442265818e-09,False,0.0
NK cells,ZEB1,-0.6571878200621125,-0.11562532107076957,-0.28109624372809533,0.40173162390973016,4.35452971273248e-13,479,8.704756530491904e-13,False,0.0
NK cells,SOX2,-0.2724022109159979,0.03736096870463604,-0.2870453790605904,0.4119256832182006,8.437795184940655e-11,479,1.5667425111642905e-10,False,0.0
NK cells,DLX5,-0.2864974648281348,0.017193666716742544,-0.2885135516307311,0.4232480906857409,1.5321377116511747e-08,479,2.649157769803698e-08,False,0.0
NK cells,PPARA::RXRA,-0.2828648306980455,0.02646802035372687,-0.2911339163625904,0.41529390167122604,4.257411034299757e-10,479,7.755733923807662e-10,False,0.0
NK cells,ZNF528,-0.2959683362642338,0.044724957942543796,-0.29245161197387465,0.41763523037966294,1.2657142620100366e-09,479,2.2719964082043513e-09,False,0.0
NK cells,HSF4,-0.28689936943905914,0.021537732369884325,-0.296479915818441,0.40898991870016704,1.9596589115095627e-11,479,3.729435539025254e-11,False,0.0
NK cells,MAF::NFE2,-0.8487040539905428,0.1464653957409317,-0.2983306964223102,0.4607831836193883,0.003840865666942821,479,0.005047139489590988,False,0.0
NK cells,NR1I3,-0.29890036828319194,-0.0013686030936111884,-0.29943882787234355,0.4165500773871545,7.666451547918954e-10,479,1.3847528108428612e-09,False,0.0
NK cells,DUXA,-0.3006488265448064,0.03170570379717654,-0.2996453883385126,0.4135756381269672,1.8785931647347072e-10,479,3.451765642378122e-10,False,0.0
NK cells,DMRTA2,-0.31054763769783467,0.018990373866595082,-0.300002977799456,0.41701643450520315,9.517083238001142e-10,479,1.7136679475279318e-09,False,0.0
NK cells,TP53,-0.29296130478127325,0.028353443583504126,-0.30122108679615694,0.41407866090965506,2.3908720403013787e-10,479,4.383084855033701e-10,False,0.0
NK cells,RELA,-0.4109888511146243,0.045920225879109024,-0.30417712348002246,0.41664149041406334,7.999108369592415e-10,479,1.4435500652707811e-09,False,0.0
NK cells,TP73,-0.29025542276328603,0.024915993147239524,-0.30516323262689315,0.4094105693047612,2.4224417066524633e-11,479,4.588576378799563e-11,False,0.0
NK cells,NR1H4,-0.3744450553619757,0.06257756185979198,-0.305369116877835,0.4118541098317473,8.147191958915962e-11,479,1.5141726534576933e-10,False,0.0
NK cells,FOSL1::JUND(var.2),-0.3226472954494476,0.07539443953864285,-0.3081398373996469,0.41269641557969294,1.228529115725008e-10,479,2.267622628751543e-10,False,0.0
NK cells,MAFK,-0.6551296051544186,0.1421893435694295,-0.31140471129599173,0.44010224195471187,1.0078388051368324e-05,479,1.5347067390228167e-05,False,0.0
NK cells,SOX14,-0.29144616796121386,0.024536782983557055,-0.3124656678823016,0.4105909023445181,4.369398287378189e-11,479,8.203519940014921e-11,False,0.0
NK cells,USF1,-0.3684728760422546,0.07542584021403198,-0.31869014706888515,0.4084482211753254,1.4893940257153097e-11,479,2.846522545131858e-11,False,0.0
NK cells,ZNF282,-0.3060783587002527,0.026199546364999687,-0.31937594926594465,0.409943477115477,3.1645324035225e-11,479,5.971874115975762e-11,False,0.0
NK cells,JUND(var.2),-0.43022255309498514,0.10391312992526894,-0.3196424350855664,0.4141660557815349,2.492822655100593e-10,479,4.5637830147226243e-10,False,0.0
NK cells,REL,-0.42254237197635175,0.06064117141585668,-0.32040655403602497,0.40586354295294713,3.935870172080682e-12,479,7.66095247325027e-12,False,0.0
NK cells,BCL6,-0.30898681151430346,0.017670315113508236,-0.3210307014544486,0.41075313535381236,4.735646989894352e-11,479,8.882905758513004e-11,False,0.0
NK cells,FOSB::JUN,-0.3464373663281421,0.09769172334695601,-0.3232003760522505,0.4086041758173869,1.612087034966434e-11,479,3.078104834107688e-11,False,0.0
NK cells,SNAI1,-0.649453902428818,-0.06518874320143014,-0.3245915654826765,0.3964610601851817,2.3008414747488167e-14,479,4.78130693725409e-14,False,0.0
NK cells,FOSL1::JUN(var.2),-0.3423128043501411,0.09550669186679307,-0.3249405429557913,0.40929504734767863,2.2856431620347393e-11,479,4.339611559639867e-11,False,0.0
NK cells,JDP2(var.2),-0.3532280309435706,0.10169709087111826,-0.3260116260274439,0.40754313175505225,9.383807367432658e-12,479,1.8070863688068792e-11,False,0.0
NK cells,TCF4,-0.7463473867529148,-0.10662002518564989,-0.327191399838205,0.39270308069434723,2.58181074643067e-15,479,5.4921168664871144e-15,False,0.0
NK cells,PITX1,-0.307768352067062,0.030023083057399556,-0.3289029683544712,0.40841155551068614,1.461903821468048e-11,479,2.7953038098580917e-11,False,0.0
NK cells,DMRTC2,-0.335968327218081,0.017923821317735053,-0.32938259831907596,0.40561014805143336,3.4478281566252296e-12,479,6.726090994072169e-12,False,0.0
NK cells,ZBTB6,-0.28538328962775844,0.04252044304434033,-0.334087944669931,0.4047876819439432,2.2382242138302964e-12,479,4.38327936551664e-12,False,0.0
NK cells,LEF1,-0.5587658934796159,0.0129222073911104,-0.3343334660849983,0.4077668927632275,1.0523409133261627e-11,479,2.0217337774537772e-11,False,0.0
NK cells,FOS::JUN(var.2),-0.3891703746443142,0.09668042558751164,-0.33565607910878453,0.4091606902888978,2.1360365175473715e-11,479,4.059372357912948e-11,False,0.0
NK cells,HSF1,-0.3304599212317116,0.019481913843523827,-0.336185168938413,0.3995856779895764,1.3389436170145503e-13,479,2.710037956198534e-13,False,0.0
NK cells,NFIC::TLX1,-0.3470289515554937,0.05033946360788312,-0.3362644377110212,0.40268091303532183,7.279518075486098e-13,479,1.4473184340745334e-12,False,0.0
NK cells,KLF11,-0.238692651616934,0.01972362492112217,-0.3375655405479642,0.40335571194549774,1.0458404826320665e-12,479,2.0671571044110115e-12,False,0.0
NK cells,RXRB(var.2),-0.3008921463835905,0.06021926103807126,-0.3426953877872028,0.3991306219325467,1.039392048991122e-13,479,2.11219499257563e-13,False,0.0
NK cells,SMAD5,-0.3387400027996745,0.010413835725978324,-0.34283604874117024,0.4041226772866504,1.5741267057718821e-12,479,3.0932086700111876e-12,False,0.0
NK cells,ZNF263,-0.2570785983959323,0.02573349916906027,-0.3439957118502637,0.4013601957042407,3.5567722216855003e-13,479,7.124109113336403e-13,False,0.0
NK cells,E2F6,-0.23282164889072582,0.005295388593949815,-0.34534882321340293,0.4028313427142185,7.893583598721475e-13,479,1.566328555195051e-12,False,0.0
NK cells,MZF1(var.2),-0.3009325257000797,0.02746471723846888,-0.3458180858192891,0.40525956402515667,2.869148649237485e-12,479,5.6052995822379836e-12,False,0.0
NK cells,SNAI2,-0.660319156609758,-0.04349296309115818,-0.3467629984119715,0.38665600851045234,6.521657644858886e-17,479,1.4530080854129434e-16,False,0.0
NK cells,STAT1::STAT2,-0.6232390994039869,0.03187234133706933,-0.3502155925147743,0.3993189729495292,1.1544108944803206e-13,479,2.3447522485277997e-13,False,0.0
NK cells,TEAD3,-0.3361354145282056,0.033742613238110536,-0.35242435043067355,0.3994525766042421,1.243490963651058e-13,479,2.521886936808111e-13,False,0.0
NK cells,ATF7,-0.3768151018021359,0.1023339712690183,-0.35488723117178045,0.3990366975587448,9.863223603029086e-14,479,2.0073743811798633e-13,False,0.0
NK cells,RARA(var.2),-0.37833883112400324,0.05881928528907022,-0.359119956027243,0.39319630922415205,3.4552306517804447e-15,479,7.334660659550724e-15,False,0.0
NK cells,RARG(var.3),-0.33405137698677523,0.05554602430210705,-0.35931362489544305,0.3985201135028342,7.387031966160875e-14,479,1.5110177621378614e-13,False,0.0
NK cells,GMEB2,-0.35029791782132585,0.050185673893548145,-0.3605213515270477,0.3957184549088921,1.5023430059038902e-14,479,3.1364704860098766e-14,False,0.0
NK cells,NR2F1(var.2),-0.36833527958365697,0.057891567761833226,-0.36404321043271176,0.39427116569439874,6.490892209174002e-15,479,1.3685330838102144e-14,False,0.0
NK cells,STAT1,-0.3649256437521918,0.03501363987673353,-0.3644303062561031,0.39551026425145414,1.3324198474984415e-14,479,2.7860313710484205e-14,False,0.0
NK cells,RARB(var.3),-0.3445282048440631,0.07222980152922552,-0.37405345409501833,0.39022161882927536,5.843137755200681e-16,479,1.2703565479603416e-15,False,0.0
NK cells,BCL6B,-0.35557141304079576,0.025428845216477647,-0.3744951269856258,0.3976142706784931,4.43425850623208e-14,479,9.148908677315143e-14,False,0.0
NK cells,MZF1,-0.3654935153186787,0.033208798324859165,-0.3761698430752524,0.3905649199495621,7.1907110359625285e-16,479,1.5591434539927326e-15,False,0.0
NK cells,FOSL2::JUNB(var.2),-0.4140086816436062,0.10619124950341265,-0.3779699828956933,0.3911264571148592,1.0083219788396694e-15,479,2.1688839587375345e-15,False,0.0
NK cells,FOSL2::JUN(var.2),-0.44666082640669647,0.10690776641142667,-0.3795812547326939,0.3919516857039318,1.6521289214955638e-15,479,3.531174652071342e-15,False,0.0
NK cells,RFX4,-0.39392006850233835,0.017389578138536768,-0.3836498297858567,0.38899507700668545,2.7695278608346997e-16,479,6.073447005386014e-16,False,0.0
NK cells,RFX5,-0.39298936299684595,0.02262728468808512,-0.38427544921909235,0.3881726108991953,1.6711785891513724e-16,479,3.692839198092001e-16,False,0.0
NK cells,FOSL2::JUND(var.2),-0.4608908298809602,0.10347609411197879,-0.38594582161971497,0.39026782761210843,6.008874542981038e-16,479,1.3049869243639977e-15,False,0.0
NK cells,SNAI3,-0.7303512089711873,-0.05368530196642555,-0.3860651792676873,0.37867494808418134,3.7624480761710806e-19,479,8.944103946056517e-19,False,0.0
NK cells,TCF7L1,-0.5167379762222981,0.004142902259992624,-0.3895579450936093,0.3861263654506976,4.681425054124068e-17,479,1.0464666170710485e-16,False,0.0
NK cells,KLF13,-0.31405942626177086,0.06462841031682015,-0.3942742433898362,0.3920059307968227,1.7064148816348797e-15,479,3.645276985794469e-15,False,0.0
NK cells,HNF4A(var.2),-0.40541613197924437,0.05553176857388491,-0.4003941868316986,0.3849929945978417,2.2913093321418255e-17,479,5.16470058932915e-17,False,0.0
NK cells,RFX1,-0.398058476165611,0.02701350948524007,-0.40651486991617913,0.38293444354956785,6.149490464122812e-18,479,1.41207936537122e-17,False,0.0
NK cells,FOSB::JUNB(var.2),-0.4360775543747088,0.09307346215425233,-0.40687803368083275,0.38254493364644804,4.782331675892326e-18,479,1.1006435700034329e-17,False,0.0
NK cells,SOX4,-0.4010601547536975,0.017456873708991554,-0.40848726243938843,0.3820956536872725,3.574740113288175e-18,479,8.262708630931142e-18,False,0.0
NK cells,RXRB,-0.4018000111616952,0.060858465184808405,-0.40985651922180605,0.3788525003095235,4.235390360623781e-19,479,1.0044776904503996e-18,False,0.0
NK cells,ZNF354C,-0.34323611159308764,0.03420781721937645,-0.4103595185801453,0.38310822875457035,6.8777420990853535e-18,479,1.5766200868498212e-17,False,0.0
NK cells,TEAD1,-0.3878666140109142,0.04846444761630866,-0.4132135303563177,0.3840311487377845,1.2428023118475016e-17,479,2.828109197826205e-17,False,0.0
NK cells,HNF4A,-0.41923896732198335,0.05354668621210484,-0.41349663612150334,0.3789532053199368,4.529258334452997e-19,479,1.0735430123723973e-18,False,0.0
NK cells,SOX13,-0.4040761783111734,0.05014732815681127,-0.4141530520561361,0.3809640407772418,1.709245462107788e-18,479,3.990540761504968e-18,False,0.0
NK cells,MEF2D,-0.5391999031136615,0.029045875450053,-0.4245845295233882,0.370439990487018,1.2871134779533237e-21,479,3.2225625815588785e-21,False,0.0
NK cells,RBPJ,-0.38602580938391856,0.038859994161442826,-0.43512218424776156,0.3767454802662128,1.0278112709707923e-19,479,2.467967004360727e-19,False,0.0
NK cells,ELF3,-0.6650325745595969,0.07758329895424534,-0.4409532516235568,0.3695117966753283,6.633639087282816e-22,479,1.6722556851804532e-21,False,0.0
NK cells,MEF2B,-0.5995910831558031,0.0384448987098805,-0.44366579053144045,0.36582388376281133,4.551090727845592e-23,479,1.186450585364901e-22,False,0.0
NK cells,SP8,-0.31493958762515323,0.02487704407049318,-0.44442124345683615,0.36857380861075556,3.379128539143195e-22,479,8.593308654540144e-22,False,0.0
NK cells,PRDM1,-0.4240005067873196,0.0241154380292617,-0.4456405480465376,0.37067354574807626,1.5196147783227344e-21,479,3.797629025999866e-21,False,0.0
NK cells,JUN,-0.7993697870507477,0.1558196262881955,-0.44904010064627736,0.3857808041182071,3.767795632433512e-17,479,8.431693102226766e-17,False,0.0
NK cells,ZNF460,-0.28049411915002065,0.038394846681268587,-0.4521293593656344,0.3701735365816601,1.0645993652498357e-21,479,2.670408575202006e-21,False,0.0
NK cells,TEAD2,-0.4369950956827935,0.04229332187661558,-0.45891278507671274,0.3701147710643615,1.0209020631115953e-21,479,2.562388180737912e-21,False,0.0
NK cells,PLAG1,-0.35316372837503907,0.033904559709867416,-0.4614428886838901,0.370611766614506,1.4543531615447157e-21,479,3.636781762428875e-21,False,0.0
NK cells,THRB,-0.4472692099919369,0.0628976641402829,-0.46449055595394606,0.36391877600970585,1.1080291270271752e-23,479,2.9282076080678973e-23,False,0.0
NK cells,ELF5,-0.7415700514626175,0.09934999018832484,-0.4651356805353452,0.3658050486611131,4.4883935699814475e-23,479,1.171615508654512e-22,False,0.0
NK cells,RXRG,-0.4621107832902291,0.057481967692023066,-0.46534361799409374,0.36250112068855106,3.823586407952812e-24,479,1.0137765797232686e-23,False,0.0
NK cells,NR2F1,-0.6646841526455333,0.11453576120232793,-0.4681155046121341,0.36519479136608984,2.860529687404094e-23,479,7.505644043603739e-23,False,0.0
NK cells,STAT3,-0.45753573541518266,0.03892979319961326,-0.4691726053663115,0.36786611105628003,2.0249770034206994e-22,479,5.17892348662462e-22,False,0.0
NK cells,ZNF16,-0.4175271823550613,0.03628154707555297,-0.46945898327732055,0.3702830313061992,1.1510117299382469e-21,479,2.8853738905391244e-21,False,0.0
NK cells,NFIX(var.2),-0.44634792227293857,0.05384209876112328,-0.4748340846057438,0.3588516313834985,2.351303455263638e-25,479,6.414951975722643e-25,False,0.0
NK cells,HSF2,-0.48440405148980303,0.0463584546959452,-0.4767611271232536,0.36097623085506086,1.2027954379444814e-24,479,3.2271288739544904e-24,False,0.0
NK cells,SP2,-0.33383458819517126,0.028463723111469382,-0.48406193717499846,0.36615739063021496,5.816384102703652e-23,479,1.5104679126790101e-22,False,0.0
NK cells,IRF1,-0.8010272160106181,0.0425029582854205,-0.48800257845869716,0.3592140187401728,3.1114863729071583e-25,479,8.454717169094938e-25,False,0.0
NK cells,KLF4,-0.2830434547619155,0.01151371250318387,-0.4938244071642919,0.3563342572578553,3.293864260753972e-26,479,9.172040467316291e-26,False,0.0
NK cells,NR2C2,-0.4230635158437382,0.05063668146233025,-0.4955672658172647,0.3560592647730609,2.651927185371336e-26,479,7.410012011058305e-26,False,0.0
NK cells,RFX2,-0.5074565283017236,0.036708202680855735,-0.49613784541835537,0.35559516786721607,1.8377056696971689e-26,479,5.142017385611857e-26,False,0.0
NK cells,SP9,-0.32259236831924915,0.010520151458751983,-0.49969837689009233,0.3590158734703072,2.6698412456220078e-25,479,7.279095471554342e-25,False,0.0
NK cells,ZNF140,-0.5185357566589365,0.05098358373286089,-0.504858538367734,0.3564972436712175,3.7447327281678e-26,479,1.042034980616707e-25,False,0.0
NK cells,ZNF148,-0.27083449349045347,0.0010536871109361322,-0.5082846487713578,0.3575356856115142,8.451644304477607e-26,479,2.3389434237972913e-25,False,0.0
NK cells,KLF5,-0.2755860351165706,0.017111270027423738,-0.5089742316442742,0.3516885166403101,8.006948061180421e-28,479,2.2992272431182387e-27,False,0.0
NK cells,TEAD4,-0.5147922133169384,0.047045642144012176,-0.5127745334437745,0.35442513134972087,7.252086414467712e-27,479,2.044734608566994e-26,False,0.0
NK cells,KLF14,-0.38484987100583945,0.035622279406510936,-0.5162428175931577,0.35333922495314457,3.0396166816105718e-27,479,8.648585860616297e-27,False,0.0
NK cells,THAP11,-0.48145594662489866,0.020498486909098584,-0.5175027538841217,0.35423100423488424,6.210896055341056e-27,479,1.7548383687087928e-26,False,0.0
NK cells,RELB,-0.5274051708950491,0.05580847687881756,-0.5185209791414049,0.3549605505073297,1.1108336255583409e-26,479,3.11896797294174e-26,False,0.0
NK cells,MAZ,-0.37521830679489254,0.005583448754030003,-0.5203712292102606,0.350843448410782,4.0216395525021166e-28,479,1.1622538306731117e-27,False,0.0
NK cells,RFX3,-0.5245526522483982,0.02619057183930203,-0.5244797098339089,0.3500282652092818,2.062200661282777e-28,479,6.002635881690732e-28,False,0.0
NK cells,KLF10,-0.3644124376257867,0.0549055532357245,-0.5259719410432301,0.3534125562824231,3.224096685053009e-27,479,9.1606005531773e-27,False,0.0
NK cells,EHF,-1.0884963685451092,0.12422093116855489,-0.5312301882128367,0.3500840171103087,2.1588331246736194e-28,479,6.270379628449005e-28,False,0.0
NK cells,PITX2,-0.5370002103431541,0.051511818887074685,-0.5348129176365353,0.34648073658808914,1.0811036986829586e-29,479,3.2377095224805706e-29,False,0.0
NK cells,NFIC(var.2),-0.5908676795227137,0.08494287564995302,-0.5381870077075612,0.3393070741879497,2.261932694923273e-32,479,7.061558397885465e-32,False,0.0
NK cells,SREBF1(var.2),-0.5266200882458708,0.037967094089301434,-0.5385950424583437,0.3500548854863487,2.1077930786831846e-28,479,6.130935151942606e-28,False,0.0
NK cells,PPARD,-0.5499731714915432,0.06917723867322426,-0.5419442581059722,0.33981712874193826,3.539722358919966e-32,479,1.0999782384170647e-31,False,0.0
NK cells,NFKB2,-0.7226832298710942,0.05016740343256546,-0.5517163163266975,0.3386023902497459,1.2155493127743277e-32,479,3.824348770983616e-32,False,0.0
NK cells,ZNF682,-0.44381967716570897,0.08500455397786943,-0.5520026039671833,0.3439246877202922,1.2388024161823992e-30,479,3.768974395054629e-30,False,0.0
NK cells,NR6A1,-0.5526946439875327,0.05409787383346454,-0.5524716749252264,0.3419600610458203,2.287868854643453e-31,479,7.023306059095153e-31,False,0.0
NK cells,OTX2,-0.5702826973883557,0.04012135598123976,-0.569960328714112,0.33695494668787246,2.8164161359187596e-33,479,8.979684543677936e-33,False,0.0
NK cells,MEF2A,-0.6181137101450754,0.03799280045595093,-0.5754926327752914,0.3312401256979347,1.575279242794603e-35,479,5.237123924689371e-35,False,0.0
NK cells,EBF3,-0.6743388113956041,0.050561764669184585,-0.5841331772371571,0.3312207883268578,1.547413014455394e-35,479,5.148711395136945e-35,False,0.0
NK cells,MEF2C,-0.6471418926960486,0.03614516534458612,-0.5899667129725966,0.3251428265761778,5.126436721774641e-38,479,1.7788647492538763e-37,False,0.0
NK cells,SP3,-0.3901825115637823,0.02447784146981826,-0.5959996908532709,0.32957259136091643,3.3551361278510626e-36,479,1.1265461222643484e-35,False,0.0
NK cells,ZNF135,-0.6310180241849974,0.08767987206101614,-0.6027960269527154,0.32171960962619356,1.8836426626681907e-39,479,6.697028306815027e-39,False,0.0
NK cells,NFIB,-0.6390075865538478,0.09517399337986467,-0.6089990341394513,0.3245908325290745,3.0221131775220255e-38,479,1.052277961811886e-37,False,0.0
NK cells,RARA,-0.7384160632008281,0.06933539954567992,-0.6263331632072093,0.3173177207919683,2.452214931411702e-41,479,8.978879287322847e-41,False,0.0
NK cells,ZKSCAN5,-0.7732101436316263,0.09443514299452048,-0.6306842603895694,0.31434277926240234,1.2290190785866293e-42,479,4.604269622186576e-42,False,0.0
NK cells,IKZF1,-1.003096520751462,0.08297077949999278,-0.6351510571170402,0.3074245208412912,9.683713199602008e-46,479,3.844975819979364e-45,False,0.0
NK cells,RHOXF1,-0.672111792555365,0.06070641075371692,-0.654202552294064,0.31280231907817496,2.5599874975122364e-43,479,9.653037665363008e-43,False,0.0
NK cells,EBF1,-0.7155507302614021,0.049191846014633465,-0.6716073353305635,0.3116152054018067,7.575218641695878e-44,479,2.8805765624343535e-43,False,0.0
NK cells,ZBTB26,-0.7261256725280911,0.06280988230267096,-0.6747323441443812,0.3038079301805382,2.0840426553501373e-47,479,8.500036878575257e-47,False,0.0
NK cells,CEBPB,-2.4248056040031103,0.26714646009944104,-0.6756892814480722,0.34443424000490214,1.913315151126925e-30,479,5.790032237441689e-30,False,0.0
NK cells,NFKB1,-0.8386465438941447,0.05897758132260849,-0.6869527069740049,0.30126544258596405,1.3443333839317421e-48,479,5.555845629609632e-48,False,0.0
NK cells,SP4,-0.48095150995601577,0.038456746083187096,-0.6945005472741451,0.308311528563934,2.4560284977352185e-45,479,9.638303881509887e-45,False,0.0
NK cells,CEBPG(var.2),-2.7319811183473224,0.22031280088845012,-0.7242762080269358,0.3213532041144903,1.317628595947669e-39,479,4.6970266953341573e-39,False,0.0
NK cells,HLF,-2.1063923033666514,0.171552667619493,-0.7384259106533216,0.30049018980006414,5.787756164292117e-49,479,2.4091832757948462e-48,False,0.0
NK cells,KLF2,-0.4645691989680889,0.05077419184566748,-0.7478999598695222,0.2958821193859154,3.613251344778682e-51,479,1.5437396980965731e-50,False,0.0
NK cells,SP1,-0.5318162774801382,0.05199368188362775,-0.7750662026056124,0.2923953653595357,7.187683781361953e-53,479,3.1473342618387946e-52,False,0.0
NK cells,KLF6,-0.5801803705723468,0.08115510505074845,-0.777927199420198,0.2943803339438418,6.739494081242831e-52,479,2.919485337549089e-51,False,0.0
NK cells,TEF,-1.3437178604925069,0.13218219624145677,-0.8110672863661055,0.2590685364146555,1.4224496290710918e-70,479,7.643069321675482e-70,False,0.0
NK cells,DBP,-1.313219774308384,0.13434323673119003,-0.8517706339220782,0.2505869645525897,1.7002050219516094e-75,479,9.675147002554446e-75,False,0.0
NK cells,GFI1,-0.891124467348609,0.08259020307990149,-0.8559549558154798,0.2648885828394142,2.709934653293381e-67,479,1.4165885797448346e-66,False,0.0
NK cells,SPIC,-3.3291223832682717,0.25676196837590354,-0.885570921439182,0.2613990663314521,2.9921743247850866e-69,479,1.590845902507288e-68,False,0.0
NK cells,EWSR1-FLI1,-0.9540737801118953,0.08415946337319688,-0.9520393863933112,0.23077520004761515,1.1818539814545507e-87,479,7.506720893194838e-87,False,0.0
NK cells,KLF3,-0.7468642868910369,0.09340922133538919,-0.9538805557015243,0.2379172194769015,3.646847745050598e-83,479,2.2288740145732205e-82,False,0.0
T cells,TBX2,2.043611683317727,-0.2659791263756975,1.4834858696479571,0.8406380359078964,5.718873994383838e-255,935,1.0469938543564257e-253,True,1.4834858696479571
T cells,EOMES,2.050144272999421,-0.2467995795311841,1.4834258498347008,0.827803675185927,2.823901938485026e-236,935,4.760628017962673e-235,True,1.4834258498347008
T cells,TBX21,1.98332383707265,-0.2453130250971779,1.448981404977026,0.8344000615276136,8.56177968195771e-246,935,1.5127057027598644e-244,True,1.448981404977026
T cells,TBR1,1.908309855221847,-0.24284095298805877,1.4066010588604787,0.8225406140101915,8.117985361447524e-229,935,1.3085804291799476e-227,True,1.4066010588604787
T cells,TBX20,1.6845084157627535,-0.20784642191011196,1.3403022586984472,0.816833519481589,7.263460180773172e-221,935,1.1174129236276904e-219,True,1.3403022586984472
T cells,TBX1,1.5475434401610682,-0.18455064485805706,1.3187630803543542,0.8096010301791583,5.42792808185764e-211,935,7.985962552434914e-210,True,1.3187630803543542
T cells,TBX6,1.5027704844232987,-0.18834203231398056,1.2967509720854165,0.8071885215608684,9.49477185965039e-208,935,1.3769120768510922e-206,True,1.2967509720854165
T cells,TBX4,1.577978784281835,-0.21243537382861774,1.2708251066593672,0.8210887256773652,8.826760431577293e-227,935,1.4171854248476875e-225,True,1.2708251066593672
T cells,TBX3,1.3726813702779082,-0.17360697649608786,1.2422574822391552,0.7999158759619645,3.981643188668305e-198,935,5.442475790997285e-197,True,1.2422574822391552
T cells,TBX18,1.2660942969881936,-0.17958421718187792,1.1941346343960393,0.7948578160828009,1.4349837310727257e-191,935,1.8549342415080665e-190,True,1.1941346343960393
T cells,MGA,1.2215113420917116,-0.15170374905558934,1.1266742130779643,0.7738845227424164,1.4369360982354322e-165,935,1.6016097667935425e-164,True,1.1266742130779643
T cells,RUNX3,1.2081083364249177,-0.16335456430742443,1.0614572596313818,0.7887115886307315,9.429292657436425e-184,935,1.1631377467069444e-182,True,1.0614572596313818
T cells,RUNX2,1.1896503295312035,-0.20255761429389293,0.9525185470524253,0.7688346302455864,1.355370902133481e-159,935,1.4318095744209047e-158,True,0.9525185470524253
T cells,ELK4,0.8850165446366733,-0.20131896095581722,0.9009039567330317,0.7569921981080259,5.1068717143301585e-146,935,4.931361087393752e-145,True,0.9009039567330317
T cells,ZBTB7A,0.7588377430182006,-0.17113810398858892,0.8809811214056589,0.7461807618670364,3.714647246088301e-134,935,3.295934815279225e-133,True,0.8809811214056589
T cells,RREB1,0.7815763902244535,-0.14911929089686055,0.8637671740102248,0.7418870328512536,1.3797782536240165e-129,935,1.2083512584767903e-128,True,0.8637671740102248
T cells,ETS1,0.8119414821696992,-0.18354643957622147,0.8337443907378824,0.7324296124781268,8.372759581116514e-120,935,6.816133856176542e-119,True,0.8337443907378824
T cells,RORC,0.8942537532264405,-0.11408418644383457,0.8245810188725922,0.6850609729121959,1.1870688298241479e-76,935,6.831977930965153e-76,True,0.8245810188725922
T cells,ERF,0.804496076290376,-0.16827690655284913,0.8150368854508095,0.7300145175220979,2.284595434801125e-117,935,1.819581324646723e-116,True,0.8150368854508095
T cells,ERG,0.7341566212771312,-0.16108651009645775,0.7614030528928218,0.7137053439863223,1.3970970349818317e-101,935,9.813636464473075e-101,True,0.7614030528928218
T cells,FLI1,0.6712751541120633,-0.15869887726857146,0.7212918703050433,0.7046626905127006,2.5119371954653107e-93,935,1.6633875438384036e-92,True,0.7212918703050433
T cells,FOXP1,0.7583153350538767,-0.1119061060422028,0.6873399499076227,0.6993804359884813,1.1420356459203132e-88,935,7.369499558841447e-88,True,0.6873399499076227
T cells,GATA3,0.7132148365895503,-0.0967524280928057,0.6750852477063682,0.6928297869878626,4.628468162517804e-83,935,2.820298521919734e-82,True,0.6750852477063682
T cells,FOXD1,0.7446037137685362,-0.1318857177361161,0.6737808863452436,0.6937399056258972,7.897089246199757e-84,935,4.878110395438812e-83,True,0.6737808863452436
T cells,ZSCAN4,0.6708231065523553,-0.12638195536166652,0.6655677724634509,0.6919677197825571,2.4521322805148753e-82,935,1.4807951055168932e-81,True,0.6655677724634509
T cells,RORA(var.2),0.6629984198649351,-0.07424276018986944,0.6548990077935328,0.6548428833854344,3.2530629515071504e-54,935,1.4559615820572932e-53,True,0.6548990077935328
T cells,FOXA3,0.7152169604352427,-0.11145024284492039,0.6481577473827336,0.687946372967598,5.3051615830798827e-79,935,3.1381116615703517e-78,True,0.6481577473827336
T cells,GATA5,0.682012105363214,-0.09996460958479356,0.6431055523884568,0.6877338849038869,7.924558715780856e-79,935,4.667069077736441e-78,True,0.6431055523884568
T cells,TBXT,0.5968506046191755,-0.08402679349147274,0.632120823128405,0.6664225980579326,2.4113588843048387e-62,935,1.1941686714684672e-61,True,0.632120823128405
T cells,ETV2,0.6059006167030613,-0.12084389992693963,0.6263031245336563,0.6789193736434488,9.029243804731515e-72,935,4.923493319938505e-71,True,0.6263031245336563
T cells,SPDEF,0.568056861473257,-0.13937176070435064,0.6236409273079675,0.6764835879855083,7.017790907179556e-70,935,3.74590791694571e-69,True,0.6236409273079675
T cells,GATA6,0.6530606060699807,-0.08245833320546382,0.6224044216714951,0.6811500218817785,1.591215843025252e-73,935,8.855652408363368e-73,True,0.6224044216714951
T cells,CTCF,0.9634886822147496,-0.252274101644926,0.6183518075397106,0.6770438704135895,2.5918779513752412e-70,935,1.3908140837220457e-69,True,0.6183518075397106
T cells,GATA2,0.5945135330492604,-0.07756172264131245,0.5956346723010914,0.6668109570878926,1.2575247095441962e-62,935,6.24287726971266e-62,True,0.5956346723010914
T cells,FOXP2,0.5853306669369861,-0.09204485216388242,0.5903950988995148,0.670618182362674,1.9633889027583852e-65,935,1.0081055203756886e-64,True,0.5903950988995148
T cells,ETV1,0.5530253083388252,-0.08505028090512465,0.5774245295607757,0.6557677033116693,7.662189116738729e-55,935,3.4522513548245986e-54,True,0.5774245295607757
T cells,FEV,0.49718870979011925,-0.12282713129388093,0.5729738478380292,0.6605887729801213,3.555053830141756e-58,935,1.682309683830824e-57,True,0.5729738478380292
T cells,ELK3,0.4891588827095686,-0.1281425614174696,0.5725384126451682,0.6612062270845371,1.3080606460549262e-58,935,6.219052143288168e-58,True,0.5725384126451682
T cells,FOXA2,0.5938702595879651,-0.09597427551034153,0.5642411645759654,0.6649042816821268,3.0296613831499408e-61,935,1.4840205758141236e-60,True,0.5642411645759654
T cells,FOXO3,0.6004357019094163,-0.11054701634445899,0.5627581607398429,0.6628006362390838,9.721359665054053e-60,935,4.66579136474599e-59,True,0.5627581607398429
T cells,GATA4,0.5304364093929674,-0.06372216573443976,0.5429659958900525,0.6553066545789408,1.5771101614915008e-54,935,7.089986348216236e-54,True,0.5429659958900525
T cells,KLF17,0.4114403731091021,-0.07638544671589248,0.5425516943672263,0.6530383002588379,5.332116226779761e-53,935,2.342425869006614e-52,True,0.5425516943672263
T cells,MEIS2,0.4652789500202804,-0.08125522355130124,0.5212250422392278,0.6438784448487299,4.72494598718876e-47,935,1.9193907092535868e-46,True,0.5212250422392278
T cells,FOXK1,0.5451025830511409,-0.09754911320746443,0.5100330823124248,0.6480726679230823,9.913506940558724e-50,935,4.169443771465759e-49,True,0.5100330823124248
T cells,SRY,0.5180535270999302,-0.06997107902910668,0.508355018635514,0.6471432198135251,3.94721821305048e-49,935,1.6498393481407275e-48,True,0.508355018635514
T cells,ZEB1,0.7019094795099032,-0.24592995077164545,0.49669830082197414,0.636550124926919,1.4819996528774022e-42,935,5.541747315658013e-42,False,0.0
T cells,ETV3,0.4085472124917982,-0.11068589080583409,0.4921857396501488,0.6407970276173227,3.921188644329308e-45,935,1.5343451890673485e-44,False,0.0
T cells,TCF7,0.7700033232110974,-0.1290578844211275,0.49182154097762376,0.6517990361127616,3.571334907792489e-52,935,1.5553951600568795e-51,False,0.0
T cells,FOXG1,0.4802682185798884,-0.06669117825563697,0.4917066082437382,0.6432062692826792,1.248871797540914e-46,935,5.037821827368432e-46,False,0.0
T cells,NKX2-3,0.45578918229732723,-0.06613734669550948,0.47716549180178686,0.6381544710633047,1.6082709760840954e-43,935,6.075690354095472e-43,False,0.0
T cells,ELK1,0.3815934764973816,-0.1142783835340322,0.4768030789326149,0.6347895095418847,1.6460802962524242e-41,935,6.043594263736214e-41,False,0.0
T cells,EGR1,0.31258595372751646,-0.11369230473229146,0.4731403583357144,0.6367637019749411,1.10431959193813e-42,935,4.1409426033194387e-42,False,0.0
T cells,ZNF382,0.43527773375778345,-0.05500294066861592,0.4681805103833592,0.6335299630630133,9.041470180725713e-41,935,3.27793802430253e-40,False,0.0
T cells,ZNF740,0.33737999616872644,-0.08228060033017483,0.4638813315757801,0.6350337142736576,1.180928096611227e-41,935,4.3515802175674177e-41,False,0.0
T cells,SMAD2::SMAD3::SMAD4,0.4081773472054976,-0.04783325211289174,0.46171118247026627,0.6242252727395238,1.616254895275547e-35,935,5.368938675110725e-35,False,0.0
T cells,MEIS1,0.4109739906078806,-0.06704545813590644,0.46037750475718203,0.6328376412872067,2.290575611594284e-40,935,8.259954478173326e-40,False,0.0
T cells,PKNOX2,0.43228095010151435,-0.07898336971447406,0.46024689378386685,0.6382527518973851,1.4025328647393844e-43,935,5.308370412287698e-43,False,0.0
T cells,VEZF1,0.39573336787253016,-0.09068483766390076,0.4547816033086109,0.6337975809574758,6.30419865697481e-41,935,2.289657788700187e-40,False,0.0
T cells,KLF9,0.3197519126590045,-0.04504029203674995,0.4536714764644076,0.6282138139021098,1.006857905015693e-37,935,3.478861728175486e-37,False,0.0
T cells,TGIF2,0.4106317088966105,-0.06696812503703355,0.44643805143638465,0.6274199443392894,2.8018315879137507e-37,935,9.598823543352274e-37,False,0.0
T cells,TCF7L2,0.7116130408477411,-0.12667331629295092,0.44488727362800323,0.6409477158213767,3.166140093385756e-45,935,1.2412987226587955e-44,False,0.0
T cells,EGR3,0.3328668307527006,-0.10959861792084676,0.442515950575747,0.6275828836168436,2.2721533008165916e-37,935,7.797398011114445e-37,False,0.0
T cells,TCF12(var.2),0.6388800074240332,-0.24322202589158637,0.4416417540543056,0.6269812197849393,4.9193305877976705e-37,935,1.6753881783021358e-36,False,0.0
T cells,FOXF2,0.3955309300984755,-0.06193076762424071,0.4350158693380169,0.6245082725373811,1.1331533315648919e-35,935,3.7765555020688245e-35,False,0.0
T cells,ETV5,0.36195012953497463,-0.08977474535147068,0.43415701506353377,0.6260184215308533,1.6806284994062675e-36,935,5.6665190904981314e-36,False,0.0
T cells,NRF1,0.2971362308605888,-0.16103017081383086,0.4340756345724294,0.6232847986638163,5.230380520300117e-35,935,1.7204975272466891e-34,False,0.0
T cells,RORB,0.46522881970871327,-0.045416309797336955,0.4323728054449727,0.5961361475410394,6.214253053836286e-22,935,1.5684883253787653e-21,False,0.0
T cells,ZIC5,0.3080474631093962,-0.1169632524033232,0.4321724092765543,0.6268840279351701,5.571216857827719e-37,935,1.8942137316614246e-36,False,0.0
T cells,GLI2,0.34992778280100045,-0.0694527338418984,0.42753924473298804,0.6189861692186334,1.0022731195381438e-32,935,3.163180219696825e-32,False,0.0
T cells,TGIF1,0.3852795772397734,-0.07345183212988111,0.42600420700602226,0.6210964846905821,7.77061036080699e-34,935,2.4972112406533028e-33,False,0.0
T cells,ETS2,0.3491362333526234,-0.0970177227588472,0.42455681451976357,0.6218139892285839,3.2246900738037892e-34,935,1.0462787520938357e-33,False,0.0
T cells,SCRT1,0.44950974358114626,-0.09598855033535666,0.4244603540535799,0.6266243051769633,7.765505081669179e-37,935,2.6358417416471054e-36,False,0.0
T cells,SCRT2,0.4109648468749614,-0.08533648973275408,0.4212758901874425,0.6283518426635467,8.421896159412336e-38,935,2.9148838204433113e-37,False,0.0
T cells,GATA1::TAL1,0.3740255894688858,-0.07247305963224318,0.4136114134087567,0.6167519817812924,1.431248542520713e-31,935,4.407025573088893e-31,False,0.0
T cells,LEF1,0.6091228220139638,-0.09287977491631559,0.4126666561086346,0.6288124830271586,4.6342493513667084e-38,935,1.6094568991956826e-37,False,0.0
T cells,MTF1,0.3506564239519417,-0.0843763717341797,0.4104002096334855,0.6173604517651414,6.972185690682474e-32,935,2.155039213483674e-31,False,0.0
T cells,EGR4,0.33241124163116653,-0.0905820528351964,0.40983565985694653,0.6174294661458599,6.424520031147441e-32,935,1.9872789026011118e-31,False,0.0
T cells,GLIS2,0.31407154193262904,-0.10757561342165968,0.40452985410109776,0.6183910392925958,2.0449614384038273e-32,935,6.394060262582601e-32,False,0.0
T cells,TGIF2LX,0.3574941807242674,-0.06448019483117214,0.40292003545963706,0.6133147389262207,7.764217734524153e-30,935,2.33214736109018e-29,False,0.0
T cells,FOXA1,0.3947852410361885,-0.06440746521397017,0.402638924473802,0.6181733785534068,2.6519836739029303e-32,935,8.26014314442745e-32,False,0.0
T cells,ASCL1(var.2),0.5147423414301766,-0.20931427108070352,0.3965909488248205,0.6234387538208035,4.3182188877969204e-35,935,1.4216040374309472e-34,False,0.0
T cells,ZIC1,0.28867046516502787,-0.10154475411611276,0.3940912236503757,0.6142707310283619,2.5872873242175623e-30,935,7.817897321720879e-30,False,0.0
T cells,TCFL5,0.2846632778232212,-0.15135630043846518,0.3889353406010249,0.6108235511914509,1.3037669913137248e-28,935,3.81972573993869e-28,False,0.0
T cells,GCM1,0.31784761214300483,-0.06506831906248797,0.3661310092169709,0.6030416693040506,5.881407919411289e-25,935,1.5906535054771441e-24,False,0.0
T cells,FOXN3,0.36549330709059646,-0.06171517766986719,0.35780939921875254,0.6042870589868771,1.5930648915875354e-25,935,4.360988194427041e-25,False,0.0
T cells,TCF4,0.481303544377346,-0.21558501738777913,0.3576016678049465,0.6057925797970269,3.217833598540146e-26,935,8.966497754609801e-26,False,0.0
T cells,TCF7L1,0.40210103972088573,-0.07497034698513316,0.35755992052548635,0.6076678107808086,4.2522494243077364e-27,935,1.2031189629894477e-26,False,0.0
T cells,MYOD1,0.403956714550015,-0.1253891526470415,0.34933172037241605,0.618228780630236,2.482315725493886e-32,935,7.743600173745769e-32,False,0.0
T cells,GLIS3,0.2831582768107819,-0.0737906145003658,0.3467092897792813,0.5967810984993116,3.3088124656575587e-22,935,8.419783167327348e-22,False,0.0
T cells,CTCFL,0.24134575403652944,-0.1051495634274264,0.3462696854450004,0.5992049053298295,2.985228068348318e-23,935,7.827759406699479e-23,False,0.0
T cells,FOXC2,0.29786510647667314,-0.04249818921535186,0.3441062512197457,0.5975812297219211,1.5052372389789713e-22,935,3.856991683919517e-22,False,0.0
T cells,TBX19,0.3043506528620379,-0.04694771374833986,0.3354636980674752,0.5877881299348855,1.4948307689486078e-18,935,3.4980250382684024e-18,False,0.0
T cells,ZFP57,0.2638554838508519,-0.11386736567571167,0.3354181585340372,0.5981786737396197,8.325101526037381e-23,935,2.153667568692279e-22,False,0.0
T cells,SNAI2,0.4514536894256113,-0.13999733712687104,0.33321722680619026,0.6067649066638353,1.1316622823213255e-26,935,3.1752465979695447e-26,False,0.0
T cells,ZIC4,0.22996174042976192,-0.09752506016176038,0.3308800893341001,0.5935058420605217,7.782636681204256e-21,935,1.917694763224873e-20,False,0.0
T cells,ZBTB14,0.1994296440299354,-0.11427125605971762,0.32978001716337996,0.5976575947467396,1.3957690815008334e-22,935,3.581028347338219e-22,False,0.0
T cells,MEIS3,0.28660632950706383,-0.04440670026853005,0.3261333656213076,0.5940108585348124,4.815863434951332e-21,935,1.1961315812039959e-20,False,0.0
T cells,FOXE1,0.2798459953184482,-0.043494985395020884,0.32076880755048365,0.5878953948895328,1.3584665858546073e-18,935,3.184447164755354e-18,False,0.0
T cells,ZIC3,0.21274475863134412,-0.09116294561824688,0.3195248670487751,0.5956663869338218,9.809042041823382e-22,935,2.4635247735082188e-21,False,0.0
T cells,TGIF2LY,0.2889331771864754,-0.045776672486151686,0.319123041666918,0.5912347652796409,6.530828437407936e-20,935,1.5784786056005084e-19,False,0.0
T cells,E2F8,0.2487519790186929,-0.06043968691237109,0.3039572743750554,0.5880300205749973,1.2045898606413892e-18,935,2.8270130952175526e-18,False,0.0
T cells,E2F1,0.2575984604070033,-0.06436141959049924,0.29734114021358266,0.5850030525591472,1.721526927779983e-17,935,3.9021277029679614e-17,False,0.0
T cells,HOXC10,0.2625011145915199,-0.04400259313873611,0.29620935441559804,0.5846445044747046,2.344899890705439e-17,935,5.282552871823055e-17,False,0.0
T cells,GLI3,0.23831412293366858,-0.04496857826651321,0.29401960736056026,0.5833426237307378,7.125162657669071e-17,935,1.5865937321369872e-16,False,0.0
T cells,SNAI3,0.36905389493468976,-0.14524494541275687,0.2935023370503866,0.5961060643494441,6.39900514499087e-22,935,1.6141131431816121e-21,False,0.0
T cells,E2F4,0.24919791418491816,-0.07364578998977174,0.2932993028183604,0.5865758181505099,4.371923857376198e-18,935,1.0073350755662927e-17,False,0.0
T cells,FIGLA,0.3366028230081115,-0.09493406357486278,0.2909113002263235,0.5952973573753845,1.4018096893557394e-21,935,3.507558443496179e-21,False,0.0
T cells,NHLH1,0.2685119795945341,-0.09528841571405322,0.2900403086994874,0.6043856120670351,1.4356840201430513e-25,935,3.9408260145853364e-25,False,0.0
T cells,PLAGL2,0.19779525662318345,-0.07652238699485231,0.28809861532723,0.5837715474262877,4.949671852952567e-17,935,1.1045985834002254e-16,False,0.0
T cells,EGR2,0.1964288523857916,-0.08822745717763626,0.27870111346156107,0.5806036920651839,6.990017483614908e-16,935,1.5164402540861084e-15,False,0.0
T cells,ONECUT1,0.23882838083046384,-0.03720456582928733,0.27472059203770627,0.5799779344553956,1.1655364204053718e-15,935,2.501729632339594e-15,False,0.0
T cells,SNAI1,0.34332164086587635,-0.149421939125173,0.27397853754660634,0.5941724365819777,4.128084471609599e-21,935,1.0259354896887247e-20,False,0.0
T cells,TFAP2C(var.3),0.1795925566657685,-0.06435860915744876,0.26938596678937854,0.5754503460587956,4.1983257807923106e-14,935,8.666543933206984e-14,False,0.0
T cells,BARHL2,0.2215055245896465,-0.0528790616962158,0.2533052724606951,0.5711272144666121,1.0650272627153517e-12,935,2.10302601510313e-12,False,0.0
T cells,GRHL1,0.2257741556894379,-0.04292045542378901,0.2518239348883066,0.5708842348421892,1.2703221488016124e-12,935,2.5035184676333776e-12,False,0.0
T cells,THAP1,0.19569981778352627,-0.03954650291462338,0.24041880497171575,0.570722520671985,1.427984807463461e-12,935,2.8101296356990094e-12,False,0.0
T cells,FOXH1,0.22379156935709135,-0.02052064498642174,0.23889280303353053,0.5680820059635503,9.301322540821146e-12,935,1.7929085755198834e-11,False,0.0
T cells,CUX1,0.2259586262221612,-0.022020552584401734,0.238391614741097,0.5656694973452604,4.853571554410953e-11,935,9.099884387927116e-11,False,0.0
T cells,CUX2,0.2201861378581609,-0.016246360899926197,0.2301755273157637,0.5669242795177705,2.0699993756966614e-11,935,3.937572860399009e-11,False,0.0
T cells,FOXB1,0.20141891718843583,-0.025737470985222877,0.2292327995738923,0.5679774634696809,1.0003505678561864e-11,935,1.92459267596107e-11,False,0.0
T cells,HOXC9,0.2030472616081811,-0.034478056946029796,0.22842188024373403,0.5670138484773617,1.9466838319595772e-11,935,3.706486016051035e-11,False,0.0
T cells,ZNF317,0.19479200898208984,-0.02799420777858829,0.22512355611501833,0.5602188586219312,1.6436888049687933e-09,935,2.943941967642203e-09,False,0.0
T cells,NFIX,0.19222816050997124,-0.02982078793520306,0.22020028736330027,0.56008627478205,1.7842473514534627e-09,935,3.1914521591426656e-09,False,0.0
T cells,ZBTB7B,0.1519237874206097,-0.08049712670495701,0.21847395226862146,0.561635899456801,6.765246771868852e-10,935,1.2247064178515156e-09,False,0.0
T cells,NHLH2,0.17583943786893166,-0.09407169914431143,0.2164261608009111,0.5738303457729372,1.4410388401711406e-13,935,2.9137646913205576e-13,False,0.0
T cells,MSC,0.1986948690122088,-0.05407713910869606,0.21565808185099328,0.573243655475311,2.23806760349224e-13,935,4.5006071191499025e-13,False,0.0
T cells,SREBF1,0.1989698747200392,-0.021655942423228956,0.2144626764425575,0.5583466223450052,5.153645811852863e-09,935,9.042346467804285e-09,False,0.0
T cells,ELF2,0.15964431960956219,-0.0472890155000093,0.20715436249414781,0.5629051106714337,3.004105513707381e-10,935,5.49485122443945e-10,False,0.0
T cells,NKX2-8,0.1892088846478964,-0.016463493820264043,0.19875182803867875,0.5563099494370972,1.7183163688841714e-08,935,2.9622104936111454e-08,False,0.0
T cells,E2F2,0.16431107597815084,-0.044823853906635736,0.19524912768093705,0.5584289767835351,4.9045248222295805e-09,935,8.620203054188047e-09,False,0.0
T cells,GCM2,0.1573566444841028,-0.042160246786511514,0.19395105935359366,0.5587102069818868,4.139042226980451e-09,935,7.290624662761387e-09,False,0.0
T cells,BARX2,0.16531181881761908,-0.02888502279721462,0.19288572554166356,0.5531874230479445,1.0064669845066453e-07,935,1.6875944547508856e-07,False,0.0
T cells,OVOL2,0.14751676062375169,-0.050027867636133046,0.1926896497736412,0.5594888307643513,2.576958473059261e-09,935,4.570966234983678e-09,False,0.0
T cells,GRHL2,0.16589375514517407,-0.03510116172638044,0.19153066241238342,0.55158906632527,2.3978181646739015e-07,935,3.94372857490675e-07,False,0.0
T cells,CDX2,0.16283001062020305,-0.020110382400256286,0.19127549224716936,0.5563309123850866,1.6974997772371473e-08,935,2.928820511173347e-08,False,0.0
T cells,OVOL1,0.1400297357108842,-0.05582513181265714,0.1894441989488893,0.5601181275731508,1.7494461840150304e-09,935,3.130587908237423e-09,False,0.0
T cells,HES6,0.1560526238811404,-0.03678622016974926,0.186084952086593,0.5506677855980464,3.910458540392552e-07,935,6.356655385467362e-07,False,0.0
T cells,LMX1B,0.1607955674502699,-0.021857506663421292,0.18551212287359062,0.5492904926905331,8.000309328785753e-07,935,1.2834754775680872e-06,False,0.0
T cells,RFX7,0.15026709244149208,-0.036685374400340275,0.1816222676220132,0.5521501654915846,1.772940518416333e-07,935,2.93507256035699e-07,False,0.0
T cells,SOX15,0.14599548974894483,-0.03186602140335212,0.17849354784193786,0.5544115775367039,5.090365431752035e-08,935,8.63910173526373e-08,False,0.0
T cells,HOXC13,0.15859367860722584,-0.022534642796889607,0.17715092600307739,0.5477464490603767,1.746357939146072e-06,935,2.755758276827226e-06,False,0.0
T cells,ZBTB7C,0.11388165271770621,-0.0662212422224297,0.17710408605758501,0.5503395929512768,4.645491803473418e-07,935,7.530312434636799e-07,False,0.0
T cells,ZKSCAN1,0.1585796363343042,-0.019578049402235356,0.17685813255996,0.5518969766392446,2.032477972678913e-07,935,3.3496561618977113e-07,False,0.0
T cells,HOXD10,0.14976838719173413,-0.02941640881038674,0.17415603486113493,0.5514114257595155,2.636645932191776e-07,935,4.3242275807247373e-07,False,0.0
T cells,LHX5,0.15669764436007866,-0.02033741794326694,0.1731650566602117,0.5473408024044774,2.1356956220700307e-06,935,3.3505329534297574e-06,False,0.0
T cells,HOXC11,0.140223337983619,-0.036017424334963286,0.1723583590545735,0.5507789981208214,3.6878763431474003e-07,935,6.002070669498947e-07,False,0.0
T cells,IRF5,0.1455908294643447,-0.04706528681948102,0.16509557273358147,0.5550318902249365,3.583538967431211e-08,935,6.115140726371437e-08,False,0.0
T cells,BARHL1,0.12801268403132718,-0.04423774651316684,0.1629705805359161,0.5483809185446541,1.2706784906653896e-06,935,2.0201041938043876e-06,False,0.0
T cells,ASCL1,0.12233904567140479,-0.0767558888271539,0.16099956521671493,0.569170309659495,4.332444128223164e-12,935,8.423387286300298e-12,False,0.0
T cells,KLF15,0.04936259073469005,-0.042527589713273535,0.16097358872269388,0.5397338386220537,6.936026623594189e-05,935,0.00010156772971068436,False,0.0
T cells,TLX2,0.14219448254196998,-0.013675875115017047,0.1557596933794692,0.5441626016924177,9.783059252787228e-06,935,1.492543655232923e-05,False,0.0
T cells,RORA,0.14890203794485257,-0.023041527427065698,0.1555934832883955,0.5369317458664538,0.00021738944277384587,935,0.00030861673174139664,False,0.0
T cells,HOXC12,0.12492911990138461,-0.028848990575025265,0.15149164003589305,0.5427474665800924,1.8670975963962233e-05,935,2.810370861242232e-05,False,0.0
T cells,HOXD11,0.12724846602211234,-0.025682032424998436,0.15021627934543208,0.5470038978832187,2.5212048873867728e-06,935,3.944622959925322e-06,False,0.0
T cells,HINFP,0.07780906964535046,-0.06710798001764401,0.14962842204140178,0.5424765817326965,2.1083562591052074e-05,935,3.167623254489294e-05,False,0.0
T cells,YY2,0.08518204267384342,-0.06388384471357708,0.14953977522865736,0.5437557299291684,1.1804142312175444e-05,935,1.7887475578674847e-05,False,0.0
T cells,HOXB9,0.12604848932428594,-0.025008376903026455,0.1476296195261156,0.5439348678483508,1.086952252507072e-05,935,1.6508291342506054e-05,False,0.0
T cells,EN1,0.13383398978096528,-0.01597470425661788,0.147449054216317,0.5401894424332265,5.719642833550551e-05,935,8.396834145335824e-05,False,0.0
T cells,HOXC8,0.1271819423631316,-0.02406421687502762,0.14673691091965366,0.5436955635459779,1.2134906157161455e-05,935,1.8380666013958783e-05,False,0.0
T cells,KLF16,0.08458924098101137,-0.01755347048417847,0.14622662338927372,0.5413790216701072,3.4249479914696155e-05,935,5.092737807234863e-05,False,0.0
T cells,MYBL2,0.10314892885539957,-0.048535872970555456,0.14573733105250844,0.544288787749471,9.226551282303398e-06,935,1.409766861336841e-05,False,0.0
T cells,PBX1,0.13001384467803934,-0.021493261732108224,0.14532035270714544,0.5438197077574478,1.1461871990461812e-05,935,1.7381834360348012e-05,False,0.0
T cells,NFATC4,0.12791017662915202,-0.028223064841379746,0.1399592303106846,0.5406511717811495,4.69484981235593e-05,935,6.930084764973402e-05,False,0.0
T cells,LHX6,0.13921009892240854,-0.003815156466082125,0.13960225120717323,0.5422398637680627,2.3432233579211212e-05,935,3.513966533042571e-05,False,0.0
T cells,TFAP2A(var.3),0.0887955631632537,-0.03418862296855744,0.13852347546054353,0.540178824836193,5.7455323583199757e-05,935,8.431782343765912e-05,False,0.0
T cells,FERD3L,0.10809616442099138,-0.032320838289392466,0.13839794099904518,0.5450532547358907,6.449442640124808e-06,935,9.952114768094956e-06,False,0.0
T cells,E2F7,0.10859050928544858,-0.035341168628638855,0.13823300554585283,0.5388791220608483,9.905771374918958e-05,935,0.0001440127595505645,False,0.0
T cells,MYOG,0.11287441948561966,-0.056898774962329965,0.13760281220020998,0.5595323901367969,2.509103036846397e-09,935,4.452557406614264e-09,False,0.0
T cells,ONECUT3,0.12881244715518717,-0.007387938591870365,0.13716158460104183,0.540467133432567,5.08048774499429e-05,935,7.482946274571131e-05,False,0.0
T cells,FOXC1,0.10992860719692131,-0.021209827087982996,0.13496638167590413,0.5386694925809541,0.00010799087065718947,935,0.00015660611565555146,False,0.0
T cells,TFAP2B(var.3),0.07335577217545051,-0.04301629931256654,0.13091791125065078,0.5333683169543286,0.0008344667535811543,935,0.0011483851989759694,False,0.0
T cells,POU4F1,0.09755293029985075,-0.020058653085610136,0.12073090621476504,0.5365435229595327,0.0002531725178227094,935,0.00035803425624281095,False,0.0
T cells,SOX10,0.08653436685636863,-0.04872542960287383,0.11873951949320312,0.5379363338934796,0.00014558101589240915,935,0.0002090208624204001,False,0.0
T cells,MEOX1,0.09550811389968991,-0.02210054747954158,0.11646814088419093,0.5353562578143132,0.0003998989242634222,935,0.0005588915535646999,False,0.0
T cells,ALX3,0.10197106833296474,-0.012150418419933442,0.11424354859662017,0.5305181727659998,0.0022451939486757056,935,0.0030083753388923753,False,0.0
T cells,HOXA13,0.10447792830185969,-0.004689313207730435,0.11185665926658804,0.5353584357829355,0.0003995685953607698,935,0.000558622853085582,False,0.0
T cells,REST,0.08676118513132079,-0.014651260163393659,0.109297278221923,0.5288793875007742,0.0038324492945725945,935,0.005039353216067832,False,0.0
T cells,HOXA10,0.0916941866919034,-0.010728190450365774,0.10704522351923007,0.5310344874525186,0.0018872834780610712,935,0.002546165039091395,False,0.0
T cells,PDX1,0.09277571483416489,-0.014221418009788468,0.10640850552750733,0.5266168864713437,0.007696697613586194,935,0.009952329352690872,False,0.0
T cells,LBX2,0.10118204906193769,-0.005124803333254303,0.10514762798132916,0.5263868385356155,0.008240370549195611,935,0.01061124737175221,False,0.0
T cells,NFIA,0.09262981541877545,-0.011429360360747348,0.10488551842558214,0.5323920425193924,0.0011813339040061817,935,0.0016109460652541324,False,0.0
T cells,MSANTD3,0.08873534119794345,-0.011173155463243654,0.10375741741263363,0.5311738774443444,0.001800077872573516,935,0.0024333829176185918,False,0.0
T cells,MYF6,0.0734862975369535,-0.03708799653306958,0.10086237195088706,0.536010601262269,0.000311350142691344,935,0.000438164409505801,False,0.0
T cells,OTX1,0.06892225616477919,-0.032405110880757655,0.09909067729833479,0.5294496069106944,0.003190843010184912,935,0.004223143872819154,False,0.0
T cells,HOXD12,0.0778376902513743,-0.022528866911471643,0.09903856329542979,0.5288177237641559,0.0039084329155219,935,0.005130927831343806,False,0.0
T cells,NKX6-1,0.07671192813835047,-0.017839303719339325,0.09605356016102969,0.5258032790678839,0.009776711441704394,935,0.012509985608202396,False,0.0
T cells,KLF4,0.044980299448002414,-0.010426486289407174,0.09234862385722242,0.5279171337388439,0.005185403896256459,935,0.006767788440081816,False,0.0
T cells,DRGX,0.07519361115253487,-0.016764368073857724,0.08978070402891279,0.5219823053661744,0.027733111448277826,935,0.034251577814326035,False,0.0
T cells,KLF11,0.06617838580044362,-0.0015588744913628105,0.08825826672151188,0.5241680330016696,0.015525030021444888,935,0.019635595957100974,False,0.0
T cells,GLIS1,0.05434665594299309,-0.030709940026079362,0.08503142197338652,0.5248030469781025,0.013010679813147701,935,0.016527852597800815,False,0.0
T cells,ONECUT2,0.06971154046177189,-0.01604232485455559,0.08424438831528995,0.5265477359675864,0.007856640469534755,935,0.01013646917721225,False,0.0
T cells,E2F3,0.05557740707552718,-0.03185778025552191,0.08333089956470255,0.5235531652349926,0.01835744188305807,935,0.02307369054329076,False,0.0
T cells,ZBED1,0.059982378162454934,-0.02191841023753796,0.07920497118841797,0.5184783622220452,0.0642850553304486,935,0.07643177604084486,False,0.0
T cells,BHLHE22(var.2),0.05212806454713534,-0.03507002378192465,0.07827968623394795,0.5381552197400186,0.00013323248838516377,935,0.00019204084360754277,False,0.0
T cells,CLOCK,0.07877130496900447,-0.000755523184324123,0.07761313473170722,0.5195418915249116,0.05038428216662119,935,0.06067107310897302,False,0.0
T cells,HOXA2,0.06415391566618121,-0.013888046085988637,0.07636376018408887,0.5196793757941929,0.04878647384382544,935,0.058834597070675926,False,0.0
T cells,TFDP1,0.03552324763752794,-0.030503710272041868,0.0763235929197214,0.5192925141176606,0.0533944117125335,935,0.06412401002935902,False,0.0
T cells,GATA1,0.0572724255962708,-0.014448192253510555,0.0729402625602972,0.5197694892459396,0.04776244840355248,935,0.057651213078989655,False,0.0
T cells,LMX1A,0.06647558982808406,-0.005376660026829295,0.07137996398960311,0.519299728638722,0.053305264242233925,935,0.06403595579693541,False,0.0
T cells,GABPA,0.08505002419302957,0.0002091370619436626,0.07108319318192861,0.5221837674637351,0.02633652646886329,935,0.032596386079235505,False,0.0
T cells,HIF1A,0.0461519802387239,-0.025525201262936805,0.06925153469852954,0.5220628902051987,0.0271669939720711,935,0.033572894810934534,False,0.0
T cells,CENPB,0.029760190284731286,-0.03797356414941346,0.06713784427239865,0.5215012465467287,0.03132861356488099,935,0.038562692571800575,False,0.0
T cells,IRF7,0.049332685199542634,-0.034321049967238886,0.06555002406007476,0.5257685676929663,0.00987566502164458,935,0.012632220056999155,False,0.0
T cells,PAX4,0.05759925209591036,-0.003989538182666456,0.06114369155305831,0.5199648258067502,0.045604609282085276,935,0.05512884647604333,False,0.0
T cells,NKX2-5,0.04725462605187267,-0.012103006276388814,0.059692964576993406,0.5159336781329908,0.1106221053980998,935,0.12850331278803095,False,0.0
T cells,CDX4,0.060349046169720054,0.0013591784600941014,0.05951086829150866,0.5179269277914922,0.07265631040867003,935,0.08590515251708912,False,0.0
T cells,ETV4,0.06335769655796866,-0.0010447911927412383,0.05926734338706641,0.5156540814111059,0.11701943173774534,935,0.13549557555772263,False,0.0
T cells,MIXL1,0.05073840642656208,-0.005326369411743912,0.055164847741482816,0.5173463630306161,0.08241316885979008,935,0.09695948857421072,False,0.0
T cells,HOXA1,0.04331063335178166,-0.01212643485562669,0.05400572634472965,0.5153094178766303,0.12530119962499017,935,0.14468283495511136,False,0.0
T cells,EMX1,0.046218771606606854,-0.007967478730368637,0.052848837932244874,0.5125039220450581,0.21057424120131396,935,0.23672780769672583,False,0.0
T cells,MEOX2,0.04843695141468615,-0.0026019200941847535,0.05131971313432637,0.5148743686443302,0.13639879083824974,935,0.15687024096974372,False,0.0
T cells,VAX1,0.03372091170100093,-0.018375557650680673,0.05010208514837743,0.5145491707044163,0.14517850232027982,935,0.16654159920267994,False,0.0
T cells,SP8,0.040371301815421444,0.0023163596395751745,0.0495237126694633,0.5158769148257727,0.11189802952984779,935,0.12991088306392085,False,0.0
T cells,ZNF274,0.04268894330682412,-0.006909275995083565,0.04947746060408574,0.5205830966493995,0.039308675238968464,935,0.047904487956887475,False,0.0
T cells,SOX12,0.038510265921810186,-0.010919046589460371,0.04874253254627755,0.5146666448869804,0.14195828789892564,935,0.16298616141857353,False,0.0
T cells,ESX1,0.04186346258666544,-0.0052200720055009244,0.04672369445070728,0.5146335669885296,0.14285942279346533,935,0.1639277437953377,False,0.0
T cells,NKX2-2,0.039406134046730906,-0.005761694112828491,0.04598114280081705,0.5087503292476003,0.38094978846449523,935,0.41433409788369563,False,0.0
T cells,PRRX2,0.034502068337444056,-0.011376599038775232,0.04586644081227053,0.5139931080905409,0.1611849318436076,935,0.18380897244623348,False,0.0
T cells,POU6F2,0.04842335997684902,0.003013766478698336,0.04569660124408709,0.5107110454998064,0.2835087373406817,935,0.3143536177803229,False,0.0
T cells,HMBOX1,0.02714809754162771,-0.017840534607023097,0.045079155650844735,0.5096997874438748,0.331441162051469,935,0.36302407733087266,False,0.0
T cells,ZNF75D,0.04832037458396733,0.005260378884205764,0.043999836732776174,0.5121241387665483,0.224762623464405,935,0.25211798573245986,False,0.0
T cells,VENTX,0.022141256440708544,-0.018836911138962718,0.040596195462908706,0.5088088621543241,0.377772258638834,935,0.41120972785922044,False,0.0
T cells,FOXD2,0.03356847299517058,-0.0020426154482129665,0.03720547571440614,0.5117225758018158,0.24049388649202508,935,0.26872086847465715,False,0.0
T cells,POU4F3,0.0202541715370267,-0.005713111916377318,0.02689363506522331,0.5080213903743316,0.42188208558389506,935,0.4560339081678973,False,0.0
T cells,RAX2,0.03296342410021427,0.006929544959111543,0.025659488438388,0.5051154357400567,0.6085163669601789,935,0.6389974619052384,False,0.0
T cells,EVX2,0.019841611065058395,-0.005902919812357636,0.025279590960503497,0.5077669764146416,0.4367539698416403,935,0.4709772286725151,False,0.0
T cells,MEIS2(var.2),0.019160955027584352,-0.007154352692249764,0.02517199215663528,0.5080077780704423,0.422670203419685,935,0.4567611062176394,False,0.0
T cells,SREBF2,0.03347571445784011,0.007358240952664927,0.02496096490965598,0.5081867798665858,0.41237548824512227,935,0.4467125101579022,False,0.0
T cells,EMX2,0.02575558822749333,0.0009016856615012834,0.02436432318839057,0.5080058723478978,0.4227806086962579,935,0.4567611062176394,False,0.0
T cells,GSX2,0.01828463224439015,-0.0010611377942446282,0.018460523323396903,0.5044492495877173,0.6559668455466365,935,0.6840314064643535,False,0.0
T cells,GBX2,0.017132349399942307,-0.00025250606196892717,0.017033869085454185,0.5074813902790454,0.45380230800042365,935,0.48754225655064104,False,0.0
T cells,ARNT::HIF1A,-0.0003493476272521182,-0.01787761381451031,0.01678740538684562,0.5102263113583105,0.3058659759800396,935,0.3375705779637862,False,0.0
T cells,NR3C2,-0.0028105917505074113,-0.018420076786630848,0.015017234231069342,0.5018957175011349,0.8494596613547659,935,0.8657213576426657,False,0.0
T cells,ZNF410,0.010264440544316243,-0.004583425361178139,0.01476488715688949,0.5061038251254544,0.5410949785559513,935,0.5737081455024579,False,0.0
T cells,MNX1,0.011310714335782143,-0.002536421805577069,0.014132908191533494,0.5041071723909808,0.6808988841484951,935,0.7087514497722694,False,0.0
T cells,PROP1,0.018033864681519903,0.006037813102301914,0.012533765546947972,0.502929163612406,0.7693043407996139,935,0.7928184826477935,False,0.0
T cells,KLF5,0.006708886870125753,0.0005049596148107927,0.01071684337231704,0.5035941246573953,0.7189471187462383,935,0.7452882506910787,False,0.0
T cells,NKX6-2,0.010443915378694815,-0.00024368858465383271,0.010606426411508791,0.5030763126174487,0.7580680799122204,935,0.7828339589905166,False,0.0
T cells,ZNF136,0.016347308167320947,0.007362300528851396,0.009110364373776113,0.5033344018991887,0.7384846484995302,935,0.7637803905493608,False,0.0
T cells,TFCP2,0.0021932902883238167,-0.006371093469556629,0.008324926312046284,0.500105563416661,0.9915720569520294,935,0.9923078264723995,False,0.0
T cells,VSX1,-0.003379925216437402,-0.011018143074690614,0.007364042394613462,0.5018811523359734,0.8506026674008178,935,0.8664497463000274,False,0.0
T cells,GBX1,0.015793534926033012,0.008932446750383011,0.00662379226871052,0.5020831589256898,0.8347791921393599,935,0.8529082352009723,False,0.0
T cells,IRF4,-0.010831188458580944,-0.019233690943415677,0.005336180213362786,0.5144526594698416,0.14786569908492406,935,0.16938409357236772,False,0.0
T cells,HESX1,-0.00012313367772495386,-0.00217919664114111,0.002038983105190631,0.4984134179201897,0.8737833188295357,935,0.8871586720161359,False,0.0
T cells,IRF9,-0.01724844425915902,-0.018853471884584975,0.001029039226519267,0.5148400656385294,0.13730510676924865,935,0.15782285851942612,False,0.0
T cells,CDX1,0.009330135357148907,0.009098771167266925,0.0002314308419159651,0.49879347344477726,0.90384907127441,935,0.9135581669688392,False,0.0
T cells,POU4F2,-0.01952948418064648,-0.014875969414692785,-0.004698566790357296,0.5009875045856449,0.9212413221279817,935,0.9294150661063729,False,0.0
T cells,BHLHA15(var.2),-0.029109925630269966,-0.022343112787613854,-0.0058262260935376935,0.5092556179679689,0.3540608935524626,935,0.3865435443370922,False,0.0
T cells,OSR1,-0.027950326927685426,-0.020219277764637705,-0.007623270396091409,0.4989603602904593,0.9170976058188426,935,0.9257926429997597,False,0.0
T cells,HOXA7,-0.008870541551016313,-0.0008039120246595176,-0.007963281557799882,0.4961849476504823,0.7024707208345338,935,0.7294505256177902,False,0.0
T cells,SP2,0.003227798121307582,0.009379428692469828,-0.008169967130039639,0.4941339818234906,0.5569707913267621,935,0.5894595400753542,False,0.0
T cells,PHOX2A,-0.0019998368209113277,0.006484109559030571,-0.008633299114056348,0.4957432283892765,0.6699505133468827,935,0.6978938663752542,False,0.0
T cells,HOXB7,-0.009850115308196261,-0.0006288207402509486,-0.009012396598329923,0.49698412601181957,0.7626771270514926,935,0.7871917489924334,False,0.0
T cells,SP9,-0.014766787509634668,-0.006778767853736371,-0.011906472334769613,0.4933526355802483,0.5056785680244322,935,0.5379037853875835,False,0.0
T cells,PBX2,-0.0171057301914755,-0.002250092740773414,-0.014398945050838377,0.49717020620598545,0.7769198564360175,935,0.799444999781314,False,0.0
T cells,HOXB4,-0.021957121333689298,-0.0028233687825817934,-0.01745353376200735,0.4913151459341069,0.3845235704835709,935,0.417996336963065,False,0.0
T cells,SOX21,-0.02566217731069003,-0.007827400649493258,-0.018203779255442296,0.49455446589062924,0.5855853440173814,935,0.6165179031731265,False,0.0
T cells,EN2,-0.014234618572403535,0.0047148738567273,-0.018493134997276447,0.4967420992486689,0.7442724228350822,935,0.7693730768499598,False,0.0
T cells,NFATC3,-0.03083933549355359,-0.0098498535525908,-0.01918297376529731,0.495073366914887,0.6218091567089743,935,0.6514344505552848,False,0.0
T cells,NFIC,-0.01994103653098311,-0.0002711679961575026,-0.020122188441894215,0.4988016408271108,0.9044968577001329,935,0.9139845869767077,False,0.0
T cells,HOXD9,-0.015095803460292503,0.005853626827561724,-0.021546846904937404,0.4939847909728646,0.5469844153316359,935,0.5793452734114657,False,0.0
T cells,PAX3(var.2),-0.0300353064346673,-0.005485384812999748,-0.024247634596648256,0.4930432279128459,0.48607692717650475,935,0.5190465155334226,False,0.0
T cells,SMAD3,-0.0324305242516161,-0.007582533175204271,-0.024342928533953537,0.4939231272362463,0.5428828787251458,935,0.575302285836024,False,0.0
T cells,ZSCAN29,-0.01686919535789155,0.007907896850582886,-0.024565447109301496,0.4962835007306404,0.709803917864686,935,0.7365649273353474,False,0.0
T cells,MYF5,-0.03941585916060219,-0.008992627673331062,-0.026012526446371576,0.5038324760984959,0.7011770966950709,935,0.7283600855528258,False,0.0
T cells,ZBTB12,-0.02521579240596367,0.0008979775752971125,-0.026746867298421993,0.49534506850051624,0.6411561294687456,935,0.669622534803961,False,0.0
T cells,SHOX,-0.020607269847691862,0.010721434594473925,-0.03092191915524806,0.4946587361384208,0.5927852942397376,935,0.6236113625829377,False,0.0
T cells,PROX1,-0.01592579453606149,0.01611051221695913,-0.03226623385820556,0.4914413319911602,0.3914686880278817,935,0.4252033051706871,False,0.0
T cells,SOX18,-0.031858322281210286,0.005813991474425448,-0.03755896454466723,0.48796978613028746,0.2283745752278289,935,0.2559566568896941,False,0.0
T cells,HOXD13,-0.034099088902183994,0.0068158673858602385,-0.04161996008651318,0.48663509973394753,0.18083250087720637,935,0.20528852372311363,False,0.0
T cells,HOXA6,-0.0504034206480826,-0.0059504313054420934,-0.044050745305639585,0.4893322416265614,0.2854590410389213,935,0.31634272255367724,False,0.0
T cells,HOXA5,-0.0335883728988015,0.011834091636962609,-0.04454382329929603,0.48622128569571466,0.16770041068512898,935,0.19096984566057748,False,0.0
T cells,SIX2,-0.04499943647544337,0.0008303239795504387,-0.04723989738589578,0.4839006601286771,0.10696398826099283,935,0.12450411291829028,False,0.0
T cells,HOXB3,-0.04655927218078821,0.005113093010102441,-0.051013002474546564,0.48586981600929446,0.1571205113371071,935,0.17942692319219175,False,0.0
T cells,HOXA9,-0.06269173097606111,-0.009414214354132137,-0.05251889043815314,0.4834119784190534,0.09672923563463129,935,0.11313370043260483,False,0.0
T cells,E2F6,-0.04047420518873176,-0.0037746751413629295,-0.05307082305577563,0.4851489083953204,0.13701328582901343,935,0.15753218370678837,False,0.0
T cells,DPRX,-0.053930703247141096,-0.0004706002746859844,-0.05310663153843275,0.48196349316219944,0.07092528067347288,935,0.08395660784226779,False,0.0
T cells,SRF,-0.058523041269582333,0.0023055611612653507,-0.05731814148520095,0.4834217792778537,0.0969265137896063,935,0.11327691357387265,False,0.0
T cells,NKX6-3,-0.054520639165437826,0.006841305130930067,-0.06151041745458735,0.48231047078833617,0.07652523325755885,935,0.09037393279628812,False,0.0
T cells,TFAP2A(var.2),-0.053570866270991266,-0.0011129237825977477,-0.062207762915522574,0.4862859441391885,0.1697037092216629,935,0.1930880786026007,False,0.0
T cells,BARX1,-0.051288906421313715,0.014424488091175663,-0.0626057695897945,0.4810624947677707,0.05793745201517621,935,0.06933908262077833,False,0.0
T cells,MAZ,-0.056663479554321286,-0.010224513946698679,-0.06303331179607118,0.48127988326088184,0.060874738956881724,935,0.07265462944529305,False,0.0
T cells,MYBL1,-0.066534354330192,4.422853577527812e-05,-0.06462076454972554,0.48059123680712523,0.051973029350562736,935,0.062491196657467114,False,0.0
T cells,SP3,-0.038937625912410956,0.00674475669182288,-0.06508056096199939,0.4810838660848768,0.0582208936088217,935,0.06965160719730709,False,0.0
T cells,NR3C1,-0.07304984381683363,-0.006735007556871816,-0.06522895818474556,0.48130288805445465,0.06119266712431946,935,0.07300741431999253,False,0.0
T cells,KLF10,-0.015257768181907402,0.037691525986497554,-0.06596227850507727,0.4802656304980946,0.048159370907782606,935,0.05809565136937639,False,0.0
T cells,MAF,-0.05086107508073222,0.022235885905198226,-0.06813755495524693,0.48171466024710413,0.0671198372883976,935,0.0797319030149315,False,0.0
T cells,ZFP42,-0.08873318227195558,-0.020654648336493,-0.06919789130472,0.47710458128893546,0.0218785651538814,935,0.0273211958680877,False,0.0
T cells,PHOX2B,-0.06486878743970437,-0.0001625394600303676,-0.06944816980696589,0.48368449674291597,0.10233559189512209,935,0.11932271031921152,False,0.0
T cells,ZNF652,-0.0626289088710704,0.006478751409327806,-0.07031588622239425,0.4814610630256476,0.06341608392039426,935,0.07542243801439077,False,0.0
T cells,ARGFX,-0.05513448630337367,0.015097541043365666,-0.07085499488528928,0.4803462153371189,0.049080623153110355,935,0.05917169287171767,False,0.0
T cells,HES1,-0.0863270578596525,-0.01677234603065849,-0.07419087031219494,0.4767657710451323,0.01999754375547778,935,0.02507284227910229,False,0.0
T cells,IRF8,-0.12532188674853267,-0.0009774653220057119,-0.07827095202171662,0.48744421507712393,0.20868812980345353,935,0.2347378852334648,False,0.0
T cells,ATOH1(var.2),-0.09489688206787975,-0.0054909520298339785,-0.07997112168781846,0.486392936847758,0.1730579681948211,935,0.19673454971717044,False,0.0
T cells,NOTO,-0.0703994743170678,0.013106779000010057,-0.08208370393141336,0.47766268574839427,0.02531331065269784,935,0.031406824563267544,False,0.0
T cells,DUX4,-0.0660223018275157,0.015975736220419236,-0.08232434567639833,0.4804572917368551,0.05037466229339278,935,0.06067107310897302,False,0.0
T cells,ZNF354C,-0.055246897362565835,0.021842349004147398,-0.08347832146386698,0.47634528697799366,0.017860561186519658,935,0.02248407920368965,False,0.0
T cells,PAX3,-0.07441843032517084,0.00984332042254861,-0.08364841359187045,0.4743671469768094,0.010271173153391823,935,0.013101250497674438,False,0.0
T cells,LBX1,-0.07586414551613312,0.008342962515893754,-0.0836850988696382,0.47688133950515194,0.020622659108124795,935,0.02582459880887432,False,0.0
T cells,ZBTB33,-0.12233560717147456,-0.04069698531759557,-0.08409215024534926,0.47490905279464,0.01199457973886482,935,0.015251436085307058,False,0.0
T cells,ZNF263,-0.05409479950327322,0.01799167207538577,-0.08744735103177723,0.4747683015724253,0.011523920268971442,935,0.014671422721289634,False,0.0
T cells,GSX1,-0.0724499675896856,0.01698315350379507,-0.08817178601564064,0.475960331024006,0.01608235588790252,935,0.02030874279727016,False,0.0
T cells,HOXC4,-0.09778981971387114,0.00030451229587401436,-0.08825372548992563,0.4736157478021234,0.008246673430346178,935,0.010615984950423365,False,0.0
T cells,SIX1,-0.09383517668599632,-0.005405754258809906,-0.08852072188273677,0.473819932360462,0.008758091076585355,935,0.011245711360160058,False,0.0
T cells,MSX1,-0.07217669998752445,0.019907057134954775,-0.09072859236372778,0.4730053720957299,0.006873415297306863,935,0.008913409709263964,False,0.0
T cells,MNT,-0.06892119801284398,0.02434703604865747,-0.09300252959143368,0.4746568168035724,0.011162833346268003,935,0.014216186250865704,False,0.0
T cells,PRRX1,-0.07566749006351126,0.021308084626207043,-0.0960251917862975,0.4754231895125366,0.013861827601206642,935,0.01758700359814427,False,0.0
T cells,ZBTB18,-0.10096704222981347,0.0032154273960812,-0.09749550496268834,0.47814810050508455,0.028670779440312846,935,0.03539883235139023,False,0.0
T cells,POU6F1(var.2),-0.08715474212395455,0.015145013923931765,-0.09855122677211185,0.47036431289513964,0.0030036881344355833,935,0.003983258666642534,False,0.0
T cells,NFATC2,-0.09871380596119785,0.000752340187289906,-0.10025209713569652,0.47319363025851807,0.007273277527625565,935,0.009410834946201803,False,0.0
T cells,ISL2,-0.08144891296109374,0.020747799662787555,-0.10146416692460494,0.4718417923592777,0.004811008420832465,935,0.006287254544795915,False,0.0
T cells,HOXB2,-0.09749828134743078,0.007936716380438864,-0.10299146704910603,0.4718204210421716,0.004779028099836655,935,0.006249498284401779,False,0.0
T cells,POU6F1,-0.08909946513000586,0.018682102494354126,-0.10494728839955865,0.47078520533139495,0.0034421605448557795,935,0.004546843475183312,False,0.0
T cells,STAT1,-0.09021105118801113,0.025533452691711454,-0.10516424114873905,0.4679598355361444,0.0013360753106142925,935,0.0018176734050926117,False,0.0
T cells,TFAP2E,-0.09336292803730706,-0.001239426210512659,-0.10565325637494649,0.4695595534892078,0.0023041645325561242,935,0.0030818676689990344,False,0.0
T cells,ZBTB32,-0.0973740832614741,0.006041733549182681,-0.10680213410671853,0.4716429165994559,0.0045207528851008765,935,0.0059194065285172,False,0.0
T cells,NFIX(var.2),-0.075175998922028,0.0387015745481197,-0.10754136979499196,0.4705211266359437,0.0031607201804324044,935,0.004186014353528481,False,0.0
T cells,INSM1,-0.0743263886237434,0.02169068365755718,-0.10787721223239184,0.4686145873532168,0.0016747907627239864,935,0.0022682749642552965,False,0.0
T cells,LHX2,-0.09669313822134845,0.012313261999026959,-0.1081718439241853,0.4710720165743412,0.003773516547178319,935,0.004967261140479409,False,0.0
T cells,IRF6,-0.11525803344389395,-0.0008581243318105807,-0.10850122223182755,0.47363167419767377,0.008285581069007267,935,0.01066267843676953,False,0.0
T cells,TFAP2B,-0.09906337829968376,0.0067245276510997905,-0.1154550059740672,0.46948223560311697,0.0022455001293759202,935,0.0030083753388923753,False,0.0
T cells,ELF4,-0.11985355559579525,0.0015240150263761613,-0.11784996643768951,0.4668669036568774,0.0009081085246878786,935,0.0012463389046428618,False,0.0
T cells,HSF1,-0.11027800399710229,0.013589510149995506,-0.11873261927274903,0.46529427418855357,0.0005108268501367027,935,0.0007112200397980383,False,0.0
T cells,SREBF2(var.2),-0.1187953958973344,0.003750243734107452,-0.11885592218022126,0.4681037175882537,0.0014045738269876163,935,0.0019082960725291791,False,0.0
T cells,ZNF449,-0.0747946374038786,0.04614287088391868,-0.12138207973788379,0.4656763715587245,0.0005887274285092866,935,0.0008179914751883838,False,0.0
T cells,XBP1,-0.08719705330094764,0.04641597351681316,-0.12228013300053313,0.4633622798975538,0.00024401494090561826,935,0.00034544592403923423,False,0.0
T cells,TP63,-0.10933795485666907,0.02333289089572812,-0.12919661181129136,0.4627764063381609,0.00019367763817123418,935,0.0002762142136203079,False,0.0
T cells,ELF1,-0.12851932286329376,0.03379679842299473,-0.13237493511780893,0.4639959326435979,0.0003121355293048323,935,0.0004391169511708454,False,0.0
T cells,TFAP2C,-0.11136004537614394,0.011214552124615893,-0.1336716589140448,0.46751743565974413,0.0011442968818722965,935,0.0015625464677878204,False,0.0
T cells,ZNF148,-0.07834558937447726,-0.006073220741196236,-0.13433513714471065,0.46080684208842687,8.697062943143498e-05,935,0.00012671341976218435,False,0.0
T cells,MEIS1(var.2),-0.12732753123050447,0.0111612812534734,-0.13685742661258316,0.46323622996353947,0.00023224618897961594,935,0.00032901543438778924,False,0.0
T cells,HIC2,-0.09911460264312305,0.041936298331889284,-0.1371589443316965,0.461985667605235,0.00014106204381671185,935,0.00020282055056233697,False,0.0
T cells,SP4,-0.08325952245216645,0.02127565360995015,-0.13819408846382122,0.45797439389515393,2.5770913436430334e-05,935,3.854680804576604e-05,False,0.0
T cells,HOXB13,-0.11371718977507103,0.01623439947013569,-0.14096456525252,0.46442104489405883,0.00036741162837807,935,0.0005140205561610205,False,0.0
T cells,BSX,-0.10948109257015054,0.031269538123674286,-0.1410793954363952,0.45976386736443337,5.6071009732282186e-05,935,8.234602736000498e-05,False,0.0
T cells,NR2F6(var.3),-0.12307581524691827,0.02055569844553196,-0.1414067705606978,0.46207088062758167,0.0001460058184342838,935,0.00020955641766055776,False,0.0
T cells,MAX,-0.11098518597894594,0.033520946095382774,-0.14181131769740016,0.4591617951634123,4.331475892402699e-05,935,6.400712732162644e-05,False,0.0
T cells,KLF14,-0.09194330742484762,0.025168882898913215,-0.14294822304791174,0.45708469371295324,1.731063295591752e-05,935,2.6114400052066473e-05,False,0.0
T cells,MSGN1,-0.12817834511506612,0.02171062882322022,-0.1448196870062627,0.4619554482906009,0.00013934701174620747,935,0.00020049715843711076,False,0.0
T cells,SMAD5,-0.14069675665919337,0.007110248507745859,-0.14483922345414746,0.4575924326480219,2.1744092434115226e-05,935,3.2644377732256106e-05,False,0.0
T cells,NR4A2::RXRA,-0.12058480553017138,0.029103741860249277,-0.14532779400120485,0.45902349415589766,4.0801133472558646e-05,935,6.0380901986090806e-05,False,0.0
T cells,HOXB6,-0.1378562835175612,0.01508524554569741,-0.14624805463716115,0.45712580287069876,1.763481052228962e-05,935,2.6583622717281595e-05,False,0.0
T cells,PAX6,-0.16164633881572002,0.0032980567132674886,-0.14693190711673157,0.46355094642945865,0.0002626795202148879,935,0.00037083089280859615,False,0.0
T cells,ZNF341,-0.11739307092240657,0.02693761167621745,-0.14865031959809513,0.4582539906170389,2.9158010933394e-05,935,4.351652978108157e-05,False,0.0
T cells,MYB,-0.1304510079679381,0.027269147052635397,-0.14900985332013142,0.45811677859383537,2.7446098244987562e-05,935,4.102213280355363e-05,False,0.0
T cells,ZNF384,-0.1206054234348753,0.0061282391557910395,-0.15072032115235143,0.4610676538309447,9.690329464493871e-05,935,0.00014093124735205682,False,0.0
T cells,ZNF143,-0.1258678322426319,0.02618047614944707,-0.15233387559360007,0.45570658406720665,9.206726307595003e-06,935,1.4072691590679781e-05,False,0.0
T cells,HNF1A,-0.14564828487196693,0.006436043401529786,-0.15457199121077825,0.4571628283372775,1.7931728890656038e-05,935,2.7001032784367073e-05,False,0.0
T cells,DMRT3,-0.14008853763774176,0.013372146385648959,-0.15575744547793566,0.45586121983938843,9.891653920047697e-06,935,1.5085424711840551e-05,False,0.0
T cells,PAX7,-0.1422742402495301,0.0180848273390691,-0.1570579226139368,0.4538822630999708,3.880583850886111e-06,935,6.0295093166993874e-06,False,0.0
T cells,MAFA,-0.13688821692341668,0.0362596944811474,-0.16124167355511645,0.4552888224608459,7.5755461091411725e-06,935,1.1645387369903186e-05,False,0.0
T cells,SOX9,-0.13704268018934934,0.0299125369695805,-0.16349115482818644,0.45268519709595106,2.1633062065850397e-06,935,3.391219260690845e-06,False,0.0
T cells,RAX,-0.1406446597877043,0.0245471228667446,-0.16365541756355143,0.4560992990344112,1.1042146440245345e-05,935,1.675788615800175e-05,False,0.0
T cells,MAFF,-0.15275100524052895,0.027968387041956866,-0.1642238263962038,0.4520893865547191,1.609028489481305e-06,935,2.547995799781354e-06,False,0.0
T cells,OSR2,-0.14473576922437995,0.02183153235400595,-0.1658734327958713,0.4532791019146386,2.8958614219178117e-06,935,4.522059171393079e-06,False,0.0
T cells,NR1I2,-0.14138540535229824,0.025919168262993807,-0.16593488259252898,0.4501384711613133,5.959138498739415e-07,935,9.594378975686302e-07,False,0.0
T cells,EVX1,-0.15507154885490698,0.01859948180372537,-0.16897106695057923,0.45595432799799085,1.0327251345330623e-05,935,1.5702389681776664e-05,False,0.0
T cells,CREB3L1,-0.13191507888535964,0.04443818927395009,-0.16900752771757802,0.45069766460508326,7.951841587104822e-07,935,1.2762059127896115e-06,False,0.0
T cells,DLX6,-0.14838703554340404,0.02470990677257926,-0.16985422340275083,0.45425510410349706,4.642077912908832e-06,935,7.196110051965186e-06,False,0.0
T cells,TFAP2B(var.2),-0.1413244104439413,0.013656047352451317,-0.1711987756151935,0.451698577310059,1.322608553889292e-06,935,2.101835902999244e-06,False,0.0
T cells,HOXA4,-0.18998697414317392,0.016579825475814353,-0.17618847829859255,0.4491472231920989,3.54701559730378e-07,935,5.779792632577968e-07,False,0.0
T cells,TAL1::TCF3,-0.17716021210616795,0.01212954201228839,-0.17654773711821978,0.45073686804028423,8.113377052864457e-07,935,1.3010988329722392e-06,False,0.0
T cells,NR1I3,-0.17479613363968932,0.0011307001436006922,-0.17690945187790336,0.4505586829823741,7.403764144249235e-07,935,1.1901322895364484e-06,False,0.0
T cells,POU3F3,-0.19751999454210367,0.010399300183966707,-0.17936203137384038,0.4597047899655541,5.4677057629879525e-05,935,8.041562165412307e-05,False,0.0
T cells,NR4A1,-0.15688254034897978,0.02296490019666881,-0.1796065616551128,0.448665075388342,2.7464326711514155e-07,935,4.498812383594586e-07,False,0.0
T cells,ZNF282,-0.15907687627519265,0.027990603847795097,-0.17960799161993352,0.44803087815014236,1.9550014073585257e-07,935,3.229863492924702e-07,False,0.0
T cells,HSF4,-0.16567285816067828,0.025012408503216624,-0.1831707028492253,0.44783799180403183,1.7616204739867988e-07,935,2.9175261718176784e-07,False,0.0
T cells,SOX8,-0.1625233953336481,0.02732826871145961,-0.18485865631186726,0.449377271127827,4.0042779847913403e-07,935,6.501327739352233e-07,False,0.0
T cells,SOHLH2,-0.15942922683001082,0.026083784311327133,-0.18510879748209583,0.44757091840172497,1.524124144558806e-07,935,2.5356111385217636e-07,False,0.0
T cells,TP73,-0.16420139909730974,0.028207027069539668,-0.18615907313152594,0.4435258861779986,1.56170784924253e-08,935,2.697980340749477e-08,False,0.0
T cells,SOX4,-0.1776769401598378,0.015163435925324504,-0.1877286886120935,0.44973581921226957,4.832324018499424e-07,935,7.820633191539467e-07,False,0.0
T cells,NEUROD1,-0.18299014419862455,0.008693414403765146,-0.1880436622835729,0.44505658975034357,3.768382237489053e-08,935,6.417034736060903e-08,False,0.0
T cells,GSC2,-0.17137624250105743,0.02402247146380418,-0.19200328626169927,0.44679338360357157,9.958792508073645e-08,935,1.6705337681453554e-07,False,0.0
T cells,PAX9,-0.22754390122464532,0.0021280817263019123,-0.19244001308024494,0.45545094500016675,8.172729570565012e-06,935,1.2530073453014792e-05,False,0.0
T cells,NEUROG2(var.2),-0.18956020319584596,0.009577964014904287,-0.19726647658235563,0.44077048362473875,3.0194713406144466e-09,935,5.33251027679007e-09,False,0.0
T cells,THAP11,-0.17947036252212115,0.013693688710728538,-0.1981562577298138,0.43935044808301327,1.2576030910890482e-09,935,2.258438573700084e-09,False,0.0
T cells,GSC,-0.1857552722931784,0.016487699852607285,-0.19959109928164254,0.4424631736133656,8.359218053492022e-09,935,1.4559361276120845e-08,False,0.0
T cells,HES2,-0.1786201440966643,0.02398248634359047,-0.20445859405812214,0.44503889375528755,3.730688906992523e-08,935,6.355523081133367e-08,False,0.0
T cells,NFIC::TLX1,-0.1894395197163046,0.05464821740002499,-0.20637136821299945,0.44478407142648096,3.226806441151521e-08,935,5.518029949661476e-08,False,0.0
T cells,RXRA::VDR,-0.16960798053506423,0.038618079648866745,-0.20692513699328538,0.43830543151343637,6.518345359733559e-10,935,1.1810669648670836e-09,False,0.0
T cells,PITX3,-0.17996637603549825,0.029643989928233496,-0.2069845911046805,0.4397525555399014,1.614829204742632e-09,935,2.8935336414476034e-09,False,0.0
T cells,BACH2(var.2),-0.17540542277861051,0.05019893662177587,-0.20790788248743933,0.43580702925760534,1.2970448124734267e-10,935,2.391906705226747e-10,False,0.0
T cells,ZNF684,-0.160355055371697,0.04715553135706483,-0.20822777893165756,0.4434028309508398,1.4534985401777751e-08,935,2.518567491888342e-08,False,0.0
T cells,KLF13,-0.13784343394852985,0.06563639054680083,-0.21145945160818921,0.44057256072618917,2.6756350335710885e-09,935,4.737688991609901e-09,False,0.0
T cells,SP1,-0.12507527946804353,0.03747344621206975,-0.2129933207857946,0.43554458403862084,1.090827160514089e-10,935,2.0162113711466442e-10,False,0.0
T cells,HNF1B,-0.21073597632545976,0.011192651648411413,-0.21463477796221872,0.43996095991244566,1.837099174407818e-09,935,3.281634993224738e-09,False,0.0
T cells,TFAP4(var.2),-0.22340467538437692,0.01754820649144932,-0.21536111878711553,0.4402262637152469,2.1635281173850705e-09,935,3.852832201998238e-09,False,0.0
T cells,NR1D2,-0.20020555443692004,0.04105195391047321,-0.21684707438208498,0.4367601627759299,2.4187454886518204e-10,935,4.432175836542239e-10,False,0.0
T cells,YY1,-0.2018462515278184,0.011764325447562708,-0.22070651529437577,0.44103007025990654,3.536230700594438e-09,935,6.23696138387319e-09,False,0.0
T cells,TWIST1,-0.20693592501931865,0.028381074753292553,-0.22298179073651755,0.4374920963560543,3.8796335713275723e-10,935,7.073906007026299e-10,False,0.0
T cells,KLF2,-0.11665088504489281,0.03928035993690918,-0.2236351223223716,0.43740048555087974,3.657902556797743e-10,935,6.675630917818524e-10,False,0.0
T cells,ESR2,-0.1989408433417336,0.06238428830479125,-0.22594696057977115,0.4341354383400068,4.255682529381932e-11,935,8.001157766672535e-11,False,0.0
T cells,BHLHE23,-0.2178927907610146,0.017477011558533543,-0.22781448667474924,0.4339270339674625,3.696521602380425e-11,935,6.966057942818443e-11,False,0.0
T cells,NFYC,-0.17356314406717602,0.04933774817933004,-0.23000790353356443,0.4344132654623861,5.131398625123984e-11,935,9.607421951527829e-11,False,0.0
T cells,BCL6B,-0.20705903252512248,0.02986782217755212,-0.23264085705205237,0.43460519894722444,5.836943281863594e-11,935,1.0903172907857848e-10,False,0.0
T cells,TFAP4,-0.22020253678707497,0.034610253061998573,-0.23478394048229498,0.4336233434676936,3.008256141908429e-11,935,5.684915623615836e-11,False,0.0
T cells,MAX::MYC,-0.1859757641164492,0.05514117700897465,-0.23505429558856553,0.4328610544498962,1.7864159484518314e-11,935,3.404540239018422e-11,False,0.0
T cells,MZF1(var.2),-0.19018552962001886,0.033344913425960285,-0.23528305146162962,0.43472811805134426,6.337742355667435e-11,935,1.1827723971877512e-10,False,0.0
T cells,ZNF16,-0.19268471876256082,0.0358626947351396,-0.23571817257960423,0.43488588465342054,7.042455705438161e-11,935,1.3106612596229436e-10,False,0.0
T cells,RXRB(var.2),-0.18207371540086695,0.06703758467501039,-0.23631984548043616,0.43318026297609885,2.2236222593760295e-11,935,4.2238383387020727e-11,False,0.0
T cells,STAT3,-0.2150891646429446,0.038891704536803746,-0.23931756654307662,0.4275074714532972,3.9129868430963507e-13,935,7.825973686192701e-13,False,0.0
T cells,MLX,-0.2213802486592187,0.03128254887038271,-0.24126800517907546,0.43365614912006667,3.0760934599529013e-11,935,5.810398757688814e-11,False,0.0
T cells,MLXIPL,-0.2277788457470926,0.028639366235661826,-0.2435486873284689,0.4324788209566863,1.372649020398349e-11,935,2.6321032874557916e-11,False,0.0
T cells,TP53,-0.2213768426625277,0.03848301634324834,-0.243727103765419,0.42863470633836515,8.955845363499463e-13,935,1.773634377910858e-12,False,0.0
T cells,ATF6,-0.19360298155686073,0.0688953661726458,-0.24449949324555198,0.4312919641805835,6.001962588565175e-12,935,1.1635812474046332e-11,False,0.0
T cells,NR1H4::RXRA,-0.22216935031629917,0.04625975840458424,-0.2505921400614703,0.42491187734769703,5.5438203908065465e-14,935,1.1385937716346845e-13,False,0.0
T cells,ZBTB6,-0.1956478282487671,0.05087241526135967,-0.2512004696347085,0.42945525601680845,1.623495234363485e-12,935,3.1886707370071167e-12,False,0.0
T cells,CREB3,-0.21097225045289453,0.07187551557853786,-0.2550597122026546,0.4302031159924833,2.7758876722749303e-12,935,5.428342929929612e-12,False,0.0
T cells,IRF2,-0.337212598122896,0.011108583089264224,-0.25647436786486016,0.43087869463450623,4.485208426782435e-12,935,8.712027505886573e-12,False,0.0
T cells,MYC,-0.20334440370750775,0.06714672717554852,-0.26143880357018723,0.42558990620442005,9.295928247430601e-14,935,1.8966881335907317e-13,False,0.0
T cells,ZNF24,-0.2375798757925237,0.03992395374014372,-0.26904416187375985,0.4224892956245291,8.426365656954476e-15,935,1.7729108397315554e-14,False,0.0
T cells,NFKB2,-0.3317071280353825,0.04849465729155478,-0.27024488114231776,0.4301066047579086,2.5910391423418235e-12,935,5.069315459339951e-12,False,0.0
T cells,FOS,-0.8603187418424744,0.2758393132054916,-0.2728506231397819,0.44069997189059246,2.892310924301058e-09,935,5.114637237640769e-09,False,0.0
T cells,SOX14,-0.2396909519198589,0.03671663517041544,-0.27361432776386707,0.4219789703517215,5.624472952105641e-15,935,1.1883351208469673e-14,False,0.0
T cells,NEUROD2,-0.2655196527012353,0.023773251242632874,-0.2749021872361657,0.42230593789114107,7.289394098155372e-15,935,1.5360879438091998e-14,False,0.0
T cells,PAX1,-0.29360342062413536,0.02387877667373256,-0.27564587263471846,0.42841023944723156,7.602091391916065e-13,935,1.5092277611232778e-12,False,0.0
T cells,RFX4,-0.27033990632068045,0.026554621695669214,-0.2768882478034637,0.422477997412301,8.351522583982901e-15,935,1.7589932522017086e-14,False,0.0
T cells,NFYA,-0.2155185759259837,0.05506122481689339,-0.2769787706292863,0.4239567019837891,2.6559832746644217e-14,935,5.505178447383325e-14,False,0.0
T cells,PPARA::RXRA,-0.2530623173031147,0.040874337021074215,-0.27704661376558487,0.41833318700106653,2.906565549054377e-16,935,6.370511490505965e-16,False,0.0
T cells,TEAD3,-0.24770039462018803,0.04468542054973651,-0.27872516207352344,0.41997837004912,1.1247998739197166e-15,935,2.4181404303289978e-15,False,0.0
T cells,HES7,-0.23043929419138873,0.04995780150007369,-0.278867810926764,0.42183454380745666,5.014116972623887e-15,935,1.0615969268046179e-14,False,0.0
T cells,KLF6,-0.16943032609767586,0.07065716503551542,-0.2791396978724445,0.41776705128231306,1.8132450250787807e-16,935,4.002394638008045e-16,False,0.0
T cells,THRB(var.2),-0.23530735224736526,0.053062670087660475,-0.27929859199378076,0.41921172509407806,6.007015506069937e-16,935,1.3049869243639977e-15,False,0.0
T cells,POU2F3,-0.427965102460786,0.019079775491696524,-0.2793153686137541,0.4413997804335383,4.4234621563691015e-09,935,7.784831615776157e-09,False,0.0
T cells,RARG(var.3),-0.23745698936850593,0.06666231074281585,-0.28059572540020483,0.4169733178425315,9.307468067327075e-17,935,2.0668504830079774e-16,False,0.0
T cells,OLIG1,-0.28446742595966445,0.012694545944203649,-0.28182821930282803,0.41891402400802036,4.701048842264597e-16,935,1.0237052538106868e-15,False,0.0
T cells,MAFG,-0.2928760809470492,0.0604462817901582,-0.28558369711959924,0.41443857073531626,1.0612159518314415e-17,935,2.4203380727790375e-17,False,0.0
T cells,NR2C2,-0.22659069422051556,0.05474832735183686,-0.2936780851316736,0.4188708730046915,4.536610673220669e-16,935,9.88429013669942e-16,False,0.0
T cells,POU2F2,-0.4281148118665555,0.012830082240639652,-0.2948086753363936,0.43036973059208755,3.125899441373072e-12,935,6.1010077857189824e-12,False,0.0
T cells,MZF1,-0.2678025362473095,0.0447230136220111,-0.29500700043553785,0.4138490218538733,6.3461347161183826e-18,935,1.4555816928239783e-17,False,0.0
T cells,POU1F1,-0.3663158204930861,0.022860741298741997,-0.2952852730399043,0.43191499932959404,9.281936505741775e-12,935,1.790024552060592e-11,False,0.0
T cells,POU5F1B,-0.44252834515911543,0.017643317128838373,-0.29647797016953603,0.4341396581542124,4.267819194670999e-11,935,8.02024916936315e-11,False,0.0
T cells,RFX1,-0.27437006771190214,0.03696440213543332,-0.29772967278224854,0.4145448828286912,1.1638873802605671e-17,935,2.6515137052557738e-17,False,0.0
T cells,ZNF682,-0.20070065986512367,0.08676445829572937,-0.29899904060412447,0.4127526868986339,2.4170925925883578e-18,935,5.613981991740813e-18,False,0.0
T cells,HAND2,-0.28173768370154834,0.03008216194884282,-0.2990390544152835,0.4141587017673535,8.317414881929565e-18,935,1.9023324257935e-17,False,0.0
T cells,NEUROG1,-0.2850791676137644,0.030201230231150313,-0.30089689255486135,0.41482257382803167,1.4806184957409878e-17,935,3.361718537468034e-17,False,0.0
T cells,RELA,-0.38334146211119846,0.06914795025112624,-0.301817686720158,0.4151642426556516,1.9888588052616422e-17,935,4.490470271254802e-17,False,0.0
T cells,PITX1,-0.2659612085413431,0.044652485529107215,-0.30291346778044986,0.41226278008166023,1.5641984451442596e-18,935,3.656121842318703e-18,False,0.0
T cells,RFX5,-0.29317606413479896,0.03487060362766944,-0.30348152869476214,0.4157286087748995,3.22998207876313e-17,935,7.244183753146133e-17,False,0.0
T cells,CREB3L4,-0.2485864491943911,0.07032300749769857,-0.30355782897819295,0.41511129079352244,1.9000911775535508e-17,935,4.29964703824478e-17,False,0.0
T cells,POU2F1,-0.40113759161453305,0.023853601927384345,-0.3050608035922374,0.42739775628394994,3.607595985800586e-13,935,7.22233219126629e-13,False,0.0
T cells,HES5,-0.25318363918039116,0.06285281752038853,-0.3063476136700476,0.41256252301330126,2.0419844926389408e-18,935,4.7509311427355694e-18,False,0.0
T cells,NRL,-0.30872718225774265,0.053557264842866464,-0.30821574093436144,0.41234459002803453,1.6823841237955549e-18,935,3.930095938150586e-18,False,0.0
T cells,POU5F1,-0.4685558709535891,0.01337950242825894,-0.3092217793077475,0.4306599449110062,3.841698612808523e-12,935,7.48363629630394e-12,False,0.0
T cells,RARB(var.3),-0.26136368172948304,0.08652060231757801,-0.3125589539667697,0.41350299708900884,4.68548724016745e-18,935,1.078968774827405e-17,False,0.0
T cells,RBPJ,-0.258423352956653,0.04833430110521163,-0.31408935026615786,0.41251624118007785,1.959763410760028e-18,935,4.5648835693351026e-18,False,0.0
T cells,SREBF1(var.2),-0.2881486744600701,0.04235566265938079,-0.3144257433007011,0.40951323081907276,1.3013093623078523e-19,935,3.119133696621783e-19,False,0.0
T cells,POU3F2,-0.38585022527045976,0.024124706247604287,-0.3150812990482255,0.4199982440127983,1.1431511195288191e-15,935,2.456287535641849e-15,False,0.0
T cells,HEY1,-0.26197874802234306,0.0590757606303219,-0.31761019769325527,0.410385779498373,2.888059688600105e-19,935,6.885733353020638e-19,False,0.0
T cells,MYCN,-0.26421859960660277,0.0817747269177365,-0.3203062164099083,0.40669670902135024,9.428093048981204e-21,935,2.3189096946004835e-20,False,0.0
T cells,POU3F1,-0.38198364370046994,0.0282749131172049,-0.3234750970014296,0.41792386502311707,2.0670741241524203e-16,935,4.555218903224778e-16,False,0.0
T cells,NR1H2::RXRA,-0.317955491357422,0.05588816561467795,-0.332306933203545,0.3970895533054417,6.743114729682982e-25,935,1.82005618387574e-24,False,0.0
T cells,PAX5,-0.28394188984708646,0.0630517575633957,-0.33281863425926783,0.39969889583797,9.866909606523057e-24,935,2.6092494292805418e-23,False,0.0
T cells,HEY2,-0.2789378470154998,0.06863782444390439,-0.3348951195276388,0.4057517428853592,3.839767754387053e-21,935,9.548678754917035e-21,False,0.0
T cells,PPARG,-0.3038808535709366,0.05793226914225584,-0.3356016975338814,0.40918544654141986,9.626526561801275e-20,935,2.314255880513842e-19,False,0.0
T cells,TCF21(var.2),-0.3311364014946913,0.031344149437395843,-0.34356987782211934,0.401502798349372,6.062139072134945e-23,935,1.5732786841474014e-22,False,0.0
T cells,RFX3,-0.32804157914438775,0.03476904413556541,-0.3450220193823444,0.4009979179981201,3.659050074128515e-23,935,9.563641214421171e-23,False,0.0
T cells,SOX2,-0.31300880409108817,0.06017109655568843,-0.3470492566515964,0.3992015022538572,5.9472106451903196e-24,935,1.5747653318350806e-23,False,0.0
T cells,OLIG2,-0.34113317184636177,0.027657346671920425,-0.3488742442203828,0.3981835741690199,2.0942159391803005e-24,935,5.596563863886061e-24,False,0.0
T cells,NR2F1(var.3),-0.31866847693812517,0.06270105548601196,-0.35079660602145096,0.40344418513005537,4.125590666216872e-22,935,1.0478430530768026e-21,False,0.0
T cells,PBX3,-0.3096964826030569,0.09401798757035004,-0.35111191296906435,0.39826960392959987,2.288253658203886e-24,935,6.1070410957077334e-24,False,0.0
T cells,LHX1,-0.32029657513724,0.04623591494677033,-0.3511630668078021,0.4027850773757384,2.16047298762761e-22,935,5.518480876225575e-22,False,0.0
T cells,ATOH7,-0.3461738840935097,0.03783712109414807,-0.3529934725208145,0.39992009577617016,1.2348594957254044e-23,935,3.261254255682106e-23,False,0.0
T cells,BCL6,-0.32024698398969165,0.037968636483849426,-0.3531902285130428,0.4035170109558628,4.4300889625675055e-22,935,1.1230664124403587e-21,False,0.0
T cells,VDR,-0.30525693654191793,0.06119082153409715,-0.35421859485632445,0.39530416352732906,1.0341535515157134e-25,935,2.850262445117559e-25,False,0.0
T cells,RFX2,-0.34262768117566667,0.04867512965873439,-0.35666314411002,0.4019121203273215,9.111249610751791e-23,935,2.351027801345775e-22,False,0.0
T cells,DLX5,-0.33358978885937296,0.04042320457517101,-0.35669912099856926,0.3985967075920583,3.202817383701867e-24,935,8.503017804762305e-24,False,0.0
T cells,TFAP2C(var.2),-0.25821471951374514,0.0474771458017968,-0.35751804449418645,0.40065039587982787,2.581125072445816e-23,935,6.785725823986856e-23,False,0.0
T cells,NFKB1,-0.41001528049979763,0.06006532089561654,-0.35761177267294314,0.39725480667465707,8.008169726154565e-25,935,2.1586312266503243e-24,False,0.0
T cells,TEAD2,-0.3178423508032107,0.055930550073724036,-0.35812011723726356,0.3945859783741328,4.8212185375681487e-26,935,1.338822937748849e-25,False,0.0
T cells,RXRG(var.2),-0.3198842226740051,0.10038174060853422,-0.3585525881294627,0.39590909431216686,1.958940034853607e-25,935,5.355318500687631e-25,False,0.0
T cells,BHLHE22,-0.359570177722056,0.02412784656591364,-0.3626058230173236,0.396631227033491,4.179659290419395e-25,935,1.1326792691920209e-24,False,0.0
T cells,OLIG3,-0.35342694682206827,0.027761816369374342,-0.3635553732327922,0.39512257539344664,8.530922801018638e-26,935,2.3592695593247714e-25,False,0.0
T cells,POU3F4,-0.46457164282215996,0.03389030841803847,-0.3670194890141717,0.4026557604887906,1.9019943232694792e-22,935,4.867469343420818e-22,False,0.0
T cells,REL,-0.4611901521442062,0.09328306657225106,-0.3690778491259432,0.3962515798780201,2.80797472179557e-25,935,7.645400891241504e-25,False,0.0
T cells,BHLHE41,-0.33161929466655155,0.062401542769267,-0.36923716747165003,0.3962683230118039,2.85775369030853e-25,935,7.770478112223328e-25,False,0.0
T cells,NEUROG2,-0.36314626767171826,0.03089080325372229,-0.370285099636111,0.3938664319905476,2.232890608882953e-26,935,6.243452248472999e-26,False,0.0
T cells,PLAG1,-0.2659641032126682,0.045992060007678345,-0.3723034096585879,0.391528246551493,1.7666478431408973e-27,935,5.0408019558166925e-27,False,0.0
T cells,NR2C1,-0.38121390878471384,0.10444553575914291,-0.37492572089528836,0.38936252900271495,1.605584527862623e-28,935,4.69378251425735e-28,False,0.0
T cells,RARA::RXRA,-0.3356818524654088,0.08324024964209815,-0.37934904181691614,0.3864259466846894,5.768095640280126e-30,935,1.736437125042663e-29,False,0.0
T cells,RELB,-0.3583802931413375,0.06954236547308533,-0.3804377249437703,0.38923212313145605,1.387627354586296e-28,935,4.062474874570299e-28,False,0.0
T cells,PKNOX1,-0.340065440395994,0.0888552708394047,-0.38301346290429855,0.38705782983122783,1.188564913860555e-29,935,3.549028517697273e-29,False,0.0
T cells,NFIB,-0.3601283775593283,0.10459676798084429,-0.3845295840692282,0.3910761819393313,1.0750294643876065e-27,935,3.0739005038249157e-27,False,0.0
T cells,RARA::RXRG,-0.3503375929988668,0.107629123460422,-0.3852524051853284,0.38697928683778693,1.0866453981018169e-29,935,3.251898876272153e-29,False,0.0
T cells,IRF3,-0.5087488984785927,0.045330219234538977,-0.38677065465481353,0.3902912964970778,4.5161535916134045e-28,935,1.304236790268939e-27,False,0.0
T cells,JUN::JUNB(var.2),-0.3765447986710338,0.10960753279493919,-0.38798223850208047,0.38923960989859513,1.399305165306742e-28,935,4.093701156060071e-28,False,0.0
T cells,DUXA,-0.37446172937968486,0.05977859802990618,-0.39346512143568324,0.38907980145093546,1.16996067581393e-28,935,3.4351675575784905e-28,False,0.0
T cells,NFIC(var.2),-0.39622597245456237,0.10100239162933615,-0.39596785829623043,0.38745585359694923,1.8703376181883064e-29,935,5.572449192334232e-29,False,0.0
T cells,HSF2,-0.37631754170584525,0.0643000120553318,-0.39641842113932857,0.3864043031215055,5.626611595725444e-30,935,1.6951057718767793e-29,False,0.0
T cells,BHLHE40,-0.3620110824405692,0.05274628492033769,-0.40184439547987416,0.3834994374715418,1.92445972142619e-31,935,5.921189378623852e-31,False,0.0
T cells,SOX13,-0.36789509979214,0.07220366143084787,-0.4025785631423495,0.3842899039583899,4.8621636100926535e-31,935,1.4858243177065615e-30,False,0.0
T cells,MITF,-0.39076959659733485,0.06505829141118499,-0.4051702314183513,0.3835316986317593,1.998893723085285e-31,935,6.145534957145185e-31,False,0.0
T cells,CREB3L4(var.2),-0.3797469926771885,0.1020415097497099,-0.40809105640776794,0.38422647062226606,4.5146884047550485e-31,935,1.3806824856869937e-30,False,0.0
T cells,MXI1,-0.4038546106988519,0.06769766240090128,-0.4098229339430895,0.37907244400068335,9.551273876293844e-34,935,3.062159596155697e-33,False,0.0
T cells,TEAD1,-0.36069730226673036,0.07055476931940197,-0.40985246970636374,0.38295712328459447,1.0152887439645845e-31,935,3.1286049185687047e-31,False,0.0
T cells,ESRRB,-0.4114583232544122,0.0932048347358269,-0.41171519028404074,0.37622856147214345,2.8517013043168403e-35,935,9.426457089269555e-35,False,0.0
T cells,ESRRA,-0.42056745012792773,0.0961437599550702,-0.4199632218803847,0.37634290482481303,3.289219002379344e-35,935,1.0854959285176858e-34,False,0.0
T cells,ESR1,-0.40738671351636224,0.08044814729514747,-0.4212643220953824,0.37729481323578756,1.073874388087923e-34,935,3.5124460583700372e-34,False,0.0
T cells,RXRG,-0.3927862780190244,0.07938802369550181,-0.4241165090134167,0.3801717736627783,3.632218896168598e-33,935,1.156251585672553e-32,False,0.0
T cells,JUNB(var.2),-0.4096894772090508,0.11163381954507079,-0.42963432845658794,0.3781477601974873,3.076540024637474e-34,935,9.998137300950377e-34,False,0.0
T cells,ARNT2,-0.40184037653340354,0.06546698493662519,-0.4414469703430679,0.3780011556846002,2.5687311724454486e-34,935,8.354570999770326e-34,False,0.0
T cells,TEAD4,-0.41628230293278146,0.06793036861480334,-0.4430408880912793,0.3735307389643351,9.465072210697404e-37,935,3.2046595953541174e-36,False,0.0
T cells,CREM,-0.45950683655943425,0.12821275581781164,-0.44595978872926395,0.36996771842132664,9.431003520711592e-39,935,3.3123125212499225e-38,False,0.0
T cells,RXRB,-0.4150541464997239,0.08928723974953545,-0.4491056251166289,0.3718513890335196,1.0954107684249646e-37,935,3.78159724321451e-37,False,0.0
T cells,GMEB2,-0.41673064182502584,0.08133434574863807,-0.451174512520901,0.3686791777351713,1.7265327549128124e-39,935,6.143844790129498e-39,False,0.0
T cells,ZNF460,-0.2644244792804414,0.05499001724777135,-0.45491784935292856,0.366933808130493,1.6861727951258464e-40,935,6.102196000965273e-40,False,0.0
T cells,RHOXF1,-0.4458164023931803,0.07630764670984505,-0.465785599205593,0.36557108038814123,2.6849953818392517e-41,935,9.822324877867641e-41,False,0.0
T cells,OTX2,-0.4453204766265918,0.06067685705344144,-0.4735336437756517,0.36424660321971825,4.4225833447162806e-42,935,1.6386238290038527e-41,False,0.0
T cells,THRB,-0.4311810263496698,0.09059190404085221,-0.47753185137542686,0.3639777602179058,3.0602745298180895e-42,935,1.138039590776102e-41,False,0.0
T cells,RARA(var.2),-0.48317603316681207,0.09666666787712996,-0.4799280601138337,0.36315761890857906,9.907914431872172e-43,935,3.718684767287088e-42,False,0.0
T cells,JDP2(var.2),-0.5251096975677788,0.14855406094126306,-0.4868425841133611,0.3608609509963866,4.0638429607944493e-44,935,1.5526259319522512e-43,False,0.0
T cells,EBF1,-0.48918902589658425,0.06663799864296076,-0.48799081072847356,0.3596629321310947,7.522095128670402e-45,935,2.929200855688205e-44,False,0.0
T cells,THRB(var.3),-0.511966908483376,0.11888476961294894,-0.49182916376175456,0.3571816813781641,2.184020479426793e-46,935,8.7751210126721e-46,False,0.0
T cells,NR2F1(var.2),-0.482476486856435,0.09621172446153962,-0.498363412737621,0.3574083262379199,3.025279369296968e-46,935,1.2143135246205885e-45,False,0.0
T cells,NR1D1,-0.5267679684529648,0.10974293564625157,-0.5022862197765292,0.352855418956086,3.939263626870724e-49,935,1.6482172320908943e-48,False,0.0
T cells,FOS::JUN(var.2),-0.5756305543857779,0.14706711681367723,-0.5038120541380235,0.3534671558928684,9.734657497509356e-49,935,4.0354942863650464e-48,False,0.0
T cells,KLF3,-0.3554300116731418,0.09559500120334367,-0.5064732458186262,0.35538757972556234,1.6264085498732298e-47,935,6.653639022029411e-47,False,0.0
T cells,NR1H4,-0.6027939257538409,0.11511523619726394,-0.5065028111629615,0.3551162865090498,1.095070424502488e-47,935,4.498126840139153e-47,False,0.0
T cells,PPARD,-0.48216499777979155,0.0970418109800393,-0.5093555172666422,0.3548877359267495,7.842820545357022e-48,935,3.228082596797e-47,False,0.0
T cells,PITX2,-0.4802502276069603,0.07891416729876445,-0.5106534532050186,0.35340998421653363,8.946831055969931e-49,935,3.712705482303009e-48,False,0.0
T cells,TFAP2A,-0.438831375900488,0.0918155534246002,-0.511034822968916,0.35337595345681055,8.508366270864034e-49,935,3.5343788431125136e-48,False,0.0
T cells,HNF4A(var.2),-0.49705036455881585,0.09318866689565253,-0.5170431724526672,0.35302121681745696,5.035744937108726e-49,935,2.0983134928467464e-48,False,0.0
T cells,PRDM4,-0.4864351876970507,0.059647359083099906,-0.5175924778965103,0.35064641428094023,1.4558394689239766e-50,935,6.187317742926901e-50,False,0.0
T cells,FOSB::JUN,-0.5573217206345273,0.1485635238011133,-0.5188209325890385,0.3490513245111992,1.3053209162993619e-51,935,5.636423081480489e-51,False,0.0
T cells,MAF::NFE2,-1.4410710810054503,0.2747154198387418,-0.5197277938414857,0.38138286033980395,1.560290274489407e-32,935,4.897544181989249e-32,False,0.0
T cells,MAFK,-1.0786579448556923,0.23886446616568285,-0.5198483259763599,0.3707512426331913,2.6267867101557113e-38,935,9.154159370620162e-38,False,0.0
T cells,TFEC,-0.47937330481062473,0.09405727435918297,-0.5218046785272985,0.3512092830467603,3.389077574024719e-50,935,1.4343313665799176e-49,False,0.0
T cells,FOSL1::JUND(var.2),-0.5438072405701144,0.12481426642452692,-0.5230149396018061,0.3478328871900734,2.0333591397502906e-52,935,8.865270559730253e-52,False,0.0
T cells,NR2C2(var.2),-0.6626582925380704,0.1188897561713286,-0.5234274959314855,0.34958724091531856,2.9434094531677553e-51,935,1.2615502804572817e-50,False,0.0
T cells,NR6A1,-0.49118519048260206,0.08199478729907035,-0.5245402249392584,0.34962821395002514,3.131828385683129e-51,935,1.340886523648036e-50,False,0.0
T cells,TFE3,-0.5003048265145937,0.09411628726686079,-0.5247387157335154,0.3492834142925107,1.856957372459675e-51,935,7.967390804848192e-51,False,0.0
T cells,DMRTC2,-0.5004636084154146,0.05803810255126448,-0.5251247626998671,0.3501411255605717,6.800102741758097e-51,935,2.896127967700343e-50,False,0.0
T cells,TFEB,-0.518522015738449,0.10059572522084363,-0.5260039377332095,0.3490423403906323,1.2876171284904577e-51,935,5.565917630205546e-51,False,0.0
T cells,ZNF528,-0.5161350478109177,0.09069823240537186,-0.5265677779150506,0.3450065645335506,2.572305160246289e-54,935,1.1538300086869718e-53,False,0.0
T cells,ETV6,-0.6385460546053895,0.11279821058810105,-0.5268203663360412,0.3405969948116704,2.3993188719661615e-57,935,1.1145400867939254e-56,False,0.0
T cells,DMRTA2,-0.5112567387429018,0.06200072676853191,-0.5275145752766308,0.34921181357405334,1.6657106410839007e-51,935,7.16202471182302e-51,False,0.0
T cells,NR4A2,-0.6007080199905667,0.1445721707357487,-0.5282307597552652,0.3445408876174997,1.2424932820010017e-54,935,5.591910810874364e-54,False,0.0
T cells,PRDM1,-0.4717160462083444,0.0558011832494504,-0.528831837185029,0.34965135486663684,3.24350171262004e-51,935,1.3872312821628625e-50,False,0.0
T cells,EBF3,-0.5729406958248672,0.08056652789012196,-0.5289307163365807,0.34418560648599056,7.12118928152407e-55,935,3.212077127429921e-54,False,0.0
T cells,HNF4A,-0.5101612652583045,0.09180589539907205,-0.531156801679175,0.34909338653021693,1.3914846137187455e-51,935,5.995930186834165e-51,False,0.0
T cells,FOSB::JUNB(var.2),-0.5533524246168855,0.13773998464548914,-0.5363326784207578,0.34856345953980883,6.2110339346432325e-52,935,2.693445155366186e-51,False,0.0
T cells,FOSL2::JUN(var.2),-0.6175013064788244,0.15936584547372887,-0.5379816757966625,0.3434384271255102,2.199724240374326e-55,935,9.977672955778613e-55,False,0.0
T cells,ATF2,-0.7720397208771085,0.18560762180010168,-0.5470368052374833,0.341534882549639,1.0756241478844454e-56,935,4.962343560251387e-56,False,0.0
T cells,EWSR1-FLI1,-0.5120319567391866,0.09181190758545577,-0.5489154209928082,0.33999274464202706,9.084067895054919e-58,935,4.2490333761147054e-57,False,0.0
T cells,CREB1,-0.743483319494424,0.18942625002694916,-0.5491865583043419,0.34360585846334785,2.863539161698019e-55,935,1.2959596698244054e-54,False,0.0
T cells,USF1,-0.6276104903586873,0.13202651273518903,-0.5517628838335588,0.3352168678224874,3.70395065808702e-61,935,1.8099256476594303e-60,False,0.0
T cells,FOSL2::JUNB(var.2),-0.5945361274369808,0.15786546745171934,-0.5525304090407757,0.3416681470047146,1.3302489288790486e-56,935,6.116121779823444e-56,False,0.0
T cells,JUND(var.2),-0.7410228088674456,0.17189888919782687,-0.5527425945320794,0.3427000957625579,6.852470821526101e-56,935,3.1327793156943055e-55,False,0.0
T cells,FOSL1::JUN(var.2),-0.5930200339660756,0.15075130812819348,-0.5586217343591701,0.33934629633032704,3.200826577396324e-58,935,1.5182349744602025e-57,False,0.0
T cells,ATF7,-0.5905649761430349,0.15557924425224218,-0.5589765676019957,0.338390031982108,6.789018103253823e-59,935,3.235378945319784e-58,False,0.0
T cells,ZNF140,-0.5430156021413627,0.08695017082013658,-0.5631105355190107,0.3363534951972389,2.4229447359671116e-60,935,1.1712346955463482e-59,False,0.0
T cells,NR5A1,-0.6287972191942899,0.14389330447104984,-0.5634496230732846,0.3360700870302649,1.518748018685015e-60,935,7.367931035491092e-60,False,0.0
T cells,NR2F2,-0.667552403097307,0.13273733078029387,-0.5664695893765216,0.33306830177660984,1.0267800621886165e-62,935,5.103626697315899e-62,False,0.0
T cells,FOSL2::JUND(var.2),-0.673938925519595,0.1615836780196928,-0.5781700003945933,0.3329344928293786,8.200417490867877e-63,935,4.081044178112107e-62,False,0.0
T cells,NFYB,-0.5511643662474531,0.13544549114372695,-0.5972958156009173,0.32635988617391487,1.0485800045087798e-67,935,5.50266497826527e-67,False,0.0
T cells,ELF3,-0.8693243459399913,0.14499397027446706,-0.6097908624790829,0.3203535932058269,2.4342757776936594e-72,935,1.3381901897484437e-71,False,0.0
T cells,RARA,-0.6797577420916852,0.10923474239605026,-0.6165426483884936,0.31953209066611127,5.499911114093333e-73,935,3.0441368491958445e-72,False,0.0
T cells,JUN,-1.1186679790302445,0.24925353006614895,-0.6525736003713285,0.32341922016472247,5.905513894590724e-70,935,3.156368456738979e-69,False,0.0
T cells,MEF2D,-0.7861087904769066,0.09140808554419656,-0.6662710125109624,0.302925352167317,1.129353594938063e-86,935,7.117390412958572e-86,False,0.0
T cells,ZBTB26,-0.6714952489906147,0.10209652695015542,-0.6676975784158041,0.3076949673270676,1.2781948698822341e-82,935,7.753487921354602e-82,False,0.0
T cells,ZKSCAN5,-0.7678541939926727,0.14415366632264934,-0.6700997620509904,0.3024604919894995,4.492152937736933e-87,935,2.8487853896682805e-86,False,0.0
T cells,GFI1,-0.6873979646303396,0.1148581946382343,-0.7086161716141184,0.29851305998465893,1.6397637642901838e-90,935,1.0615174704508934e-89,False,0.0
T cells,MEF2B,-0.8914136670168006,0.11020237912744217,-0.7093601555666508,0.28950511788595473,1.308091002163821e-98,935,9.000911895841531e-98,False,0.0
T cells,ZNF135,-0.7011851351557485,0.13774128092519222,-0.713823892880075,0.2966385096160718,3.6191195070018505e-92,935,2.37710349437167e-91,False,0.0
T cells,MEF2C,-0.7412720304309574,0.08700307259273053,-0.7263837059141277,0.29105338133031683,3.4167521196402755e-97,935,2.315607885437949e-96,False,0.0
T cells,MEF2A,-0.7512017962731734,0.09190929903859552,-0.7527816762852012,0.28330090201931724,2.1579337878944883e-104,935,1.5618962622220213e-103,False,0.0
T cells,NR2F1,-1.045855276821468,0.20511986223568998,-0.7679782329547509,0.2779266283208066,1.5480927296941076e-109,935,1.1642347926286914e-108,False,0.0
T cells,STAT1::STAT2,-1.2632882041082945,0.14606054674326133,-0.7720371874402765,0.2730323244574306,2.48764250696008e-114,935,1.9244744900880466e-113,False,0.0
T cells,IKZF1,-1.1611335493369843,0.16481007065973852,-0.7899339941061463,0.26940736793172615,5.998083605474871e-118,935,4.786636344724128e-117,False,0.0
T cells,EHF,-1.5485190885438704,0.24934761207326167,-0.8056508453874186,0.2689716380842316,2.1842436783948883e-118,935,1.7534622862670074e-117,False,0.0
T cells,TEF,-1.2944218416403799,0.2119732931288117,-0.8410710444740547,0.2585060904850676,3.58272016475331e-129,935,3.124070212627563e-128,False,0.0
T cells,CEBPB,-2.8745694011449334,0.47690327460349763,-0.8602581656452767,0.26550145345374776,6.54510834106999e-122,935,5.3933825555945375e-121,False,0.0
T cells,ELF5,-1.2999555929929623,0.21460390648254743,-0.8620362259898375,0.2492595246991851,4.257863435880613e-139,935,3.960302404959302e-138,False,0.0
T cells,CEBPG(var.2),-3.0240634631901857,0.42641475069112356,-0.8644383865004339,0.27076151992262765,1.3682446456471843e-116,935,1.081233952400099e-115,False,0.0
T cells,DBP,-1.2572133371341248,0.21169117032876164,-0.8792404989960478,0.24852269068966057,6.642087925400464e-140,935,6.235240776373614e-139,False,0.0
T cells,IRF1,-1.3246629125355274,0.1537730531982098,-0.880907753418288,0.2473231744709408,3.1893191438657465e-141,935,3.0079219711144083e-140,False,0.0
T cells,HLF,-2.395684100784205,0.33818506387189123,-0.9076017726395148,0.24423998764002808,1.218158660533117e-144,935,1.170705449053917e-143,False,0.0
T cells,SPIC,-3.8596183794166197,0.528007611846497,-1.1243363226432088,0.19387487161895894,2.5051858345590757e-206,935,3.5943198179524897e-205,False,0.0
