Model,Training_Time_s,Prediction_Time_s,Test_Accuracy,Efficiency_Score,Speed_Rank,Accuracy_Rank,Efficiency_Rank
Random Forest,0.34145355224609375,0.1170957088470459,0.9387755102040817,2.749350545714879,1,3,1
Gradient Boosting,482.1617395877838,0.11354756355285645,0.9365079365079365,0.001942310763414344,5,4,5
Logistic Regression,0.38527870178222656,0.07913708686828613,0.9659863945578231,2.5072405769884303,2,1,2
SVM,17.446560621261597,4.50066876411438,0.9115646258503401,0.05224895872825753,4,5,4
Neural Network,2.851532459259033,0.1086277961730957,0.9659863945578231,0.33876044139747696,3,1,3
